INFO 2025-01-13 22:39:55,774 autoreload Watching for file changes with StatReloader
DEBUG 2025-01-13 22:39:55,774 autoreload Waiting for apps ready_event.
DEBUG 2025-01-13 22:39:55,849 autoreload Apps ready_event triggered. Sending autoreload_started signal.
DEBUG 2025-01-13 22:39:55,873 autoreload Watching dir C:\Users\SIM\Desktop\DJANGO\Proiect1\aplicatie_exemplu\templates with glob **/*.
DEBUG 2025-01-13 22:39:55,873 autoreload Watching dir C:\Users\SIM\Desktop\DJANGO\Proiect1\aplicatie\templates with glob **/*.
DEBUG 2025-01-13 22:39:55,873 autoreload Watching dir C:\Users\SIM\Desktop\DJANGO\Proiect1\locale with glob **/*.mo.
DEBUG 2025-01-13 22:39:55,881 autoreload Watching dir C:\Users\SIM\Desktop\DJANGO\Proiect1\aplicatie_exemplu\locale with glob **/*.mo.
DEBUG 2025-01-13 22:39:56,029 utils (0.016) 
            SELECT
                c.relname,
                CASE
                    WHEN c.relispartition THEN 'p'
                    WHEN c.relkind IN ('m', 'v') THEN 'v'
                    ELSE 't'
                END,
                obj_description(c.oid, 'pg_class')
            FROM pg_catalog.pg_class c
            LEFT JOIN pg_catalog.pg_namespace n ON n.oid = c.relnamespace
            WHERE c.relkind IN ('f', 'm', 'p', 'r', 'v')
                AND n.nspname NOT IN ('pg_catalog', 'pg_toast')
                AND pg_catalog.pg_table_is_visible(c.oid)
        ; args=None; alias=default
DEBUG 2025-01-13 22:39:56,037 utils (0.016) SELECT "django_migrations"."id", "django_migrations"."app", "django_migrations"."name", "django_migrations"."applied" FROM "django_migrations"; args=(); alias=default
DEBUG 2025-01-13 22:39:56,094 autoreload File C:\Users\SIM\AppData\Roaming\Python\Python311\site-packages\django\db\models\expressions.py first seen with mtime 1730363519.16236
DEBUG 2025-01-13 22:39:56,094 autoreload File C:\Users\SIM\AppData\Local\Programs\Python\Python311\Lib\wsgiref\handlers.py first seen with mtime 1686106818.0
DEBUG 2025-01-13 22:39:56,094 autoreload File C:\Users\SIM\AppData\Roaming\Python\Python311\site-packages\django\contrib\messages\utils.py first seen with mtime 1730363517.0118935
DEBUG 2025-01-13 22:39:56,094 autoreload File C:\Users\SIM\AppData\Local\Programs\Python\Python311\Lib\contextlib.py first seen with mtime 1686106818.0
DEBUG 2025-01-13 22:39:56,094 autoreload File C:\Users\SIM\AppData\Roaming\Python\Python311\site-packages\django\templatetags\__init__.py first seen with mtime 1730363519.4523761
DEBUG 2025-01-13 22:39:56,094 autoreload File C:\Users\SIM\AppData\Roaming\Python\Python311\site-packages\sqlparse\utils.py first seen with mtime 1730363510.8419755
DEBUG 2025-01-13 22:39:56,094 autoreload File C:\Users\SIM\AppData\Local\Programs\Python\Python311\Lib\linecache.py first seen with mtime 1686106818.0
DEBUG 2025-01-13 22:39:56,094 autoreload File C:\Users\SIM\AppData\Roaming\Python\Python311\site-packages\django\utils\safestring.py first seen with mtime 1730363519.5421522
DEBUG 2025-01-13 22:39:56,094 autoreload File C:\Users\SIM\AppData\Roaming\Python\Python311\site-packages\django\dispatch\dispatcher.py first seen with mtime 1730363519.2213213
DEBUG 2025-01-13 22:39:56,094 autoreload File C:\Users\SIM\AppData\Local\Programs\Python\Python311\Lib\asyncio\taskgroups.py first seen with mtime 1686106818.0
DEBUG 2025-01-13 22:39:56,094 autoreload File C:\Users\SIM\AppData\Roaming\Python\Python311\site-packages\django\utils\asyncio.py first seen with mtime 1730363519.5025089
DEBUG 2025-01-13 22:39:56,094 autoreload File C:\Users\SIM\AppData\Local\Programs\Python\Python311\Lib\sysconfig.py first seen with mtime 1686106818.0
DEBUG 2025-01-13 22:39:56,102 autoreload File C:\Users\SIM\AppData\Roaming\Python\Python311\site-packages\django\utils\dates.py first seen with mtime 1730363519.5096915
DEBUG 2025-01-13 22:39:56,103 autoreload File C:\Users\SIM\AppData\Roaming\Python\Python311\site-packages\django\core\files\storage\__init__.py first seen with mtime 1730363518.8861403
DEBUG 2025-01-13 22:39:56,103 autoreload File C:\Users\SIM\AppData\Local\Programs\Python\Python311\Lib\threading.py first seen with mtime 1686106818.0
DEBUG 2025-01-13 22:39:56,103 autoreload File C:\Users\SIM\AppData\Roaming\Python\Python311\site-packages\django\core\checks\templates.py first seen with mtime 1730363518.8527594
DEBUG 2025-01-13 22:39:56,103 autoreload File C:\Users\SIM\AppData\Roaming\Python\Python311\site-packages\django\utils\translation\trans_real.py first seen with mtime 1730363519.5518892
DEBUG 2025-01-13 22:39:56,103 autoreload File C:\Users\SIM\AppData\Roaming\Python\Python311\site-packages\django\db\backends\base\client.py first seen with mtime 1730363519.018852
DEBUG 2025-01-13 22:39:56,103 autoreload File C:\Users\SIM\AppData\Local\Programs\Python\Python311\Lib\email\_parseaddr.py first seen with mtime 1686106818.0
DEBUG 2025-01-13 22:39:56,103 autoreload File C:\Users\SIM\AppData\Local\Programs\Python\Python311\Lib\http\server.py first seen with mtime 1686106818.0
DEBUG 2025-01-13 22:39:56,103 autoreload File C:\Users\SIM\AppData\Local\Programs\Python\Python311\Lib\base64.py first seen with mtime 1686106818.0
DEBUG 2025-01-13 22:39:56,103 autoreload File C:\Users\SIM\AppData\Roaming\Python\Python311\site-packages\django\utils\version.py first seen with mtime 1730363519.5518892
DEBUG 2025-01-13 22:39:56,103 autoreload File C:\Users\SIM\AppData\Roaming\Python\Python311\site-packages\django\db\models\aggregates.py first seen with mtime 1730363519.1506968
DEBUG 2025-01-13 22:39:56,103 autoreload File C:\Users\SIM\AppData\Local\Programs\Python\Python311\Lib\asyncio\transports.py first seen with mtime 1686106818.0
DEBUG 2025-01-13 22:39:56,103 autoreload File C:\Users\SIM\AppData\Roaming\Python\Python311\site-packages\django\contrib\admin\actions.py first seen with mtime 1730363512.6853182
DEBUG 2025-01-13 22:39:56,103 autoreload File C:\Users\SIM\AppData\Roaming\Python\Python311\site-packages\django\http\__init__.py first seen with mtime 1730363519.3856273
DEBUG 2025-01-13 22:39:56,103 autoreload File C:\Users\SIM\AppData\Roaming\Python\Python311\site-packages\django\contrib\auth\admin.py first seen with mtime 1730363514.6305225
DEBUG 2025-01-13 22:39:56,103 autoreload File C:\Users\SIM\AppData\Roaming\Python\Python311\site-packages\django\db\models\functions\window.py first seen with mtime 1730363519.2030535
DEBUG 2025-01-13 22:39:56,103 autoreload File C:\Users\SIM\AppData\Roaming\Python\Python311\site-packages\django\template\exceptions.py first seen with mtime 1730363519.428758
DEBUG 2025-01-13 22:39:56,103 autoreload File C:\Users\SIM\AppData\Roaming\Python\Python311\site-packages\django\contrib\sites\shortcuts.py first seen with mtime 1730363518.352321
DEBUG 2025-01-13 22:39:56,103 autoreload File C:\Users\SIM\AppData\Roaming\Python\Python311\site-packages\django\views\debug.py first seen with mtime 1730363519.5685668
DEBUG 2025-01-13 22:39:56,103 autoreload File C:\Users\SIM\AppData\Local\Programs\Python\Python311\Lib\site-packages\PIL\TiffTags.py first seen with mtime 1713199321.914797
DEBUG 2025-01-13 22:39:56,103 autoreload File C:\Users\SIM\AppData\Roaming\Python\Python311\site-packages\django\contrib\auth\management\__init__.py first seen with mtime 1730363515.1852982
DEBUG 2025-01-13 22:39:56,103 autoreload File C:\Users\SIM\AppData\Local\Programs\Python\Python311\Lib\concurrent\futures\thread.py first seen with mtime 1686106818.0
DEBUG 2025-01-13 22:39:56,103 autoreload File C:\Users\SIM\AppData\Roaming\Python\Python311\site-packages\django\db\models\fields\related_lookups.py first seen with mtime 1730363519.1947956
DEBUG 2025-01-13 22:39:56,103 autoreload File C:\Users\SIM\AppData\Roaming\Python\Python311\site-packages\django\contrib\staticfiles\management\__init__.py first seen with mtime 1730363518.7855203
DEBUG 2025-01-13 22:39:56,103 autoreload File C:\Users\SIM\AppData\Local\Programs\Python\Python311\Lib\calendar.py first seen with mtime 1686106818.0
DEBUG 2025-01-13 22:39:56,103 autoreload File C:\Users\SIM\AppData\Roaming\Python\Python311\site-packages\django\db\migrations\operations\special.py first seen with mtime 1730363519.146573
DEBUG 2025-01-13 22:39:56,103 autoreload File C:\Users\SIM\AppData\Roaming\Python\Python311\site-packages\django\apps\registry.py first seen with mtime 1730363511.862605
DEBUG 2025-01-13 22:39:56,103 autoreload File C:\Users\SIM\AppData\Roaming\Python\Python311\site-packages\django\conf\global_settings.py first seen with mtime 1730363511.8686903
DEBUG 2025-01-13 22:39:56,103 autoreload File C:\Users\SIM\AppData\Local\Programs\Python\Python311\Lib\email\policy.py first seen with mtime 1686106818.0
DEBUG 2025-01-13 22:39:56,103 autoreload File C:\Users\SIM\AppData\Local\Programs\Python\Python311\Lib\site-packages\colorama\__init__.py first seen with mtime 1686935914.822989
DEBUG 2025-01-13 22:39:56,103 autoreload File C:\Users\SIM\AppData\Roaming\Python\Python311\site-packages\django\contrib\contenttypes\management\__init__.py first seen with mtime 1730363515.649366
DEBUG 2025-01-13 22:39:56,103 autoreload File C:\Users\SIM\AppData\Local\Programs\Python\Python311\Lib\asyncio\format_helpers.py first seen with mtime 1686106818.0
DEBUG 2025-01-13 22:39:56,103 autoreload File C:\Users\SIM\AppData\Local\Programs\Python\Python311\Lib\site-packages\colorama\win32.py first seen with mtime 1686935914.822989
DEBUG 2025-01-13 22:39:56,103 autoreload File C:\Users\SIM\AppData\Roaming\Python\Python311\site-packages\django\utils\functional.py first seen with mtime 1730363519.518824
DEBUG 2025-01-13 22:39:56,108 autoreload File C:\Users\SIM\AppData\Roaming\Python\Python311\site-packages\django\db\backends\utils.py first seen with mtime 1730363519.0159185
DEBUG 2025-01-13 22:39:56,108 autoreload File C:\Users\SIM\AppData\Roaming\Python\Python311\site-packages\django\db\migrations\operations\fields.py first seen with mtime 1730363519.1384592
DEBUG 2025-01-13 22:39:56,108 autoreload File C:\Users\SIM\AppData\Roaming\Python\Python311\site-packages\django\shortcuts.py first seen with mtime 1730363511.8592458
DEBUG 2025-01-13 22:39:56,108 autoreload File C:\Users\SIM\AppData\Roaming\Python\Python311\site-packages\django\db\models\constraints.py first seen with mtime 1730363519.1527572
DEBUG 2025-01-13 22:39:56,108 autoreload File C:\Users\SIM\Desktop\DJANGO\Proiect1\aplicatie_exemplu\urls.py first seen with mtime 1736800779.3274324
DEBUG 2025-01-13 22:39:56,108 autoreload File C:\Users\SIM\AppData\Roaming\Python\Python311\site-packages\django\core\checks\async_checks.py first seen with mtime 1730363518.8379147
DEBUG 2025-01-13 22:39:56,108 autoreload File C:\Users\SIM\AppData\Local\Programs\Python\Python311\Lib\asyncio\streams.py first seen with mtime 1686106818.0
DEBUG 2025-01-13 22:39:56,108 autoreload File C:\Users\SIM\AppData\Roaming\Python\Python311\site-packages\django\utils\encoding.py first seen with mtime 1730363519.518824
DEBUG 2025-01-13 22:39:56,108 autoreload File C:\Users\SIM\AppData\Roaming\Python\Python311\site-packages\django\utils\ipv6.py first seen with mtime 1730363519.5351002
DEBUG 2025-01-13 22:39:56,108 autoreload File C:\Users\SIM\AppData\Local\Programs\Python\Python311\Lib\urllib\response.py first seen with mtime 1686106818.0
DEBUG 2025-01-13 22:39:56,108 autoreload File C:\Users\SIM\AppData\Local\Programs\Python\Python311\Lib\opcode.py first seen with mtime 1686106818.0
DEBUG 2025-01-13 22:39:56,108 autoreload File C:\Users\SIM\AppData\Roaming\Python\Python311\site-packages\django\db\backends\base\validation.py first seen with mtime 1730363519.0328045
DEBUG 2025-01-13 22:39:56,108 autoreload File C:\Users\SIM\AppData\Local\Programs\Python\Python311\Lib\re\__init__.py first seen with mtime 1686106818.0
DEBUG 2025-01-13 22:39:56,108 autoreload File C:\Users\SIM\AppData\Roaming\Python\Python311\site-packages\django\forms\fields.py first seen with mtime 1730363519.236009
DEBUG 2025-01-13 22:39:56,108 autoreload File C:\Users\SIM\AppData\Local\Programs\Python\Python311\Lib\json\encoder.py first seen with mtime 1686106818.0
DEBUG 2025-01-13 22:39:56,108 autoreload File C:\Users\SIM\AppData\Roaming\Python\Python311\site-packages\django\db\backends\postgresql\psycopg_any.py first seen with mtime 1730363519.0883665
DEBUG 2025-01-13 22:39:56,108 autoreload File C:\Users\SIM\AppData\Roaming\Python\Python311\site-packages\django\db\models\fields\related.py first seen with mtime 1730363519.1857815
DEBUG 2025-01-13 22:39:56,108 autoreload File C:\Users\SIM\AppData\Roaming\Python\Python311\site-packages\django\contrib\auth\forms.py first seen with mtime 1730363514.6469238
DEBUG 2025-01-13 22:39:56,108 autoreload File C:\Users\SIM\AppData\Roaming\Python\Python311\site-packages\django\db\models\indexes.py first seen with mtime 1730363519.16236
DEBUG 2025-01-13 22:39:56,108 autoreload File C:\Users\SIM\AppData\Roaming\Python\Python311\site-packages\sqlparse\engine\__init__.py first seen with mtime 1730363510.8419755
DEBUG 2025-01-13 22:39:56,108 autoreload File C:\Users\SIM\AppData\Roaming\Python\Python311\site-packages\django\core\cache\__init__.py first seen with mtime 1730363518.8194945
DEBUG 2025-01-13 22:39:56,108 autoreload File C:\Users\SIM\AppData\Local\Programs\Python\Python311\Lib\fnmatch.py first seen with mtime 1686106818.0
DEBUG 2025-01-13 22:39:56,110 autoreload File C:\Users\SIM\AppData\Roaming\Python\Python311\site-packages\django\views\generic\__init__.py first seen with mtime 1730363519.5854342
DEBUG 2025-01-13 22:39:56,110 autoreload File C:\Users\SIM\AppData\Roaming\Python\Python311\site-packages\django\core\files\uploadedfile.py first seen with mtime 1730363518.878176
DEBUG 2025-01-13 22:39:56,110 autoreload File C:\Users\SIM\AppData\Local\Programs\Python\Python311\Lib\_compression.py first seen with mtime 1686106818.0
DEBUG 2025-01-13 22:39:56,110 autoreload File C:\Users\SIM\AppData\Roaming\Python\Python311\site-packages\django\core\exceptions.py first seen with mtime 1730363518.8052104
DEBUG 2025-01-13 22:39:56,110 autoreload File C:\Users\SIM\AppData\Local\Programs\Python\Python311\Lib\collections\abc.py first seen with mtime 1686106818.0
DEBUG 2025-01-13 22:39:56,110 autoreload File C:\Users\SIM\AppData\Roaming\Python\Python311\site-packages\django\db\models\lookups.py first seen with mtime 1730363519.16236
DEBUG 2025-01-13 22:39:56,110 autoreload File C:\Users\SIM\AppData\Local\Programs\Python\Python311\Lib\site-packages\psycopg2\_ipaddress.py first seen with mtime 1731581176.263129
DEBUG 2025-01-13 22:39:56,110 autoreload File C:\Users\SIM\AppData\Local\Programs\Python\Python311\Lib\logging\__init__.py first seen with mtime 1686106818.0
DEBUG 2025-01-13 22:39:56,110 autoreload File C:\Users\SIM\AppData\Local\Programs\Python\Python311\Lib\email\_policybase.py first seen with mtime 1686106818.0
DEBUG 2025-01-13 22:39:56,110 autoreload File C:\Users\SIM\AppData\Roaming\Python\Python311\site-packages\django\contrib\auth\decorators.py first seen with mtime 1730363514.6418157
DEBUG 2025-01-13 22:39:56,110 autoreload File C:\Users\SIM\AppData\Local\Programs\Python\Python311\Lib\site-packages\psycopg2\_json.py first seen with mtime 1731581176.263129
DEBUG 2025-01-13 22:39:56,110 autoreload File C:\Users\SIM\AppData\Roaming\Python\Python311\site-packages\django\contrib\admin\views\__init__.py first seen with mtime 1730363514.00396
DEBUG 2025-01-13 22:39:56,110 autoreload File C:\Users\SIM\AppData\Roaming\Python\Python311\site-packages\django\core\checks\registry.py first seen with mtime 1730363518.8494656
DEBUG 2025-01-13 22:39:56,110 autoreload File C:\Users\SIM\AppData\Local\Programs\Python\Python311\Lib\concurrent\futures\__init__.py first seen with mtime 1686106818.0
DEBUG 2025-01-13 22:39:56,110 autoreload File C:\Users\SIM\AppData\Roaming\Python\Python311\site-packages\django\db\models\options.py first seen with mtime 1730363519.1691873
DEBUG 2025-01-13 22:39:56,110 autoreload File C:\Users\SIM\AppData\Roaming\Python\Python311\site-packages\django\db\models\sql\query.py first seen with mtime 1730363519.2213213
DEBUG 2025-01-13 22:39:56,110 autoreload File C:\Users\SIM\AppData\Roaming\Python\Python311\site-packages\sqlparse\sql.py first seen with mtime 1730363510.8419755
DEBUG 2025-01-13 22:39:56,110 autoreload File C:\Users\SIM\AppData\Roaming\Python\Python311\site-packages\django\utils\choices.py first seen with mtime 1730363519.5025089
DEBUG 2025-01-13 22:39:56,110 autoreload File C:\Users\SIM\AppData\Local\Programs\Python\Python311\DLLs\_asyncio.pyd first seen with mtime 1686106918.0
DEBUG 2025-01-13 22:39:56,110 autoreload File C:\Users\SIM\AppData\Local\Programs\Python\Python311\Lib\datetime.py first seen with mtime 1686106818.0
DEBUG 2025-01-13 22:39:56,110 autoreload File C:\Users\SIM\AppData\Local\Programs\Python\Python311\Lib\struct.py first seen with mtime 1686106818.0
DEBUG 2025-01-13 22:39:56,110 autoreload File C:\Users\SIM\AppData\Roaming\Python\Python311\site-packages\django\core\serializers\base.py first seen with mtime 1730363518.986077
DEBUG 2025-01-13 22:39:56,110 autoreload File C:\Users\SIM\AppData\Local\Programs\Python\Python311\Lib\asyncio\windows_events.py first seen with mtime 1686106818.0
DEBUG 2025-01-13 22:39:56,110 autoreload File C:\Users\SIM\AppData\Roaming\Python\Python311\site-packages\django\core\validators.py first seen with mtime 1730363518.8134735
DEBUG 2025-01-13 22:39:56,110 autoreload File C:\Users\SIM\AppData\Roaming\Python\Python311\site-packages\django\template\loader.py first seen with mtime 1730363519.428758
DEBUG 2025-01-13 22:39:56,110 autoreload File C:\Users\SIM\AppData\Roaming\Python\Python311\site-packages\django\utils\text.py first seen with mtime 1730363519.5501654
DEBUG 2025-01-13 22:39:56,110 autoreload File C:\Users\SIM\AppData\Roaming\Python\Python311\site-packages\django\db\migrations\state.py first seen with mtime 1730363519.1302652
DEBUG 2025-01-13 22:39:56,110 autoreload File C:\Users\SIM\Desktop\DJANGO\Proiect1\aplicatie\urls.py first seen with mtime 1731590821.3337376
DEBUG 2025-01-13 22:39:56,110 autoreload File C:\Users\SIM\Desktop\DJANGO\Proiect1\aplicatie\__init__.py first seen with mtime 1730938752.565714
DEBUG 2025-01-13 22:39:56,110 autoreload File C:\Users\SIM\AppData\Local\Programs\Python\Python311\Lib\encodings\__init__.py first seen with mtime 1686106818.0
DEBUG 2025-01-13 22:39:56,110 autoreload File C:\Users\SIM\AppData\Local\Programs\Python\Python311\Lib\email\charset.py first seen with mtime 1686106818.0
DEBUG 2025-01-13 22:39:56,110 autoreload File C:\Users\SIM\AppData\Roaming\Python\Python311\site-packages\django\template\loaders\__init__.py first seen with mtime 1730363519.445303
DEBUG 2025-01-13 22:39:56,110 autoreload File C:\Users\SIM\AppData\Local\Programs\Python\Python311\Lib\keyword.py first seen with mtime 1686106818.0
DEBUG 2025-01-13 22:39:56,110 autoreload File C:\Users\SIM\AppData\Roaming\Python\Python311\site-packages\django\contrib\auth\backends.py first seen with mtime 1730363514.6352322
DEBUG 2025-01-13 22:39:56,110 autoreload File C:\Users\SIM\AppData\Local\Programs\Python\Python311\Lib\quopri.py first seen with mtime 1686106818.0
DEBUG 2025-01-13 22:39:56,110 autoreload File C:\Users\SIM\AppData\Local\Programs\Python\Python311\Lib\urllib\request.py first seen with mtime 1686106818.0
DEBUG 2025-01-13 22:39:56,110 autoreload File C:\Users\SIM\AppData\Roaming\Python\Python311\site-packages\django\core\handlers\exception.py first seen with mtime 1730363518.902088
DEBUG 2025-01-13 22:39:56,110 autoreload File C:\Users\SIM\AppData\Local\Programs\Python\Python311\Lib\asyncio\trsock.py first seen with mtime 1686106818.0
DEBUG 2025-01-13 22:39:56,110 autoreload File C:\Users\SIM\AppData\Local\Programs\Python\Python311\DLLs\select.pyd first seen with mtime 1686106894.0
DEBUG 2025-01-13 22:39:56,110 autoreload File C:\Users\SIM\AppData\Roaming\Python\Python311\site-packages\django\db\models\functions\text.py first seen with mtime 1730363519.2030535
DEBUG 2025-01-13 22:39:56,110 autoreload File C:\Users\SIM\AppData\Roaming\Python\Python311\site-packages\django\core\management\commands\runserver.py first seen with mtime 1730363518.9687588
DEBUG 2025-01-13 22:39:56,110 autoreload File C:\Users\SIM\AppData\Local\Programs\Python\Python311\Lib\site-packages\PIL\_binary.py first seen with mtime 1713199321.9274669
DEBUG 2025-01-13 22:39:56,110 autoreload File C:\Users\SIM\AppData\Roaming\Python\Python311\site-packages\django\core\servers\__init__.py first seen with mtime 1730363519.000327
DEBUG 2025-01-13 22:39:56,110 autoreload File C:\Users\SIM\AppData\Roaming\Python\Python311\site-packages\django\core\files\storage\filesystem.py first seen with mtime 1730363518.8861403
DEBUG 2025-01-13 22:39:56,110 autoreload File C:\Users\SIM\AppData\Roaming\Python\Python311\site-packages\sqlparse\__init__.py first seen with mtime 1730363510.819172
DEBUG 2025-01-13 22:39:56,110 autoreload File C:\Users\SIM\AppData\Local\Programs\Python\Python311\Lib\zoneinfo\_tzpath.py first seen with mtime 1686106818.0
DEBUG 2025-01-13 22:39:56,110 autoreload File C:\Users\SIM\AppData\Roaming\Python\Python311\site-packages\django\core\files\storage\base.py first seen with mtime 1730363518.8861403
DEBUG 2025-01-13 22:39:56,110 autoreload File C:\Users\SIM\Desktop\DJANGO\Proiect1\Proiect1\urls.py first seen with mtime 1732800255.296215
DEBUG 2025-01-13 22:39:56,110 autoreload File C:\Users\SIM\AppData\Roaming\Python\Python311\site-packages\django\core\files\images.py first seen with mtime 1730363518.8701553
DEBUG 2025-01-13 22:39:56,110 autoreload File C:\Users\SIM\AppData\Roaming\Python\Python311\site-packages\django\utils\html.py first seen with mtime 1730363519.518824
DEBUG 2025-01-13 22:39:56,110 autoreload File C:\Users\SIM\AppData\Roaming\Python\Python311\site-packages\django\views\decorators\__init__.py first seen with mtime 1730363519.574051
DEBUG 2025-01-13 22:39:56,110 autoreload File C:\Users\SIM\AppData\Local\Programs\Python\Python311\Lib\wsgiref\simple_server.py first seen with mtime 1686106818.0
DEBUG 2025-01-13 22:39:56,110 autoreload File C:\Users\SIM\AppData\Local\Programs\Python\Python311\Lib\asyncio\exceptions.py first seen with mtime 1686106818.0
DEBUG 2025-01-13 22:39:56,110 autoreload File C:\Users\SIM\AppData\Local\Programs\Python\Python311\Lib\dataclasses.py first seen with mtime 1686106818.0
DEBUG 2025-01-13 22:39:56,110 autoreload File C:\Users\SIM\AppData\Roaming\Python\Python311\site-packages\sqlparse\keywords.py first seen with mtime 1730363510.8374615
DEBUG 2025-01-13 22:39:56,110 autoreload File C:\Users\SIM\AppData\Roaming\Python\Python311\site-packages\sqlparse\filters\right_margin.py first seen with mtime 1730363510.8657744
DEBUG 2025-01-13 22:39:56,110 autoreload File C:\Users\SIM\AppData\Local\Programs\Python\Python311\Lib\re\_parser.py first seen with mtime 1686106818.0
DEBUG 2025-01-13 22:39:56,110 autoreload File C:\Users\SIM\AppData\Roaming\Python\Python311\site-packages\django\contrib\admin\models.py first seen with mtime 1730363512.7042537
DEBUG 2025-01-13 22:39:56,110 autoreload File C:\Users\SIM\AppData\Local\Programs\Python\Python311\Lib\typing.py first seen with mtime 1686106818.0
DEBUG 2025-01-13 22:39:56,110 autoreload File C:\Users\SIM\AppData\Local\Programs\Python\Python311\Lib\zoneinfo\__init__.py first seen with mtime 1686106818.0
DEBUG 2025-01-13 22:39:56,110 autoreload File C:\Users\SIM\AppData\Local\Programs\Python\Python311\Lib\asyncio\futures.py first seen with mtime 1686106818.0
DEBUG 2025-01-13 22:39:56,110 autoreload File C:\Users\SIM\AppData\Local\Programs\Python\Python311\Lib\asyncio\base_subprocess.py first seen with mtime 1686106818.0
DEBUG 2025-01-13 22:39:56,110 autoreload File C:\Users\SIM\AppData\Local\Programs\Python\Python311\Lib\string.py first seen with mtime 1686106818.0
DEBUG 2025-01-13 22:39:56,110 autoreload File C:\Users\SIM\AppData\Roaming\Python\Python311\site-packages\django\contrib\staticfiles\management\commands\__init__.py first seen with mtime 1730363518.7855203
DEBUG 2025-01-13 22:39:56,110 autoreload File C:\Users\SIM\AppData\Local\Programs\Python\Python311\DLLs\_decimal.pyd first seen with mtime 1686106894.0
DEBUG 2025-01-13 22:39:56,110 autoreload File C:\Users\SIM\AppData\Roaming\Python\Python311\site-packages\django\template\defaulttags.py first seen with mtime 1730363519.4187372
DEBUG 2025-01-13 22:39:56,110 autoreload File C:\Users\SIM\AppData\Roaming\Python\Python311\site-packages\django\contrib\sessions\base_session.py first seen with mtime 1730363517.753992
DEBUG 2025-01-13 22:39:56,110 autoreload File C:\Users\SIM\AppData\Local\Programs\Python\Python311\Lib\graphlib.py first seen with mtime 1686106818.0
DEBUG 2025-01-13 22:39:56,110 autoreload File C:\Users\SIM\AppData\Local\Programs\Python\Python311\Lib\copy.py first seen with mtime 1686106818.0
DEBUG 2025-01-13 22:39:56,110 autoreload File C:\Users\SIM\AppData\Local\Programs\Python\Python311\Lib\site-packages\colorama\ansitowin32.py first seen with mtime 1686935914.822989
DEBUG 2025-01-13 22:39:56,110 autoreload File C:\Users\SIM\AppData\Roaming\Python\Python311\site-packages\asgiref\__init__.py first seen with mtime 1730363511.5413363
DEBUG 2025-01-13 22:39:56,110 autoreload File C:\Users\SIM\AppData\Local\Programs\Python\Python311\Lib\heapq.py first seen with mtime 1686106818.0
DEBUG 2025-01-13 22:39:56,110 autoreload File C:\Users\SIM\AppData\Roaming\Python\Python311\site-packages\django\contrib\admin\helpers.py first seen with mtime 1730363512.7032437
DEBUG 2025-01-13 22:39:56,110 autoreload File C:\Users\SIM\AppData\Local\Programs\Python\Python311\Lib\wsgiref\headers.py first seen with mtime 1686106818.0
DEBUG 2025-01-13 22:39:56,110 autoreload File C:\Users\SIM\AppData\Local\Programs\Python\Python311\Lib\asyncio\timeouts.py first seen with mtime 1686106818.0
DEBUG 2025-01-13 22:39:56,110 autoreload File C:\Users\SIM\AppData\Local\Programs\Python\Python311\Lib\pathlib.py first seen with mtime 1686106818.0
DEBUG 2025-01-13 22:39:56,110 autoreload File C:\Users\SIM\AppData\Local\Programs\Python\Python311\Lib\uuid.py first seen with mtime 1686106818.0
DEBUG 2025-01-13 22:39:56,110 autoreload File C:\Users\SIM\AppData\Roaming\Python\Python311\site-packages\django\middleware\__init__.py first seen with mtime 1730363519.396641
DEBUG 2025-01-13 22:39:56,110 autoreload File C:\Users\SIM\AppData\Roaming\Python\Python311\site-packages\django\template\backends\__init__.py first seen with mtime 1730363519.437286
DEBUG 2025-01-13 22:39:56,110 autoreload File C:\Users\SIM\AppData\Roaming\Python\Python311\site-packages\django\middleware\common.py first seen with mtime 1730363519.4048178
DEBUG 2025-01-13 22:39:56,110 autoreload File C:\Users\SIM\AppData\Roaming\Python\Python311\site-packages\django\utils\crypto.py first seen with mtime 1730363519.5096915
DEBUG 2025-01-13 22:39:56,110 autoreload File C:\Users\SIM\AppData\Local\Programs\Python\Python311\Lib\site-packages\psycopg2\_psycopg.cp311-win_amd64.pyd first seen with mtime 1731581176.280461
DEBUG 2025-01-13 22:39:56,110 autoreload File C:\Users\SIM\AppData\Roaming\Python\Python311\site-packages\django\utils\cache.py first seen with mtime 1730363519.5025089
DEBUG 2025-01-13 22:39:56,110 autoreload File C:\Users\SIM\AppData\Roaming\Python\Python311\site-packages\django\contrib\messages\apps.py first seen with mtime 1730363517.005663
DEBUG 2025-01-13 22:39:56,110 autoreload File C:\Users\SIM\AppData\Local\Programs\Python\Python311\Lib\asyncio\coroutines.py first seen with mtime 1686106818.0
DEBUG 2025-01-13 22:39:56,119 autoreload File C:\Users\SIM\AppData\Roaming\Python\Python311\site-packages\django\core\checks\compatibility\django_4_0.py first seen with mtime 1730363518.8527594
DEBUG 2025-01-13 22:39:56,119 autoreload File C:\Users\SIM\AppData\Local\Programs\Python\Python311\Lib\asyncio\staggered.py first seen with mtime 1686106818.0
DEBUG 2025-01-13 22:39:56,119 autoreload File C:\Users\SIM\AppData\Roaming\Python\Python311\site-packages\django\db\backends\base\__init__.py first seen with mtime 1730363519.018852
DEBUG 2025-01-13 22:39:56,119 autoreload File C:\Users\SIM\AppData\Local\Programs\Python\Python311\Lib\json\scanner.py first seen with mtime 1686106818.0
DEBUG 2025-01-13 22:39:56,119 autoreload File C:\Users\SIM\AppData\Roaming\Python\Python311\site-packages\django\contrib\staticfiles\apps.py first seen with mtime 1730363518.768919
DEBUG 2025-01-13 22:39:56,119 autoreload File C:\Users\SIM\AppData\Local\Programs\Python\Python311\Lib\site-packages\colorama\ansi.py first seen with mtime 1686935914.822989
DEBUG 2025-01-13 22:39:56,119 autoreload File C:\Users\SIM\AppData\Local\Programs\Python\Python311\Lib\email\feedparser.py first seen with mtime 1686106818.0
DEBUG 2025-01-13 22:39:56,119 autoreload File C:\Users\SIM\AppData\Roaming\Python\Python311\site-packages\asgiref\local.py first seen with mtime 1730363511.5493543
DEBUG 2025-01-13 22:39:56,119 autoreload File C:\Users\SIM\AppData\Local\Programs\Python\Python311\Lib\signal.py first seen with mtime 1686106818.0
DEBUG 2025-01-13 22:39:56,119 autoreload File C:\Users\SIM\AppData\Roaming\Python\Python311\site-packages\django\db\backends\base\operations.py first seen with mtime 1730363519.02519
DEBUG 2025-01-13 22:39:56,119 autoreload File C:\Users\SIM\AppData\Local\Programs\Python\Python311\Lib\urllib\__init__.py first seen with mtime 1686106818.0
DEBUG 2025-01-13 22:39:56,119 autoreload File C:\Users\SIM\AppData\Roaming\Python\Python311\site-packages\django\apps\config.py first seen with mtime 1730363511.862605
DEBUG 2025-01-13 22:39:56,119 autoreload File C:\Users\SIM\AppData\Local\Programs\Python\Python311\Lib\pickle.py first seen with mtime 1686106818.0
DEBUG 2025-01-13 22:39:56,119 autoreload File C:\Users\SIM\AppData\Roaming\Python\Python311\site-packages\django\core\management\__init__.py first seen with mtime 1730363518.9188974
DEBUG 2025-01-13 22:39:56,119 autoreload File C:\Users\SIM\AppData\Roaming\Python\Python311\site-packages\django\views\generic\detail.py first seen with mtime 1730363519.5854342
DEBUG 2025-01-13 22:39:56,119 autoreload File C:\Users\SIM\AppData\Roaming\Python\Python311\site-packages\django\forms\renderers.py first seen with mtime 1730363519.24311
DEBUG 2025-01-13 22:39:56,119 autoreload File C:\Users\SIM\AppData\Roaming\Python\Python311\site-packages\django\core\paginator.py first seen with mtime 1730363518.8052104
DEBUG 2025-01-13 22:39:56,119 autoreload File C:\Users\SIM\AppData\Local\Programs\Python\Python311\DLLs\_lzma.pyd first seen with mtime 1686106894.0
DEBUG 2025-01-13 22:39:56,119 autoreload File C:\Users\SIM\AppData\Roaming\Python\Python311\site-packages\django\core\files\storage\handler.py first seen with mtime 1730363518.8941734
DEBUG 2025-01-13 22:39:56,119 autoreload File C:\Users\SIM\AppData\Roaming\Python\Python311\site-packages\django\views\generic\base.py first seen with mtime 1730363519.5854342
DEBUG 2025-01-13 22:39:56,119 autoreload File C:\Users\SIM\AppData\Roaming\Python\Python311\site-packages\django\db\backends\postgresql\operations.py first seen with mtime 1730363519.0883665
DEBUG 2025-01-13 22:39:56,119 autoreload File C:\Users\SIM\AppData\Local\Programs\Python\Python311\Lib\email\headerregistry.py first seen with mtime 1686106818.0
DEBUG 2025-01-13 22:39:56,119 autoreload File C:\Users\SIM\AppData\Roaming\Python\Python311\site-packages\django\conf\locale\__init__.py first seen with mtime 1730363511.8850079
DEBUG 2025-01-13 22:39:56,119 autoreload File C:\Users\SIM\AppData\Roaming\Python\Python311\site-packages\django\templatetags\tz.py first seen with mtime 1730363519.4694476
DEBUG 2025-01-13 22:39:56,119 autoreload File C:\Users\SIM\AppData\Roaming\Python\Python311\site-packages\django\contrib\admin\checks.py first seen with mtime 1730363512.6853182
DEBUG 2025-01-13 22:39:56,119 autoreload File C:\Users\SIM\AppData\Roaming\Python\Python311\site-packages\django\utils\duration.py first seen with mtime 1730363519.518824
DEBUG 2025-01-13 22:39:56,119 autoreload File C:\Users\SIM\AppData\Roaming\Python\Python311\site-packages\django\utils\translation\reloader.py first seen with mtime 1730363519.5518892
DEBUG 2025-01-13 22:39:56,119 autoreload File C:\Users\SIM\AppData\Roaming\Python\Python311\site-packages\django\contrib\admin\__init__.py first seen with mtime 1730363512.6853182
DEBUG 2025-01-13 22:39:56,119 autoreload File C:\Users\SIM\AppData\Roaming\Python\Python311\site-packages\django\db\backends\base\creation.py first seen with mtime 1730363519.024365
DEBUG 2025-01-13 22:39:56,119 autoreload File C:\Users\SIM\AppData\Local\Programs\Python\Python311\Lib\site-packages\PIL\ExifTags.py first seen with mtime 1713199321.7820168
DEBUG 2025-01-13 22:39:56,119 autoreload File C:\Users\SIM\AppData\Roaming\Python\Python311\site-packages\django\templatetags\i18n.py first seen with mtime 1730363519.4613905
DEBUG 2025-01-13 22:39:56,119 autoreload File C:\Users\SIM\Desktop\DJANGO\Proiect1\aplicatie_exemplu\models.py first seen with mtime 1734456694.1404996
DEBUG 2025-01-13 22:39:56,119 autoreload File C:\Users\SIM\AppData\Local\Programs\Python\Python311\Lib\decimal.py first seen with mtime 1686106818.0
DEBUG 2025-01-13 22:39:56,119 autoreload File C:\Users\SIM\AppData\Roaming\Python\Python311\site-packages\django\contrib\messages\api.py first seen with mtime 1730363517.005663
DEBUG 2025-01-13 22:39:56,119 autoreload File C:\Users\SIM\AppData\Roaming\Python\Python311\site-packages\django\db\models\fields\generated.py first seen with mtime 1730363519.1787376
DEBUG 2025-01-13 22:39:56,119 autoreload File C:\Users\SIM\AppData\Local\Programs\Python\Python311\Lib\_weakrefset.py first seen with mtime 1686106818.0
DEBUG 2025-01-13 22:39:56,119 autoreload File C:\Users\SIM\AppData\Local\Programs\Python\Python311\Lib\subprocess.py first seen with mtime 1686106818.0
DEBUG 2025-01-13 22:39:56,119 autoreload File C:\Users\SIM\AppData\Roaming\Python\Python311\site-packages\django\contrib\admin\views\autocomplete.py first seen with mtime 1730363514.00396
DEBUG 2025-01-13 22:39:56,119 autoreload File C:\Users\SIM\AppData\Local\Programs\Python\Python311\Lib\asyncio\sslproto.py first seen with mtime 1686106818.0
DEBUG 2025-01-13 22:39:56,119 autoreload File C:\Users\SIM\AppData\Roaming\Python\Python311\site-packages\django\utils\regex_helper.py first seen with mtime 1730363519.5421522
DEBUG 2025-01-13 22:39:56,119 autoreload File C:\Users\SIM\AppData\Roaming\Python\Python311\site-packages\sqlparse\lexer.py first seen with mtime 1730363510.8374615
DEBUG 2025-01-13 22:39:56,119 autoreload File C:\Users\SIM\AppData\Roaming\Python\Python311\site-packages\django\db\backends\postgresql\creation.py first seen with mtime 1730363519.0819688
DEBUG 2025-01-13 22:39:56,119 autoreload File C:\Users\SIM\AppData\Local\Programs\Python\Python311\Lib\secrets.py first seen with mtime 1686106818.0
DEBUG 2025-01-13 22:39:56,119 autoreload File C:\Users\SIM\AppData\Local\Programs\Python\Python311\Lib\http\cookies.py first seen with mtime 1686106818.0
DEBUG 2025-01-13 22:39:56,119 autoreload File C:\Users\SIM\AppData\Roaming\Python\Python311\site-packages\django\template\response.py first seen with mtime 1730363519.4351766
DEBUG 2025-01-13 22:39:56,119 autoreload File C:\Users\SIM\AppData\Local\Programs\Python\Python311\Lib\functools.py first seen with mtime 1686106818.0
DEBUG 2025-01-13 22:39:56,119 autoreload File C:\Users\SIM\AppData\Local\Programs\Python\Python311\Lib\mimetypes.py first seen with mtime 1686106818.0
DEBUG 2025-01-13 22:39:56,119 autoreload File C:\Users\SIM\AppData\Local\Programs\Python\Python311\Lib\nturl2path.py first seen with mtime 1686106818.0
DEBUG 2025-01-13 22:39:56,119 autoreload File C:\Users\SIM\AppData\Local\Programs\Python\Python311\DLLs\_queue.pyd first seen with mtime 1686106894.0
DEBUG 2025-01-13 22:39:56,119 autoreload File C:\Users\SIM\AppData\Roaming\Python\Python311\site-packages\django\contrib\staticfiles\handlers.py first seen with mtime 1730363518.7730794
DEBUG 2025-01-13 22:39:56,119 autoreload File C:\Users\SIM\AppData\Roaming\Python\Python311\site-packages\django\db\models\functions\mixins.py first seen with mtime 1730363519.2030535
DEBUG 2025-01-13 22:39:56,119 autoreload File C:\Users\SIM\AppData\Local\Programs\Python\Python311\Lib\copyreg.py first seen with mtime 1686106818.0
DEBUG 2025-01-13 22:39:56,119 autoreload File C:\Users\SIM\AppData\Roaming\Python\Python311\site-packages\django\core\checks\messages.py first seen with mtime 1730363518.8459451
DEBUG 2025-01-13 22:39:56,119 autoreload File C:\Users\SIM\AppData\Roaming\Python\Python311\site-packages\django\core\signing.py first seen with mtime 1730363518.8134735
DEBUG 2025-01-13 22:39:56,119 autoreload File C:\Users\SIM\AppData\Roaming\Python\Python311\site-packages\django\db\models\constants.py first seen with mtime 1730363519.1527572
DEBUG 2025-01-13 22:39:56,119 autoreload File C:\Users\SIM\AppData\Roaming\Python\Python311\site-packages\django\core\management\color.py first seen with mtime 1730363518.9344106
DEBUG 2025-01-13 22:39:56,127 autoreload File C:\Users\SIM\AppData\Roaming\Python\Python311\site-packages\django\middleware\security.py first seen with mtime 1730363519.412928
DEBUG 2025-01-13 22:39:56,127 autoreload File C:\Users\SIM\AppData\Local\Programs\Python\Python311\Lib\locale.py first seen with mtime 1686106818.0
DEBUG 2025-01-13 22:39:56,127 autoreload File C:\Users\SIM\AppData\Roaming\Python\Python311\site-packages\django\views\decorators\csrf.py first seen with mtime 1730363519.574051
DEBUG 2025-01-13 22:39:56,127 autoreload File C:\Users\SIM\AppData\Local\Programs\Python\Python311\Lib\email\mime\__init__.py first seen with mtime 1686106818.0
DEBUG 2025-01-13 22:39:56,127 autoreload File C:\Users\SIM\AppData\Roaming\Python\Python311\site-packages\django\contrib\contenttypes\models.py first seen with mtime 1730363515.2378173
DEBUG 2025-01-13 22:39:56,127 autoreload File C:\Users\SIM\AppData\Local\Programs\Python\Python311\DLLs\_bz2.pyd first seen with mtime 1686106896.0
DEBUG 2025-01-13 22:39:56,127 autoreload File C:\Users\SIM\AppData\Roaming\Python\Python311\site-packages\django\templatetags\cache.py first seen with mtime 1730363519.4613905
DEBUG 2025-01-13 22:39:56,127 autoreload File C:\Users\SIM\AppData\Roaming\Python\Python311\site-packages\django\contrib\sites\requests.py first seen with mtime 1730363518.352321
DEBUG 2025-01-13 22:39:56,127 autoreload File C:\Users\SIM\AppData\Roaming\Python\Python311\site-packages\django\contrib\auth\apps.py first seen with mtime 1730363514.6305225
DEBUG 2025-01-13 22:39:56,127 autoreload File C:\Users\SIM\AppData\Roaming\Python\Python311\site-packages\django\template\loaders\cached.py first seen with mtime 1730363519.4523761
DEBUG 2025-01-13 22:39:56,127 autoreload File C:\Users\SIM\AppData\Roaming\Python\Python311\site-packages\django\contrib\staticfiles\views.py first seen with mtime 1730363518.7855203
DEBUG 2025-01-13 22:39:56,127 autoreload File C:\Users\SIM\AppData\Roaming\Python\Python311\site-packages\django\db\migrations\migration.py first seen with mtime 1730363519.1217487
DEBUG 2025-01-13 22:39:56,127 autoreload File C:\Users\SIM\AppData\Roaming\Python\Python311\site-packages\django\forms\formsets.py first seen with mtime 1730363519.236009
DEBUG 2025-01-13 22:39:56,127 autoreload File C:\Users\SIM\AppData\Roaming\Python\Python311\site-packages\django\db\migrations\__init__.py first seen with mtime 1730363519.1061597
DEBUG 2025-01-13 22:39:56,127 autoreload File C:\Users\SIM\AppData\Roaming\Python\Python311\site-packages\django\core\handlers\wsgi.py first seen with mtime 1730363518.902088
DEBUG 2025-01-13 22:39:56,127 autoreload File C:\Users\SIM\AppData\Local\Programs\Python\Python311\Lib\asyncio\queues.py first seen with mtime 1686106818.0
DEBUG 2025-01-13 22:39:56,127 autoreload File C:\Users\SIM\AppData\Roaming\Python\Python311\site-packages\django\contrib\sessions\middleware.py first seen with mtime 1730363517.7646277
DEBUG 2025-01-13 22:39:56,127 autoreload File C:\Users\SIM\AppData\Local\Programs\Python\Python311\Lib\asyncio\constants.py first seen with mtime 1686106818.0
DEBUG 2025-01-13 22:39:56,127 autoreload File C:\Users\SIM\AppData\Roaming\Python\Python311\site-packages\django\utils\http.py first seen with mtime 1730363519.5337405
DEBUG 2025-01-13 22:39:56,127 autoreload File C:\Users\SIM\AppData\Local\Programs\Python\Python311\Lib\asyncio\mixins.py first seen with mtime 1686106818.0
DEBUG 2025-01-13 22:39:56,127 autoreload File C:\Users\SIM\AppData\Roaming\Python\Python311\site-packages\django\template\context.py first seen with mtime 1730363519.4187372
DEBUG 2025-01-13 22:39:56,127 autoreload File C:\Users\SIM\AppData\Roaming\Python\Python311\site-packages\django\core\checks\compatibility\__init__.py first seen with mtime 1730363518.8527594
DEBUG 2025-01-13 22:39:56,127 autoreload File C:\Users\SIM\AppData\Roaming\Python\Python311\site-packages\django\db\migrations\operations\__init__.py first seen with mtime 1730363519.1384592
DEBUG 2025-01-13 22:39:56,127 autoreload File C:\Users\SIM\AppData\Roaming\Python\Python311\site-packages\django\db\models\sql\datastructures.py first seen with mtime 1730363519.2187681
DEBUG 2025-01-13 22:39:56,127 autoreload File C:\Users\SIM\AppData\Local\Programs\Python\Python311\Lib\site-packages\colorama\initialise.py first seen with mtime 1686935914.822989
DEBUG 2025-01-13 22:39:56,127 autoreload File C:\Users\SIM\AppData\Local\Programs\Python\Python311\Lib\email\mime\nonmultipart.py first seen with mtime 1686106818.0
DEBUG 2025-01-13 22:39:56,127 autoreload File C:\Users\SIM\AppData\Local\Programs\Python\Python311\Lib\importlib\_abc.py first seen with mtime 1686106818.0
DEBUG 2025-01-13 22:39:56,127 autoreload File C:\Users\SIM\AppData\Local\Programs\Python\Python311\Lib\hashlib.py first seen with mtime 1686106818.0
DEBUG 2025-01-13 22:39:56,127 autoreload File C:\Users\SIM\AppData\Roaming\Python\Python311\site-packages\django\contrib\sites\__init__.py first seen with mtime 1730363518.3381288
DEBUG 2025-01-13 22:39:56,127 autoreload File C:\Users\SIM\AppData\Local\Programs\Python\Python311\Lib\token.py first seen with mtime 1686106818.0
DEBUG 2025-01-13 22:39:56,127 autoreload File C:\Users\SIM\AppData\Roaming\Python\Python311\site-packages\django\contrib\staticfiles\finders.py first seen with mtime 1730363518.7730794
DEBUG 2025-01-13 22:39:56,127 autoreload File C:\Users\SIM\AppData\Roaming\Python\Python311\site-packages\django\db\models\signals.py first seen with mtime 1730363519.1707
DEBUG 2025-01-13 22:39:56,127 autoreload File C:\Users\SIM\AppData\Roaming\Python\Python311\site-packages\django\core\checks\security\__init__.py first seen with mtime 1730363518.8527594
DEBUG 2025-01-13 22:39:56,127 autoreload File C:\Users\SIM\AppData\Local\Programs\Python\Python311\Lib\traceback.py first seen with mtime 1686106818.0
DEBUG 2025-01-13 22:39:56,127 autoreload File C:\Users\SIM\AppData\Roaming\Python\Python311\site-packages\django\forms\boundfield.py first seen with mtime 1730363519.2348356
DEBUG 2025-01-13 22:39:56,127 autoreload File C:\Users\SIM\AppData\Roaming\Python\Python311\site-packages\django\core\serializers\json.py first seen with mtime 1730363518.986077
DEBUG 2025-01-13 22:39:56,127 autoreload File C:\Users\SIM\AppData\Roaming\Python\Python311\site-packages\django\utils\decorators.py first seen with mtime 1730363519.5184324
DEBUG 2025-01-13 22:39:56,127 autoreload File C:\Users\SIM\AppData\Roaming\Python\Python311\site-packages\django\views\static.py first seen with mtime 1730363519.5688384
DEBUG 2025-01-13 22:39:56,127 autoreload File C:\Users\SIM\AppData\Roaming\Python\Python311\site-packages\django\forms\__init__.py first seen with mtime 1730363519.2213213
DEBUG 2025-01-13 22:39:56,127 autoreload File C:\Users\SIM\AppData\Local\Programs\Python\Python311\Lib\ssl.py first seen with mtime 1686106818.0
DEBUG 2025-01-13 22:39:56,127 autoreload File C:\Users\SIM\AppData\Roaming\Python\Python311\site-packages\sqlparse\engine\statement_splitter.py first seen with mtime 1730363510.8522604
DEBUG 2025-01-13 22:39:56,127 autoreload File C:\Users\SIM\AppData\Roaming\Python\Python311\site-packages\django\contrib\sessions\__init__.py first seen with mtime 1730363517.753992
DEBUG 2025-01-13 22:39:56,127 autoreload File C:\Users\SIM\AppData\Roaming\Python\Python311\site-packages\django\template\backends\base.py first seen with mtime 1730363519.437286
DEBUG 2025-01-13 22:39:56,127 autoreload File C:\Users\SIM\AppData\Roaming\Python\Python311\site-packages\sqlparse\engine\filter_stack.py first seen with mtime 1730363510.8500051
DEBUG 2025-01-13 22:39:56,127 autoreload File C:\Users\SIM\Desktop\DJANGO\Proiect1\aplicatie_exemplu\__init__.py first seen with mtime 1730907848.146318
DEBUG 2025-01-13 22:39:56,127 autoreload File C:\Users\SIM\AppData\Local\Programs\Python\Python311\Lib\collections\__init__.py first seen with mtime 1686106818.0
DEBUG 2025-01-13 22:39:56,127 autoreload File C:\Users\SIM\AppData\Roaming\Python\Python311\site-packages\sqlparse\exceptions.py first seen with mtime 1730363510.8352342
DEBUG 2025-01-13 22:39:56,127 autoreload File C:\Users\SIM\AppData\Local\Programs\Python\Python311\Lib\socket.py first seen with mtime 1686106818.0
DEBUG 2025-01-13 22:39:56,127 autoreload File C:\Users\SIM\AppData\Roaming\Python\Python311\site-packages\django\apps\__init__.py first seen with mtime 1730363511.86104
DEBUG 2025-01-13 22:39:56,127 autoreload File C:\Users\SIM\AppData\Roaming\Python\Python311\site-packages\django\db\models\sql\subqueries.py first seen with mtime 1730363519.2213213
DEBUG 2025-01-13 22:39:56,127 autoreload File C:\Users\SIM\AppData\Roaming\Python\Python311\site-packages\django\db\backends\base\base.py first seen with mtime 1730363519.018852
DEBUG 2025-01-13 22:39:56,127 autoreload File C:\Users\SIM\AppData\Roaming\Python\Python311\site-packages\django\utils\numberformat.py first seen with mtime 1730363519.5421522
DEBUG 2025-01-13 22:39:56,127 autoreload File C:\Users\SIM\AppData\Local\Programs\Python\Python311\Lib\concurrent\futures\_base.py first seen with mtime 1686106818.0
DEBUG 2025-01-13 22:39:56,127 autoreload File C:\Users\SIM\AppData\Roaming\Python\Python311\site-packages\django\utils\termcolors.py first seen with mtime 1730363519.5421522
DEBUG 2025-01-13 22:39:56,127 autoreload File C:\Users\SIM\AppData\Roaming\Python\Python311\site-packages\django\__init__.py first seen with mtime 1730363511.85427
DEBUG 2025-01-13 22:39:56,127 autoreload File C:\Users\SIM\AppData\Roaming\Python\Python311\site-packages\django\core\cache\backends\__init__.py first seen with mtime 1730363518.8194945
DEBUG 2025-01-13 22:39:56,127 autoreload File C:\Users\SIM\AppData\Roaming\Python\Python311\site-packages\sqlparse\filters\__init__.py first seen with mtime 1730363510.8522604
DEBUG 2025-01-13 22:39:56,127 autoreload File C:\Users\SIM\AppData\Roaming\Python\Python311\site-packages\django\template\backends\django.py first seen with mtime 1730363519.445303
DEBUG 2025-01-13 22:39:56,127 autoreload File C:\Users\SIM\AppData\Roaming\Python\Python311\site-packages\django\core\management\base.py first seen with mtime 1730363518.9188974
DEBUG 2025-01-13 22:39:56,127 autoreload File C:\Users\SIM\AppData\Roaming\Python\Python311\site-packages\django\db\backends\postgresql\base.py first seen with mtime 1730363519.073951
DEBUG 2025-01-13 22:39:56,127 autoreload File C:\Users\SIM\AppData\Local\Programs\Python\Python311\Lib\asyncio\subprocess.py first seen with mtime 1686106818.0
DEBUG 2025-01-13 22:39:56,127 autoreload File C:\Users\SIM\AppData\Roaming\Python\Python311\site-packages\django\contrib\contenttypes\checks.py first seen with mtime 1730363515.2296836
DEBUG 2025-01-13 22:39:56,127 autoreload File C:\Users\SIM\AppData\Roaming\Python\Python311\site-packages\django\core\cache\backends\filebased.py first seen with mtime 1730363518.8295124
DEBUG 2025-01-13 22:39:56,127 autoreload File C:\Users\SIM\AppData\Local\Programs\Python\Python311\Lib\warnings.py first seen with mtime 1686106818.0
DEBUG 2025-01-13 22:39:56,127 autoreload File C:\Users\SIM\AppData\Roaming\Python\Python311\site-packages\sqlparse\filters\aligned_indent.py first seen with mtime 1730363510.8522604
DEBUG 2025-01-13 22:39:56,127 autoreload File C:\Users\SIM\AppData\Roaming\Python\Python311\site-packages\django\contrib\contenttypes\__init__.py first seen with mtime 1730363515.2186658
DEBUG 2025-01-13 22:39:56,127 autoreload File C:\Users\SIM\AppData\Roaming\Python\Python311\site-packages\django\core\serializers\python.py first seen with mtime 1730363519.000327
DEBUG 2025-01-13 22:39:56,127 autoreload File C:\Users\SIM\AppData\Roaming\Python\Python311\site-packages\django\contrib\admin\utils.py first seen with mtime 1730363512.712351
DEBUG 2025-01-13 22:39:56,127 autoreload File C:\Users\SIM\AppData\Roaming\Python\Python311\site-packages\django\http\cookie.py first seen with mtime 1730363519.3856273
DEBUG 2025-01-13 22:39:56,127 autoreload File C:\Users\SIM\AppData\Roaming\Python\Python311\site-packages\django\contrib\auth\views.py first seen with mtime 1730363514.662934
DEBUG 2025-01-13 22:39:56,127 autoreload File C:\Users\SIM\AppData\Roaming\Python\Python311\site-packages\django\core\handlers\__init__.py first seen with mtime 1730363518.8993983
DEBUG 2025-01-13 22:39:56,127 autoreload File C:\Users\SIM\AppData\Roaming\Python\Python311\site-packages\django\contrib\sessions\backends\__init__.py first seen with mtime 1730363517.7698474
DEBUG 2025-01-13 22:39:56,127 autoreload File C:\Users\SIM\AppData\Local\Programs\Python\Python311\Lib\gzip.py first seen with mtime 1686106818.0
DEBUG 2025-01-13 22:39:56,127 autoreload File C:\Users\SIM\AppData\Local\Programs\Python\Python311\Lib\asyncio\events.py first seen with mtime 1686106818.0
DEBUG 2025-01-13 22:39:56,127 autoreload File C:\Users\SIM\AppData\Local\Programs\Python\Python311\Lib\operator.py first seen with mtime 1686106818.0
DEBUG 2025-01-13 22:39:56,127 autoreload File C:\Users\SIM\AppData\Roaming\Python\Python311\site-packages\django\contrib\auth\tokens.py first seen with mtime 1730363514.6519113
DEBUG 2025-01-13 22:39:56,127 autoreload File C:\Users\SIM\AppData\Roaming\Python\Python311\site-packages\django\contrib\contenttypes\fields.py first seen with mtime 1730363515.2358246
DEBUG 2025-01-13 22:39:56,127 autoreload File C:\Users\SIM\AppData\Local\Programs\Python\Python311\Lib\ast.py first seen with mtime 1686106818.0
DEBUG 2025-01-13 22:39:56,127 autoreload File C:\Users\SIM\AppData\Roaming\Python\Python311\site-packages\django\template\engine.py first seen with mtime 1730363519.428758
DEBUG 2025-01-13 22:39:56,127 autoreload File C:\Users\SIM\AppData\Roaming\Python\Python311\site-packages\django\utils\hashable.py first seen with mtime 1730363519.518824
DEBUG 2025-01-13 22:39:56,127 autoreload File C:\Users\SIM\AppData\Local\Programs\Python\Python311\Lib\gettext.py first seen with mtime 1686106818.0
DEBUG 2025-01-13 22:39:56,127 autoreload File C:\Users\SIM\AppData\Roaming\Python\Python311\site-packages\django\core\checks\urls.py first seen with mtime 1730363518.8527594
DEBUG 2025-01-13 22:39:56,127 autoreload File C:\Users\SIM\AppData\Roaming\Python\Python311\site-packages\django\core\checks\__init__.py first seen with mtime 1730363518.8379147
DEBUG 2025-01-13 22:39:56,127 autoreload File C:\Users\SIM\AppData\Roaming\Python\Python311\site-packages\django\db\__init__.py first seen with mtime 1730363519.008809
DEBUG 2025-01-13 22:39:56,127 autoreload File C:\Users\SIM\AppData\Roaming\Python\Python311\site-packages\django\core\checks\database.py first seen with mtime 1730363518.8379147
DEBUG 2025-01-13 22:39:56,127 autoreload File C:\Users\SIM\AppData\Roaming\Python\Python311\site-packages\django\core\handlers\asgi.py first seen with mtime 1730363518.9017847
DEBUG 2025-01-13 22:39:56,127 autoreload File C:\Users\SIM\Desktop\DJANGO\Proiect1\aplicatie_exemplu\admin.py first seen with mtime 1733241541.137926
DEBUG 2025-01-13 22:39:56,127 autoreload File C:\Users\SIM\AppData\Roaming\Python\Python311\site-packages\django\template\__init__.py first seen with mtime 1730363519.412928
DEBUG 2025-01-13 22:39:56,127 autoreload File C:\Users\SIM\AppData\Roaming\Python\Python311\site-packages\django\utils\datastructures.py first seen with mtime 1730363519.5096915
DEBUG 2025-01-13 22:39:56,127 autoreload File C:\Users\SIM\Desktop\DJANGO\Proiect1\Proiect1\__init__.py first seen with mtime 1730907575.288558
DEBUG 2025-01-13 22:39:56,127 autoreload File C:\Users\SIM\AppData\Roaming\Python\Python311\site-packages\django\db\models\fields\proxy.py first seen with mtime 1730363519.1857815
DEBUG 2025-01-13 22:39:56,135 autoreload File C:\Users\SIM\AppData\Roaming\Python\Python311\site-packages\django\utils\tree.py first seen with mtime 1730363519.5518892
DEBUG 2025-01-13 22:39:56,135 autoreload File C:\Users\SIM\AppData\Local\Programs\Python\Python311\Lib\email\mime\base.py first seen with mtime 1686106818.0
DEBUG 2025-01-13 22:39:56,135 autoreload File C:\Users\SIM\AppData\Roaming\Python\Python311\site-packages\django\template\autoreload.py first seen with mtime 1730363519.4183285
DEBUG 2025-01-13 22:39:56,135 autoreload File C:\Users\SIM\AppData\Local\Programs\Python\Python311\Lib\site-packages\psycopg2\sql.py first seen with mtime 1731581176.2877078
DEBUG 2025-01-13 22:39:56,135 autoreload File C:\Users\SIM\AppData\Roaming\Python\Python311\site-packages\django\utils\timezone.py first seen with mtime 1730363519.5518892
DEBUG 2025-01-13 22:39:56,135 autoreload File C:\Users\SIM\AppData\Roaming\Python\Python311\site-packages\django\db\migrations\utils.py first seen with mtime 1730363519.1358416
DEBUG 2025-01-13 22:39:56,135 autoreload File C:\Users\SIM\AppData\Roaming\Python\Python311\site-packages\django\db\models\sql\constants.py first seen with mtime 1730363519.2111301
DEBUG 2025-01-13 22:39:56,135 autoreload File C:\Users\SIM\AppData\Local\Programs\Python\Python311\Lib\asyncio\proactor_events.py first seen with mtime 1686106818.0
DEBUG 2025-01-13 22:39:56,135 autoreload File C:\Users\SIM\AppData\Roaming\Python\Python311\site-packages\asgiref\sync.py first seen with mtime 1730363511.5520134
DEBUG 2025-01-13 22:39:56,135 autoreload File C:\Users\SIM\AppData\Local\Programs\Python\Python311\Lib\asyncio\locks.py first seen with mtime 1686106818.0
DEBUG 2025-01-13 22:39:56,135 autoreload File C:\Users\SIM\AppData\Local\Programs\Python\Python311\DLLs\_ssl.pyd first seen with mtime 1686106894.0
DEBUG 2025-01-13 22:39:56,135 autoreload File C:\Users\SIM\AppData\Roaming\Python\Python311\site-packages\django\core\servers\basehttp.py first seen with mtime 1730363519.0074275
DEBUG 2025-01-13 22:39:56,135 autoreload File C:\Users\SIM\AppData\Roaming\Python\Python311\site-packages\django\contrib\admin\sites.py first seen with mtime 1730363512.7042537
DEBUG 2025-01-13 22:39:56,135 autoreload File C:\Users\SIM\AppData\Local\Programs\Python\Python311\Lib\html\parser.py first seen with mtime 1686106818.0
DEBUG 2025-01-13 22:39:56,135 autoreload File C:\Users\SIM\AppData\Local\Programs\Python\Python311\Lib\concurrent\__init__.py first seen with mtime 1686106818.0
DEBUG 2025-01-13 22:39:56,135 autoreload File C:\Users\SIM\AppData\Local\Programs\Python\Python311\Lib\wsgiref\__init__.py first seen with mtime 1686106818.0
DEBUG 2025-01-13 22:39:56,135 autoreload File C:\Users\SIM\AppData\Local\Programs\Python\Python311\Lib\importlib\__init__.py first seen with mtime 1686106818.0
DEBUG 2025-01-13 22:39:56,135 autoreload File C:\Users\SIM\AppData\Roaming\Python\Python311\site-packages\django\contrib\contenttypes\admin.py first seen with mtime 1730363515.2296836
DEBUG 2025-01-13 22:39:56,135 autoreload File C:\Users\SIM\AppData\Roaming\Python\Python311\site-packages\django\db\models\manager.py first seen with mtime 1730363519.16236
DEBUG 2025-01-13 22:39:56,135 autoreload File C:\Users\SIM\AppData\Roaming\Python\Python311\site-packages\django\views\decorators\cache.py first seen with mtime 1730363519.574051
DEBUG 2025-01-13 22:39:56,135 autoreload File C:\Users\SIM\AppData\Roaming\Python\Python311\site-packages\django\core\files\locks.py first seen with mtime 1730363518.8701553
DEBUG 2025-01-13 22:39:56,135 autoreload File C:\Users\SIM\AppData\Roaming\Python\Python311\site-packages\django\db\models\fields\reverse_related.py first seen with mtime 1730363519.1947956
DEBUG 2025-01-13 22:39:56,135 autoreload File C:\Users\SIM\AppData\Roaming\Python\Python311\site-packages\django\db\backends\base\features.py first seen with mtime 1730363519.02519
DEBUG 2025-01-13 22:39:56,135 autoreload File C:\Users\SIM\AppData\Roaming\Python\Python311\site-packages\django\utils\deconstruct.py first seen with mtime 1730363519.5096915
DEBUG 2025-01-13 22:39:56,135 autoreload File C:\Users\SIM\AppData\Roaming\Python\Python311\site-packages\django\core\files\uploadhandler.py first seen with mtime 1730363518.878176
DEBUG 2025-01-13 22:39:56,135 autoreload File C:\Users\SIM\AppData\Roaming\Python\Python311\site-packages\django\core\files\move.py first seen with mtime 1730363518.8701553
DEBUG 2025-01-13 22:39:56,135 autoreload File C:\Users\SIM\AppData\Roaming\Python\Python311\site-packages\django\views\generic\dates.py first seen with mtime 1730363519.5854342
DEBUG 2025-01-13 22:39:56,135 autoreload File C:\Users\SIM\AppData\Roaming\Python\Python311\site-packages\django\contrib\auth\models.py first seen with mtime 1730363514.6519113
DEBUG 2025-01-13 22:39:56,135 autoreload File C:\Users\SIM\AppData\Local\Programs\Python\Python311\Lib\site-packages\psycopg2\__init__.py first seen with mtime 1731581176.263129
DEBUG 2025-01-13 22:39:56,135 autoreload File C:\Users\SIM\AppData\Roaming\Python\Python311\site-packages\django\db\migrations\operations\base.py first seen with mtime 1730363519.1384592
DEBUG 2025-01-13 22:39:56,135 autoreload File C:\Users\SIM\AppData\Roaming\Python\Python311\site-packages\django\contrib\staticfiles\checks.py first seen with mtime 1730363518.7730794
DEBUG 2025-01-13 22:39:56,135 autoreload File C:\Users\SIM\AppData\Roaming\Python\Python311\site-packages\django\core\management\commands\__init__.py first seen with mtime 1730363518.9353774
DEBUG 2025-01-13 22:39:56,135 autoreload File C:\Users\SIM\AppData\Roaming\Python\Python311\site-packages\django\db\models\functions\datetime.py first seen with mtime 1730363519.2030535
DEBUG 2025-01-13 22:39:56,135 autoreload File C:\Users\SIM\AppData\Roaming\Python\Python311\site-packages\django\forms\utils.py first seen with mtime 1730363519.24311
DEBUG 2025-01-13 22:39:56,135 autoreload File C:\Users\SIM\AppData\Local\Programs\Python\Python311\Lib\queue.py first seen with mtime 1686106818.0
DEBUG 2025-01-13 22:39:56,135 autoreload File C:\Users\SIM\AppData\Roaming\Python\Python311\site-packages\django\db\backends\postgresql\features.py first seen with mtime 1730363519.0819688
DEBUG 2025-01-13 22:39:56,135 autoreload File C:\Users\SIM\AppData\Roaming\Python\Python311\site-packages\django\forms\forms.py first seen with mtime 1730363519.236009
DEBUG 2025-01-13 22:39:56,135 autoreload File C:\Users\SIM\AppData\Local\Programs\Python\Python311\Lib\inspect.py first seen with mtime 1686106818.0
DEBUG 2025-01-13 22:39:56,135 autoreload File C:\Users\SIM\AppData\Local\Programs\Python\Python311\Lib\encodings\cp1252.py first seen with mtime 1686106818.0
DEBUG 2025-01-13 22:39:56,135 autoreload File C:\Users\SIM\AppData\Local\Programs\Python\Python311\Lib\_markupbase.py first seen with mtime 1686106818.0
DEBUG 2025-01-13 22:39:56,135 autoreload File C:\Users\SIM\AppData\Local\Programs\Python\Python311\DLLs\_uuid.pyd first seen with mtime 1686106894.0
DEBUG 2025-01-13 22:39:56,135 autoreload File C:\Users\SIM\AppData\Local\Programs\Python\Python311\Lib\site-packages\psycopg2\errors.py first seen with mtime 1731581176.280461
DEBUG 2025-01-13 22:39:56,135 autoreload File C:\Users\SIM\Desktop\DJANGO\Proiect1\manage.py first seen with mtime 1730907575.2803433
DEBUG 2025-01-13 22:39:56,135 autoreload File C:\Users\SIM\Desktop\DJANGO\Proiect1\aplicatie_exemplu\forms.py first seen with mtime 1736799755.31205
DEBUG 2025-01-13 22:39:56,135 autoreload File C:\Users\SIM\AppData\Roaming\Python\Python311\site-packages\django\core\checks\security\base.py first seen with mtime 1730363518.8617742
DEBUG 2025-01-13 22:39:56,135 autoreload File C:\Users\SIM\AppData\Local\Programs\Python\Python311\Lib\encodings\utf_8.py first seen with mtime 1686106818.0
DEBUG 2025-01-13 22:39:56,135 autoreload File C:\Users\SIM\AppData\Local\Programs\Python\Python311\Lib\site-packages\psycopg2\extensions.py first seen with mtime 1731581176.280461
DEBUG 2025-01-13 22:39:56,135 autoreload File C:\Users\SIM\AppData\Roaming\Python\Python311\site-packages\sqlparse\filters\output.py first seen with mtime 1730363510.8522604
DEBUG 2025-01-13 22:39:56,135 autoreload File C:\Users\SIM\AppData\Roaming\Python\Python311\site-packages\django\db\models\fields\mixins.py first seen with mtime 1730363519.1857815
DEBUG 2025-01-13 22:39:56,135 autoreload File C:\Users\SIM\AppData\Roaming\Python\Python311\site-packages\django\db\models\fields\json.py first seen with mtime 1730363519.1787376
DEBUG 2025-01-13 22:39:56,135 autoreload File C:\Users\SIM\AppData\Local\Programs\Python\Python311\Lib\json\__init__.py first seen with mtime 1686106818.0
DEBUG 2025-01-13 22:39:56,135 autoreload File C:\Users\SIM\AppData\Roaming\Python\Python311\site-packages\django\core\files\temp.py first seen with mtime 1730363518.878176
DEBUG 2025-01-13 22:39:56,135 autoreload File C:\Users\SIM\AppData\Local\Programs\Python\Python311\Lib\email\header.py first seen with mtime 1686106818.0
DEBUG 2025-01-13 22:39:56,135 autoreload File C:\Users\SIM\AppData\Roaming\Python\Python311\site-packages\django\contrib\messages\constants.py first seen with mtime 1730363517.0091832
DEBUG 2025-01-13 22:39:56,135 autoreload File C:\Users\SIM\AppData\Roaming\Python\Python311\site-packages\django\middleware\cache.py first seen with mtime 1730363519.4017735
DEBUG 2025-01-13 22:39:56,135 autoreload File C:\Users\SIM\AppData\Roaming\Python\Python311\site-packages\django\views\decorators\debug.py first seen with mtime 1730363519.574051
DEBUG 2025-01-13 22:39:56,135 autoreload File C:\Users\SIM\AppData\Roaming\Python\Python311\site-packages\django\utils\deprecation.py first seen with mtime 1730363519.518824
DEBUG 2025-01-13 22:39:56,135 autoreload File C:\Users\SIM\AppData\Local\Programs\Python\Python311\Lib\difflib.py first seen with mtime 1686106818.0
DEBUG 2025-01-13 22:39:56,135 autoreload File C:\Users\SIM\AppData\Roaming\Python\Python311\site-packages\django\db\backends\postgresql\schema.py first seen with mtime 1730363519.0883665
DEBUG 2025-01-13 22:39:56,135 autoreload File C:\Users\SIM\AppData\Local\Programs\Python\Python311\Lib\weakref.py first seen with mtime 1686106818.0
DEBUG 2025-01-13 22:39:56,135 autoreload File C:\Users\SIM\AppData\Local\Programs\Python\Python311\Lib\http\client.py first seen with mtime 1686106818.0
DEBUG 2025-01-13 22:39:56,135 autoreload File C:\Users\SIM\AppData\Roaming\Python\Python311\site-packages\django\contrib\contenttypes\forms.py first seen with mtime 1730363515.2378173
DEBUG 2025-01-13 22:39:56,135 autoreload File C:\Users\SIM\AppData\Roaming\Python\Python311\site-packages\django\template\smartif.py first seen with mtime 1730363519.437286
DEBUG 2025-01-13 22:39:56,135 autoreload File C:\Users\SIM\AppData\Roaming\Python\Python311\site-packages\django\db\migrations\exceptions.py first seen with mtime 1730363519.1142695
DEBUG 2025-01-13 22:39:56,135 autoreload File C:\Users\SIM\AppData\Local\Programs\Python\Python311\Lib\pprint.py first seen with mtime 1686106818.0
DEBUG 2025-01-13 22:39:56,135 autoreload File C:\Users\SIM\AppData\Local\Programs\Python\Python311\Lib\email\mime\message.py first seen with mtime 1686106818.0
DEBUG 2025-01-13 22:39:56,135 autoreload File C:\Users\SIM\AppData\Roaming\Python\Python311\site-packages\django\template\loaders\app_directories.py first seen with mtime 1730363519.4523761
DEBUG 2025-01-13 22:39:56,135 autoreload File C:\Users\SIM\AppData\Local\Programs\Python\Python311\Lib\re\_casefix.py first seen with mtime 1686106818.0
DEBUG 2025-01-13 22:39:56,135 autoreload File C:\Users\SIM\AppData\Roaming\Python\Python311\site-packages\django\core\checks\files.py first seen with mtime 1730363518.8459451
DEBUG 2025-01-13 22:39:56,135 autoreload File C:\Users\SIM\AppData\Roaming\Python\Python311\site-packages\django\views\generic\list.py first seen with mtime 1730363519.5854342
DEBUG 2025-01-13 22:39:56,135 autoreload File C:\Users\SIM\AppData\Local\Programs\Python\Python311\Lib\wsgiref\util.py first seen with mtime 1686106818.0
DEBUG 2025-01-13 22:39:56,135 autoreload File C:\Users\SIM\AppData\Roaming\Python\Python311\site-packages\django\db\models\__init__.py first seen with mtime 1730363519.146573
DEBUG 2025-01-13 22:39:56,135 autoreload File C:\Users\SIM\AppData\Local\Programs\Python\Python311\Lib\textwrap.py first seen with mtime 1686106818.0
DEBUG 2025-01-13 22:39:56,135 autoreload File C:\Users\SIM\AppData\Roaming\Python\Python311\site-packages\django\templatetags\l10n.py first seen with mtime 1730363519.4613905
DEBUG 2025-01-13 22:39:56,135 autoreload File C:\Users\SIM\AppData\Roaming\Python\Python311\site-packages\django\core\handlers\base.py first seen with mtime 1730363518.902088
DEBUG 2025-01-13 22:39:56,143 autoreload File C:\Users\SIM\AppData\Roaming\Python\Python311\site-packages\django\contrib\sessions\backends\base.py first seen with mtime 1730363517.772861
DEBUG 2025-01-13 22:39:56,143 autoreload File C:\Users\SIM\AppData\Local\Programs\Python\Python311\Lib\email\iterators.py first seen with mtime 1686106818.0
DEBUG 2025-01-13 22:39:56,143 autoreload File C:\Users\SIM\AppData\Local\Programs\Python\Python311\Lib\site-packages\PIL\ImageMode.py first seen with mtime 1713199321.8341837
DEBUG 2025-01-13 22:39:56,143 autoreload File C:\Users\SIM\AppData\Roaming\Python\Python311\site-packages\django\core\mail\__init__.py first seen with mtime 1730363518.902088
DEBUG 2025-01-13 22:39:56,143 autoreload File C:\Users\SIM\AppData\Local\Programs\Python\Python311\Lib\email\quoprimime.py first seen with mtime 1686106818.0
DEBUG 2025-01-13 22:39:56,143 autoreload File C:\Users\SIM\AppData\Roaming\Python\Python311\site-packages\asgiref\current_thread_executor.py first seen with mtime 1730363511.5413363
DEBUG 2025-01-13 22:39:56,143 autoreload File C:\Users\SIM\AppData\Roaming\Python\Python311\site-packages\django\contrib\sessions\exceptions.py first seen with mtime 1730363517.7646277
DEBUG 2025-01-13 22:39:56,143 autoreload File C:\Users\SIM\AppData\Roaming\Python\Python311\site-packages\django\core\checks\caches.py first seen with mtime 1730363518.8379147
DEBUG 2025-01-13 22:39:56,143 autoreload File C:\Users\SIM\AppData\Roaming\Python\Python311\site-packages\django\contrib\admin\templatetags\admin_modify.py first seen with mtime 1730363513.9955804
DEBUG 2025-01-13 22:39:56,143 autoreload File C:\Users\SIM\AppData\Roaming\Python\Python311\site-packages\django\db\utils.py first seen with mtime 1730363519.008809
DEBUG 2025-01-13 22:39:56,143 autoreload File C:\Users\SIM\AppData\Roaming\Python\Python311\site-packages\django\template\loaders\filesystem.py first seen with mtime 1730363519.4523761
DEBUG 2025-01-13 22:39:56,143 autoreload File C:\Users\SIM\AppData\Roaming\Python\Python311\site-packages\django\utils\module_loading.py first seen with mtime 1730363519.5421522
DEBUG 2025-01-13 22:39:56,143 autoreload File C:\Users\SIM\AppData\Roaming\Python\Python311\site-packages\django\views\i18n.py first seen with mtime 1730363519.5688384
DEBUG 2025-01-13 22:39:56,143 autoreload File C:\Users\SIM\AppData\Roaming\Python\Python311\site-packages\django\template\loaders\base.py first seen with mtime 1730363519.4523761
DEBUG 2025-01-13 22:39:56,143 autoreload File C:\Users\SIM\AppData\Local\Programs\Python\Python311\Lib\email\_encoded_words.py first seen with mtime 1686106818.0
DEBUG 2025-01-13 22:39:56,143 autoreload File C:\Users\SIM\AppData\Local\Programs\Python\Python311\Lib\socketserver.py first seen with mtime 1686106818.0
DEBUG 2025-01-13 22:39:56,143 autoreload File C:\Users\SIM\AppData\Local\Programs\Python\Python311\Lib\argparse.py first seen with mtime 1686106818.0
DEBUG 2025-01-13 22:39:56,143 autoreload File C:\Users\SIM\AppData\Local\Programs\Python\Python311\Lib\email\generator.py first seen with mtime 1686106818.0
DEBUG 2025-01-13 22:39:56,143 autoreload File C:\Users\SIM\AppData\Roaming\Python\Python311\site-packages\django\template\utils.py first seen with mtime 1730363519.437286
DEBUG 2025-01-13 22:39:56,143 autoreload File C:\Users\SIM\AppData\Roaming\Python\Python311\site-packages\django\utils\formats.py first seen with mtime 1730363519.518824
DEBUG 2025-01-13 22:39:56,143 autoreload File C:\Users\SIM\AppData\Roaming\Python\Python311\site-packages\django\middleware\clickjacking.py first seen with mtime 1730363519.403794
DEBUG 2025-01-13 22:39:56,143 autoreload File C:\Users\SIM\AppData\Local\Programs\Python\Python311\Lib\glob.py first seen with mtime 1686106818.0
DEBUG 2025-01-13 22:39:56,143 autoreload File C:\Users\SIM\AppData\Local\Programs\Python\Python311\Lib\email\errors.py first seen with mtime 1686106818.0
DEBUG 2025-01-13 22:39:56,143 autoreload File C:\Users\SIM\AppData\Local\Programs\Python\Python311\Lib\asyncio\__init__.py first seen with mtime 1686106818.0
DEBUG 2025-01-13 22:39:56,143 autoreload File C:\Users\SIM\Desktop\DJANGO\Proiect1\aplicatie\views.py first seen with mtime 1731591248.9291372
DEBUG 2025-01-13 22:39:56,143 autoreload File C:\Users\SIM\AppData\Roaming\Python\Python311\site-packages\django\urls\__init__.py first seen with mtime 1730363519.4856098
DEBUG 2025-01-13 22:39:56,143 autoreload File C:\Users\SIM\AppData\Roaming\Python\Python311\site-packages\django\contrib\admin\templatetags\log.py first seen with mtime 1730363514.00396
DEBUG 2025-01-13 22:39:56,143 autoreload File C:\Users\SIM\AppData\Roaming\Python\Python311\site-packages\django\views\generic\edit.py first seen with mtime 1730363519.5854342
DEBUG 2025-01-13 22:39:56,143 autoreload File C:\Users\SIM\AppData\Local\Programs\Python\Python311\Lib\shutil.py first seen with mtime 1686106818.0
DEBUG 2025-01-13 22:39:56,143 autoreload File C:\Users\SIM\AppData\Roaming\Python\Python311\site-packages\django\views\__init__.py first seen with mtime 1730363519.5659022
DEBUG 2025-01-13 22:39:56,143 autoreload File C:\Users\SIM\AppData\Roaming\Python\Python311\site-packages\sqlparse\formatter.py first seen with mtime 1730363510.8357532
DEBUG 2025-01-13 22:39:56,143 autoreload File C:\Users\SIM\AppData\Local\Programs\Python\Python311\Lib\ctypes\wintypes.py first seen with mtime 1686106818.0
DEBUG 2025-01-13 22:39:56,143 autoreload File C:\Users\SIM\AppData\Roaming\Python\Python311\site-packages\django\core\files\__init__.py first seen with mtime 1730363518.8686414
DEBUG 2025-01-13 22:39:56,143 autoreload File C:\Users\SIM\AppData\Local\Programs\Python\Python311\Lib\email\_header_value_parser.py first seen with mtime 1686106818.0
DEBUG 2025-01-13 22:39:56,143 autoreload File C:\Users\SIM\AppData\Roaming\Python\Python311\site-packages\django\core\signals.py first seen with mtime 1730363518.8052104
DEBUG 2025-01-13 22:39:56,143 autoreload File C:\Users\SIM\AppData\Roaming\Python\Python311\site-packages\sqlparse\tokens.py first seen with mtime 1730363510.8419755
DEBUG 2025-01-13 22:39:56,143 autoreload File C:\Users\SIM\AppData\Local\Programs\Python\Python311\Lib\hmac.py first seen with mtime 1686106818.0
DEBUG 2025-01-13 22:39:56,143 autoreload File C:\Users\SIM\AppData\Local\Programs\Python\Python311\Lib\re\_constants.py first seen with mtime 1686106818.0
DEBUG 2025-01-13 22:39:56,143 autoreload File C:\Users\SIM\AppData\Local\Programs\Python\Python311\Lib\__future__.py first seen with mtime 1686106818.0
DEBUG 2025-01-13 22:39:56,143 autoreload File C:\Users\SIM\AppData\Local\Programs\Python\Python311\Lib\reprlib.py first seen with mtime 1686106818.0
DEBUG 2025-01-13 22:39:56,143 autoreload File C:\Users\SIM\AppData\Roaming\Python\Python311\site-packages\django\contrib\staticfiles\utils.py first seen with mtime 1730363518.7855203
DEBUG 2025-01-13 22:39:56,143 autoreload File C:\Users\SIM\AppData\Roaming\Python\Python311\site-packages\django\contrib\messages\storage\__init__.py first seen with mtime 1730363517.0174048
DEBUG 2025-01-13 22:39:56,143 autoreload File C:\Users\SIM\AppData\Roaming\Python\Python311\site-packages\django\contrib\admin\apps.py first seen with mtime 1730363512.6853182
DEBUG 2025-01-13 22:39:56,143 autoreload File C:\Users\SIM\AppData\Local\Programs\Python\Python311\Lib\site-packages\_distutils_hack\__init__.py first seen with mtime 1730365884.3330114
DEBUG 2025-01-13 22:39:56,143 autoreload File C:\Users\SIM\AppData\Local\Programs\Python\Python311\Lib\ctypes\_endian.py first seen with mtime 1686106818.0
DEBUG 2025-01-13 22:39:56,143 autoreload File C:\Users\SIM\AppData\Local\Programs\Python\Python311\Lib\lzma.py first seen with mtime 1686106818.0
DEBUG 2025-01-13 22:39:56,143 autoreload File C:\Users\SIM\AppData\Local\Programs\Python\Python311\DLLs\_hashlib.pyd first seen with mtime 1686106894.0
DEBUG 2025-01-13 22:39:56,143 autoreload File C:\Users\SIM\AppData\Roaming\Python\Python311\site-packages\django\middleware\csrf.py first seen with mtime 1730363519.4048178
DEBUG 2025-01-13 22:39:56,143 autoreload File C:\Users\SIM\AppData\Local\Programs\Python\Python311\Lib\asyncio\protocols.py first seen with mtime 1686106818.0
DEBUG 2025-01-13 22:39:56,143 autoreload File C:\Users\SIM\AppData\Roaming\Python\Python311\site-packages\django\conf\__init__.py first seen with mtime 1730363511.862605
DEBUG 2025-01-13 22:39:56,143 autoreload File C:\Users\SIM\AppData\Roaming\Python\Python311\site-packages\django\utils\lorem_ipsum.py first seen with mtime 1730363519.5421522
DEBUG 2025-01-13 22:39:56,143 autoreload File C:\Users\SIM\AppData\Roaming\Python\Python311\site-packages\django\db\models\functions\math.py first seen with mtime 1730363519.2030535
DEBUG 2025-01-13 22:39:56,143 autoreload File C:\Users\SIM\AppData\Local\Programs\Python\Python311\DLLs\unicodedata.pyd first seen with mtime 1686106896.0
DEBUG 2025-01-13 22:39:56,143 autoreload File C:\Users\SIM\AppData\Local\Programs\Python\Python311\Lib\urllib\parse.py first seen with mtime 1686106818.0
DEBUG 2025-01-13 22:39:56,143 autoreload File C:\Users\SIM\AppData\Roaming\Python\Python311\site-packages\django\utils\timesince.py first seen with mtime 1730363519.5514941
DEBUG 2025-01-13 22:39:56,143 autoreload File C:\Users\SIM\AppData\Local\Programs\Python\Python311\Lib\getpass.py first seen with mtime 1686106818.0
DEBUG 2025-01-13 22:39:56,143 autoreload File C:\Users\SIM\AppData\Local\Programs\Python\Python311\Lib\random.py first seen with mtime 1686106818.0
DEBUG 2025-01-13 22:39:56,143 autoreload File C:\Users\SIM\AppData\Roaming\Python\Python311\site-packages\django\contrib\admin\widgets.py first seen with mtime 1730363512.7183719
DEBUG 2025-01-13 22:39:56,143 autoreload File C:\Users\SIM\AppData\Roaming\Python\Python311\site-packages\django\db\backends\signals.py first seen with mtime 1730363519.0159185
DEBUG 2025-01-13 22:39:56,143 autoreload File C:\Users\SIM\AppData\Roaming\Python\Python311\site-packages\django\urls\converters.py first seen with mtime 1730363519.4856098
DEBUG 2025-01-13 22:39:56,143 autoreload File C:\Users\SIM\AppData\Roaming\Python\Python311\site-packages\django\utils\dateparse.py first seen with mtime 1730363519.5096915
DEBUG 2025-01-13 22:39:56,143 autoreload File C:\Users\SIM\AppData\Local\Programs\Python\Python311\Lib\re\_compiler.py first seen with mtime 1686106818.0
DEBUG 2025-01-13 22:39:56,143 autoreload File C:\Users\SIM\AppData\Roaming\Python\Python311\site-packages\django\core\checks\security\sessions.py first seen with mtime 1730363518.8617742
DEBUG 2025-01-13 22:39:56,143 autoreload File C:\Users\SIM\AppData\Local\Programs\Python\Python311\Lib\email\parser.py first seen with mtime 1686106818.0
DEBUG 2025-01-13 22:39:56,143 autoreload File C:\Users\SIM\AppData\Roaming\Python\Python311\site-packages\django\db\backends\postgresql\client.py first seen with mtime 1730363519.073951
DEBUG 2025-01-13 22:39:56,143 autoreload File C:\Users\SIM\AppData\Roaming\Python\Python311\site-packages\django\db\transaction.py first seen with mtime 1730363519.008809
DEBUG 2025-01-13 22:39:56,143 autoreload File C:\Users\SIM\AppData\Roaming\Python\Python311\site-packages\django\contrib\auth\signals.py first seen with mtime 1730363514.6519113
DEBUG 2025-01-13 22:39:56,143 autoreload File C:\Users\SIM\AppData\Local\Programs\Python\Python311\Lib\site-packages\psycopg2\extras.py first seen with mtime 1731581176.280461
DEBUG 2025-01-13 22:39:56,143 autoreload File C:\Users\SIM\AppData\Local\Programs\Python\Python311\Lib\asyncio\selector_events.py first seen with mtime 1686106818.0
DEBUG 2025-01-13 22:39:56,143 autoreload File C:\Users\SIM\AppData\Roaming\Python\Python311\site-packages\django\template\library.py first seen with mtime 1730363519.428758
DEBUG 2025-01-13 22:39:56,143 autoreload File C:\Users\SIM\AppData\Roaming\Python\Python311\site-packages\django\core\files\storage\mixins.py first seen with mtime 1730363518.8974378
DEBUG 2025-01-13 22:39:56,143 autoreload File C:\Users\SIM\AppData\Roaming\Python\Python311\site-packages\django\db\models\sql\where.py first seen with mtime 1730363519.2213213
DEBUG 2025-01-13 22:39:56,143 autoreload File C:\Users\SIM\AppData\Roaming\Python\Python311\site-packages\django\templatetags\static.py first seen with mtime 1730363519.4684384
DEBUG 2025-01-13 22:39:56,143 autoreload File C:\Users\SIM\AppData\Local\Programs\Python\Python311\Lib\bisect.py first seen with mtime 1686106818.0
DEBUG 2025-01-13 22:39:56,143 autoreload File C:\Users\SIM\AppData\Local\Programs\Python\Python311\Lib\json\decoder.py first seen with mtime 1686106818.0
DEBUG 2025-01-13 22:39:56,143 autoreload File C:\Users\SIM\AppData\Local\Programs\Python\Python311\Lib\html\__init__.py first seen with mtime 1686106818.0
DEBUG 2025-01-13 22:39:56,143 autoreload File C:\Users\SIM\AppData\Local\Programs\Python\Python311\Lib\site-packages\PIL\_version.py first seen with mtime 1713199322.0304856
DEBUG 2025-01-13 22:39:56,143 autoreload File C:\Users\SIM\AppData\Roaming\Python\Python311\site-packages\django\contrib\auth\password_validation.py first seen with mtime 1730363514.6519113
DEBUG 2025-01-13 22:39:56,143 autoreload File C:\Users\SIM\AppData\Roaming\Python\Python311\site-packages\django\utils\log.py first seen with mtime 1730363519.5351002
DEBUG 2025-01-13 22:39:56,143 autoreload File C:\Users\SIM\AppData\Roaming\Python\Python311\site-packages\django\db\models\utils.py first seen with mtime 1730363519.1707
DEBUG 2025-01-13 22:39:56,143 autoreload File C:\Users\SIM\AppData\Roaming\Python\Python311\site-packages\django\db\models\query_utils.py first seen with mtime 1730363519.1707
DEBUG 2025-01-13 22:39:56,143 autoreload File C:\Users\SIM\AppData\Local\Programs\Python\Python311\Lib\email\contentmanager.py first seen with mtime 1686106818.0
DEBUG 2025-01-13 22:39:56,143 autoreload File C:\Users\SIM\AppData\Roaming\Python\Python311\site-packages\django\urls\conf.py first seen with mtime 1730363519.4856098
DEBUG 2025-01-13 22:39:56,143 autoreload File C:\Users\SIM\AppData\Local\Programs\Python\Python311\Lib\site-packages\colorama\winterm.py first seen with mtime 1686935914.822989
DEBUG 2025-01-13 22:39:56,143 autoreload File C:\Users\SIM\AppData\Roaming\Python\Python311\site-packages\django\core\mail\utils.py first seen with mtime 1730363518.913383
DEBUG 2025-01-13 22:39:56,143 autoreload File C:\Users\SIM\AppData\Local\Programs\Python\Python311\Lib\asyncio\runners.py first seen with mtime 1686106818.0
DEBUG 2025-01-13 22:39:56,143 autoreload File C:\Users\SIM\AppData\Roaming\Python\Python311\site-packages\django\db\models\fields\related_descriptors.py first seen with mtime 1730363519.1857815
DEBUG 2025-01-13 22:39:56,143 autoreload File C:\Users\SIM\AppData\Roaming\Python\Python311\site-packages\django\template\loader_tags.py first seen with mtime 1730363519.4351766
DEBUG 2025-01-13 22:39:56,143 autoreload File C:\Users\SIM\AppData\Local\Programs\Python\Python311\Lib\site-packages\PIL\Image.py first seen with mtime 1713199321.8112986
DEBUG 2025-01-13 22:39:56,143 autoreload File C:\Users\SIM\AppData\Local\Programs\Python\Python311\Lib\contextvars.py first seen with mtime 1686106818.0
DEBUG 2025-01-13 22:39:56,143 autoreload File C:\Users\SIM\AppData\Roaming\Python\Python311\site-packages\django\db\models\base.py first seen with mtime 1730363519.1527572
DEBUG 2025-01-13 22:39:56,143 autoreload File C:\Users\SIM\AppData\Local\Programs\Python\Python311\Lib\zoneinfo\_common.py first seen with mtime 1686106818.0
DEBUG 2025-01-13 22:39:56,143 autoreload File C:\Users\SIM\AppData\Roaming\Python\Python311\site-packages\django\contrib\admin\templatetags\admin_list.py first seen with mtime 1730363513.9955804
DEBUG 2025-01-13 22:39:56,143 autoreload File C:\Users\SIM\AppData\Local\Programs\Python\Python311\Lib\email\utils.py first seen with mtime 1686106818.0
DEBUG 2025-01-13 22:39:56,143 autoreload File C:\Users\SIM\AppData\Local\Programs\Python\Python311\Lib\email\encoders.py first seen with mtime 1686106818.0
DEBUG 2025-01-13 22:39:56,143 autoreload File C:\Users\SIM\AppData\Local\Programs\Python\Python311\Lib\asyncio\threads.py first seen with mtime 1686106818.0
DEBUG 2025-01-13 22:39:56,143 autoreload File C:\Users\SIM\AppData\Local\Programs\Python\Python311\Lib\tokenize.py first seen with mtime 1686106818.0
DEBUG 2025-01-13 22:39:56,143 autoreload File C:\Users\SIM\AppData\Roaming\Python\Python311\site-packages\django\db\models\sql\__init__.py first seen with mtime 1730363519.2111301
DEBUG 2025-01-13 22:39:56,152 autoreload File C:\Users\SIM\AppData\Local\Programs\Python\Python311\Lib\asyncio\base_events.py first seen with mtime 1686106818.0
DEBUG 2025-01-13 22:39:56,152 autoreload File C:\Users\SIM\AppData\Roaming\Python\Python311\site-packages\django\contrib\admin\decorators.py first seen with mtime 1730363512.6959162
DEBUG 2025-01-13 22:39:56,152 autoreload File C:\Users\SIM\AppData\Local\Programs\Python\Python311\Lib\urllib\error.py first seen with mtime 1686106818.0
DEBUG 2025-01-13 22:39:56,152 autoreload File C:\Users\SIM\AppData\Roaming\Python\Python311\site-packages\django\template\defaultfilters.py first seen with mtime 1730363519.4187372
DEBUG 2025-01-13 22:39:56,153 autoreload File C:\Users\SIM\AppData\Local\Programs\Python\Python311\Lib\selectors.py first seen with mtime 1686106818.0
DEBUG 2025-01-13 22:39:56,153 autoreload File C:\Users\SIM\AppData\Roaming\Python\Python311\site-packages\django\contrib\sessions\apps.py first seen with mtime 1730363517.753992
DEBUG 2025-01-13 22:39:56,153 autoreload File C:\Users\SIM\AppData\Roaming\Python\Python311\site-packages\django\urls\utils.py first seen with mtime 1730363519.4856098
DEBUG 2025-01-13 22:39:56,153 autoreload File C:\Users\SIM\AppData\Local\Programs\Python\Python311\Lib\site-packages\psycopg2\_range.py first seen with mtime 1731581176.280461
DEBUG 2025-01-13 22:39:56,153 autoreload File C:\Users\SIM\AppData\Roaming\Python\Python311\site-packages\django\contrib\admin\templatetags\__init__.py first seen with mtime 1730363513.9955804
DEBUG 2025-01-13 22:39:56,153 autoreload File C:\Users\SIM\AppData\Roaming\Python\Python311\site-packages\django\utils\dateformat.py first seen with mtime 1730363519.5096915
DEBUG 2025-01-13 22:39:56,153 autoreload File C:\Users\SIM\Desktop\DJANGO\Proiect1\aplicatie_exemplu\apps.py first seen with mtime 1730907848.1215076
DEBUG 2025-01-13 22:39:56,153 autoreload File C:\Users\SIM\AppData\Local\Programs\Python\Python311\Lib\enum.py first seen with mtime 1686106818.0
DEBUG 2025-01-13 22:39:56,153 autoreload File C:\Users\SIM\AppData\Local\Programs\Python\Python311\DLLs\_socket.pyd first seen with mtime 1686106894.0
DEBUG 2025-01-13 22:39:56,153 autoreload File C:\Users\SIM\AppData\Local\Programs\Python\Python311\Lib\site-packages\PIL\_typing.py first seen with mtime 1713199322.0304856
DEBUG 2025-01-13 22:39:56,153 autoreload File C:\Users\SIM\AppData\Local\Programs\Python\Python311\Lib\ctypes\__init__.py first seen with mtime 1686106818.0
DEBUG 2025-01-13 22:39:56,153 autoreload File C:\Users\SIM\AppData\Roaming\Python\Python311\site-packages\django\core\files\utils.py first seen with mtime 1730363518.878176
DEBUG 2025-01-13 22:39:56,153 autoreload File C:\Users\SIM\AppData\Roaming\Python\Python311\site-packages\django\core\wsgi.py first seen with mtime 1730363518.8134735
DEBUG 2025-01-13 22:39:56,153 autoreload File C:\Users\SIM\AppData\Roaming\Python\Python311\site-packages\django\forms\widgets.py first seen with mtime 1730363519.24311
DEBUG 2025-01-13 22:39:56,153 autoreload File C:\Users\SIM\AppData\Roaming\Python\Python311\site-packages\django\urls\base.py first seen with mtime 1730363519.4856098
DEBUG 2025-01-13 22:39:56,153 autoreload File C:\Users\SIM\AppData\Local\Programs\Python\Python311\DLLs\_ctypes.pyd first seen with mtime 1686106896.0
DEBUG 2025-01-13 22:39:56,153 autoreload File C:\Users\SIM\AppData\Roaming\Python\Python311\site-packages\sqlparse\filters\others.py first seen with mtime 1730363510.8522604
DEBUG 2025-01-13 22:39:56,153 autoreload File C:\Users\SIM\AppData\Local\Programs\Python\Python311\Lib\asyncio\log.py first seen with mtime 1686106818.0
DEBUG 2025-01-13 22:39:56,153 autoreload File C:\Users\SIM\AppData\Roaming\Python\Python311\site-packages\django\utils\translation\__init__.py first seen with mtime 1730363519.5518892
DEBUG 2025-01-13 22:39:56,153 autoreload File C:\Users\SIM\AppData\Roaming\Python\Python311\site-packages\django\contrib\messages\middleware.py first seen with mtime 1730363517.0118935
DEBUG 2025-01-13 22:39:56,153 autoreload File C:\Users\SIM\AppData\Roaming\Python\Python311\site-packages\django\contrib\admin\options.py first seen with mtime 1730363512.7042537
DEBUG 2025-01-13 22:39:56,153 autoreload File C:\Users\SIM\AppData\Roaming\Python\Python311\site-packages\sqlparse\filters\reindent.py first seen with mtime 1730363510.8522604
DEBUG 2025-01-13 22:39:56,153 autoreload File C:\Users\SIM\AppData\Local\Programs\Python\Python311\Lib\http\__init__.py first seen with mtime 1686106818.0
DEBUG 2025-01-13 22:39:56,153 autoreload File C:\Users\SIM\AppData\Roaming\Python\Python311\site-packages\django\core\files\base.py first seen with mtime 1730363518.8701553
DEBUG 2025-01-13 22:39:56,153 autoreload File C:\Users\SIM\AppData\Local\Programs\Python\Python311\Lib\types.py first seen with mtime 1686106818.0
DEBUG 2025-01-13 22:39:56,153 autoreload File C:\Users\SIM\AppData\Roaming\Python\Python311\site-packages\django\db\backends\base\introspection.py first seen with mtime 1730363519.02519
DEBUG 2025-01-13 22:39:56,153 autoreload File C:\Users\SIM\AppData\Roaming\Python\Python311\site-packages\django\contrib\contenttypes\apps.py first seen with mtime 1730363515.2296836
DEBUG 2025-01-13 22:39:56,153 autoreload File C:\Users\SIM\AppData\Roaming\Python\Python311\site-packages\django\contrib\staticfiles\management\commands\runserver.py first seen with mtime 1730363518.7970405
DEBUG 2025-01-13 22:39:56,153 autoreload File C:\Users\SIM\AppData\Roaming\Python\Python311\site-packages\django\db\models\fields\__init__.py first seen with mtime 1730363519.1787376
DEBUG 2025-01-13 22:39:56,153 autoreload File C:\Users\SIM\AppData\Roaming\Python\Python311\site-packages\django\db\models\deletion.py first seen with mtime 1730363519.1527572
DEBUG 2025-01-13 22:39:56,153 autoreload File C:\Users\SIM\AppData\Local\Programs\Python\Python311\DLLs\_zoneinfo.pyd first seen with mtime 1686106896.0
DEBUG 2025-01-13 22:39:56,153 autoreload File C:\Users\SIM\AppData\Local\Programs\Python\Python311\Lib\email\mime\multipart.py first seen with mtime 1686106818.0
DEBUG 2025-01-13 22:39:56,153 autoreload File C:\Users\SIM\AppData\Roaming\Python\Python311\site-packages\django\contrib\admin\exceptions.py first seen with mtime 1730363512.6959162
DEBUG 2025-01-13 22:39:56,153 autoreload File C:\Users\SIM\AppData\Roaming\Python\Python311\site-packages\django\contrib\admin\views\main.py first seen with mtime 1730363514.0105746
DEBUG 2025-01-13 22:39:56,153 autoreload File C:\Users\SIM\AppData\Roaming\Python\Python311\site-packages\sqlparse\cli.py first seen with mtime 1730363510.8336992
DEBUG 2025-01-13 22:39:56,153 autoreload File C:\Users\SIM\AppData\Roaming\Python\Python311\site-packages\django\contrib\messages\__init__.py first seen with mtime 1730363517.005663
DEBUG 2025-01-13 22:39:56,153 autoreload File C:\Users\SIM\AppData\Roaming\Python\Python311\site-packages\django\db\backends\postgresql\introspection.py first seen with mtime 1730363519.0858781
DEBUG 2025-01-13 22:39:56,153 autoreload File C:\Users\SIM\AppData\Roaming\Python\Python311\site-packages\django\contrib\messages\storage\base.py first seen with mtime 1730363517.0185566
DEBUG 2025-01-13 22:39:56,153 autoreload File C:\Users\SIM\AppData\Roaming\Python\Python311\site-packages\django\core\checks\model_checks.py first seen with mtime 1730363518.8494656
DEBUG 2025-01-13 22:39:56,153 autoreload File C:\Users\SIM\AppData\Local\Programs\Python\Python311\Lib\_compat_pickle.py first seen with mtime 1686106818.0
DEBUG 2025-01-13 22:39:56,153 autoreload File C:\Users\SIM\AppData\Roaming\Python\Python311\site-packages\django\contrib\staticfiles\__init__.py first seen with mtime 1730363518.768919
DEBUG 2025-01-13 22:39:56,153 autoreload File C:\Users\SIM\AppData\Roaming\Python\Python311\site-packages\django\urls\resolvers.py first seen with mtime 1730363519.4856098
DEBUG 2025-01-13 22:39:56,153 autoreload File C:\Users\SIM\AppData\Roaming\Python\Python311\site-packages\django\core\checks\security\csrf.py first seen with mtime 1730363518.8617742
DEBUG 2025-01-13 22:39:56,153 autoreload File C:\Users\SIM\AppData\Roaming\Python\Python311\site-packages\django\http\response.py first seen with mtime 1730363519.396641
DEBUG 2025-01-13 22:39:56,153 autoreload File C:\Users\SIM\AppData\Local\Programs\Python\Python311\Lib\asyncio\base_futures.py first seen with mtime 1686106818.0
DEBUG 2025-01-13 22:39:56,153 autoreload File C:\Users\SIM\AppData\Roaming\Python\Python311\site-packages\django\contrib\__init__.py first seen with mtime 1730363512.6822865
DEBUG 2025-01-13 22:39:56,153 autoreload File C:\Users\SIM\AppData\Roaming\Python\Python311\site-packages\django\db\backends\ddl_references.py first seen with mtime 1730363519.008809
DEBUG 2025-01-13 22:39:56,153 autoreload File C:\Users\SIM\AppData\Roaming\Python\Python311\site-packages\django\utils\connection.py first seen with mtime 1730363519.5025089
DEBUG 2025-01-13 22:39:56,153 autoreload File C:\Users\SIM\AppData\Roaming\Python\Python311\site-packages\django\views\decorators\common.py first seen with mtime 1730363519.574051
DEBUG 2025-01-13 22:39:56,153 autoreload File C:\Users\SIM\AppData\Local\Programs\Python\Python311\Lib\html\entities.py first seen with mtime 1686106818.0
DEBUG 2025-01-13 22:39:56,153 autoreload File C:\Users\SIM\AppData\Local\Programs\Python\Python311\Lib\pkgutil.py first seen with mtime 1686106818.0
DEBUG 2025-01-13 22:39:56,153 autoreload File C:\Users\SIM\AppData\Roaming\Python\Python311\site-packages\django\urls\exceptions.py first seen with mtime 1730363519.4856098
DEBUG 2025-01-13 22:39:56,153 autoreload File C:\Users\SIM\AppData\Roaming\Python\Python311\site-packages\django\core\mail\message.py first seen with mtime 1730363518.9103847
DEBUG 2025-01-13 22:39:56,153 autoreload File C:\Users\SIM\AppData\Local\Programs\Python\Python311\Lib\platform.py first seen with mtime 1686106818.0
DEBUG 2025-01-13 22:39:56,153 autoreload File C:\Users\SIM\AppData\Roaming\Python\Python311\site-packages\django\db\backends\base\schema.py first seen with mtime 1730363519.02519
DEBUG 2025-01-13 22:39:56,153 autoreload File C:\Users\SIM\AppData\Local\Programs\Python\Python311\Lib\site-packages\PIL\__init__.py first seen with mtime 1713199321.9253154
DEBUG 2025-01-13 22:39:56,153 autoreload File C:\Users\SIM\AppData\Roaming\Python\Python311\site-packages\django\utils\_os.py first seen with mtime 1730363519.4856098
DEBUG 2025-01-13 22:39:56,153 autoreload File C:\Users\SIM\AppData\Local\Programs\Python\Python311\Lib\email\message.py first seen with mtime 1686106818.0
DEBUG 2025-01-13 22:39:56,153 autoreload File C:\Users\SIM\Desktop\DJANGO\Proiect1\Proiect1\settings.py first seen with mtime 1736800779.3306959
DEBUG 2025-01-13 22:39:56,160 autoreload File C:\Users\SIM\AppData\Roaming\Python\Python311\site-packages\django\db\models\enums.py first seen with mtime 1730363519.1527572
DEBUG 2025-01-13 22:39:56,160 autoreload File C:\Users\SIM\AppData\Roaming\Python\Python311\site-packages\django\dispatch\__init__.py first seen with mtime 1730363519.2213213
DEBUG 2025-01-13 22:39:56,160 autoreload File C:\Users\SIM\AppData\Roaming\Python\Python311\site-packages\django\core\__init__.py first seen with mtime 1730363518.8052104
DEBUG 2025-01-13 22:39:56,160 autoreload File C:\Users\SIM\AppData\Roaming\Python\Python311\site-packages\django\contrib\auth\validators.py first seen with mtime 1730363514.662934
DEBUG 2025-01-13 22:39:56,160 autoreload File C:\Users\SIM\Desktop\DJANGO\Proiect1\aplicatie_exemplu\views.py first seen with mtime 1736800779.3274324
DEBUG 2025-01-13 22:39:56,160 autoreload File C:\Users\SIM\AppData\Roaming\Python\Python311\site-packages\sqlparse\engine\grouping.py first seen with mtime 1730363510.851671
DEBUG 2025-01-13 22:39:56,160 autoreload File C:\Users\SIM\AppData\Roaming\Python\Python311\site-packages\django\contrib\auth\hashers.py first seen with mtime 1730363514.6469238
DEBUG 2025-01-13 22:39:56,160 autoreload File C:\Users\SIM\AppData\Local\Programs\Python\Python311\Lib\email\mime\text.py first seen with mtime 1686106818.0
DEBUG 2025-01-13 22:39:56,160 autoreload File C:\Users\SIM\AppData\Roaming\Python\Python311\site-packages\django\core\cache\backends\base.py first seen with mtime 1730363518.8194945
DEBUG 2025-01-13 22:39:56,160 autoreload File C:\Users\SIM\AppData\Roaming\Python\Python311\site-packages\django\utils\__init__.py first seen with mtime 1730363519.4856098
DEBUG 2025-01-13 22:39:56,160 autoreload File C:\Users\SIM\AppData\Local\Programs\Python\Python311\DLLs\_overlapped.pyd first seen with mtime 1686106894.0
DEBUG 2025-01-13 22:39:56,160 autoreload File C:\Users\SIM\AppData\Roaming\Python\Python311\site-packages\django\http\multipartparser.py first seen with mtime 1730363519.3856273
DEBUG 2025-01-13 22:39:56,160 autoreload File C:\Users\SIM\AppData\Roaming\Python\Python311\site-packages\django\contrib\auth\base_user.py first seen with mtime 1730363514.6352322
DEBUG 2025-01-13 22:39:56,160 autoreload File C:\Users\SIM\AppData\Roaming\Python\Python311\site-packages\django\utils\autoreload.py first seen with mtime 1730363519.5025089
DEBUG 2025-01-13 22:39:56,160 autoreload File C:\Users\SIM\AppData\Local\Programs\Python\Python311\Lib\logging\handlers.py first seen with mtime 1686106818.0
DEBUG 2025-01-13 22:39:56,160 autoreload File C:\Users\SIM\AppData\Local\Programs\Python\Python311\Lib\asyncio\windows_utils.py first seen with mtime 1686106818.0
DEBUG 2025-01-13 22:39:56,160 autoreload File C:\Users\SIM\AppData\Local\Programs\Python\Python311\Lib\tempfile.py first seen with mtime 1686106818.0
DEBUG 2025-01-13 22:39:56,160 autoreload File C:\Users\SIM\AppData\Roaming\Python\Python311\site-packages\django\db\models\functions\comparison.py first seen with mtime 1730363519.201999
DEBUG 2025-01-13 22:39:56,160 autoreload File C:\Users\SIM\AppData\Local\Programs\Python\Python311\Lib\encodings\aliases.py first seen with mtime 1686106818.0
DEBUG 2025-01-13 22:39:56,160 autoreload File C:\Users\SIM\AppData\Roaming\Python\Python311\site-packages\django\db\models\functions\__init__.py first seen with mtime 1730363519.1947956
DEBUG 2025-01-13 22:39:56,160 autoreload File C:\Users\SIM\AppData\Local\Programs\Python\Python311\Lib\email\base64mime.py first seen with mtime 1686106818.0
DEBUG 2025-01-13 22:39:56,160 autoreload File C:\Users\SIM\AppData\Roaming\Python\Python311\site-packages\django\core\checks\translation.py first seen with mtime 1730363518.8527594
DEBUG 2025-01-13 22:39:56,160 autoreload File C:\Users\SIM\AppData\Local\Programs\Python\Python311\Lib\asyncio\tasks.py first seen with mtime 1686106818.0
DEBUG 2025-01-13 22:39:56,160 autoreload File C:\Users\SIM\AppData\Roaming\Python\Python311\site-packages\django\contrib\auth\middleware.py first seen with mtime 1730363514.6469238
DEBUG 2025-01-13 22:39:56,160 autoreload File C:\Users\SIM\AppData\Roaming\Python\Python311\site-packages\sqlparse\filters\tokens.py first seen with mtime 1730363510.868614
DEBUG 2025-01-13 22:39:56,160 autoreload File C:\Users\SIM\AppData\Roaming\Python\Python311\site-packages\django\utils\inspect.py first seen with mtime 1730363519.5351002
DEBUG 2025-01-13 22:39:56,160 autoreload File C:\Users\SIM\AppData\Roaming\Python\Python311\site-packages\django\contrib\contenttypes\views.py first seen with mtime 1730363515.2428498
DEBUG 2025-01-13 22:39:56,160 autoreload File C:\Users\SIM\AppData\Roaming\Python\Python311\site-packages\django\db\backends\__init__.py first seen with mtime 1730363519.008809
DEBUG 2025-01-13 22:39:56,160 autoreload File C:\Users\SIM\AppData\Roaming\Python\Python311\site-packages\django\http\request.py first seen with mtime 1730363519.396641
DEBUG 2025-01-13 22:39:56,160 autoreload File C:\Users\SIM\AppData\Local\Programs\Python\Python311\Lib\numbers.py first seen with mtime 1686106818.0
DEBUG 2025-01-13 22:39:56,160 autoreload File C:\Users\SIM\AppData\Roaming\Python\Python311\site-packages\django\core\cache\utils.py first seen with mtime 1730363518.8194945
DEBUG 2025-01-13 22:39:56,160 autoreload File C:\Users\SIM\AppData\Local\Programs\Python\Python311\Lib\email\__init__.py first seen with mtime 1686106818.0
DEBUG 2025-01-13 22:39:56,160 autoreload File C:\Users\SIM\AppData\Local\Programs\Python\Python311\Lib\ipaddress.py first seen with mtime 1686106818.0
DEBUG 2025-01-13 22:39:56,160 autoreload File C:\Users\SIM\AppData\Roaming\Python\Python311\site-packages\django\contrib\auth\checks.py first seen with mtime 1730363514.638802
DEBUG 2025-01-13 22:39:56,160 autoreload File C:\Users\SIM\AppData\Roaming\Python\Python311\site-packages\django\contrib\auth\__init__.py first seen with mtime 1730363514.6305225
DEBUG 2025-01-13 22:39:56,160 autoreload File C:\Users\SIM\AppData\Roaming\Python\Python311\site-packages\django\db\backends\postgresql\__init__.py first seen with mtime 1730363519.073951
DEBUG 2025-01-13 22:39:56,160 autoreload File C:\Users\SIM\AppData\Local\Programs\Python\Python311\Lib\dis.py first seen with mtime 1686106818.0
DEBUG 2025-01-13 22:39:56,160 autoreload File C:\Users\SIM\AppData\Roaming\Python\Python311\site-packages\django\db\models\fields\files.py first seen with mtime 1730363519.1787376
DEBUG 2025-01-13 22:39:56,160 autoreload File C:\Users\SIM\AppData\Roaming\Python\Python311\site-packages\django\contrib\admin\templatetags\base.py first seen with mtime 1730363514.0031848
DEBUG 2025-01-13 22:39:56,160 autoreload File C:\Users\SIM\AppData\Roaming\Python\Python311\site-packages\django\core\files\storage\memory.py first seen with mtime 1730363518.8955162
DEBUG 2025-01-13 22:39:56,160 autoreload File C:\Users\SIM\AppData\Roaming\Python\Python311\site-packages\django\db\migrations\operations\models.py first seen with mtime 1730363519.1384592
DEBUG 2025-01-13 22:39:56,160 autoreload File C:\Users\SIM\AppData\Roaming\Python\Python311\site-packages\django\db\models\query.py first seen with mtime 1730363519.1707
DEBUG 2025-01-13 22:39:56,160 autoreload File C:\Users\SIM\AppData\Roaming\Python\Python311\site-packages\django\template\base.py first seen with mtime 1730363519.4187372
DEBUG 2025-01-13 22:39:56,160 autoreload File C:\Users\SIM\AppData\Roaming\Python\Python311\site-packages\django\contrib\admin\templatetags\admin_urls.py first seen with mtime 1730363514.0001662
DEBUG 2025-01-13 22:39:56,160 autoreload File C:\Users\SIM\AppData\Roaming\Python\Python311\site-packages\django\contrib\admin\filters.py first seen with mtime 1730363512.6959162
DEBUG 2025-01-13 22:39:56,160 autoreload File C:\Users\SIM\AppData\Roaming\Python\Python311\site-packages\django\core\serializers\__init__.py first seen with mtime 1730363518.986077
DEBUG 2025-01-13 22:39:56,160 autoreload File C:\Users\SIM\AppData\Local\Programs\Python\Python311\Lib\logging\config.py first seen with mtime 1686106818.0
DEBUG 2025-01-13 22:39:56,160 autoreload File C:\Users\SIM\AppData\Roaming\Python\Python311\site-packages\django\forms\models.py first seen with mtime 1730363519.236009
DEBUG 2025-01-13 22:39:56,160 autoreload File C:\Users\SIM\AppData\Local\Programs\Python\Python311\Lib\asyncio\base_tasks.py first seen with mtime 1686106818.0
DEBUG 2025-01-13 22:39:56,160 autoreload File C:\Users\SIM\AppData\Roaming\Python\Python311\site-packages\django\contrib\sessions\models.py first seen with mtime 1730363517.768443
DEBUG 2025-01-13 22:39:56,160 autoreload File C:\Users\SIM\AppData\Local\Programs\Python\Python311\Lib\bz2.py first seen with mtime 1686106818.0
DEBUG 2025-01-13 22:39:56,160 autoreload File C:\Users\SIM\Desktop\DJANGO\Proiect1\aplicatie_exemplu\templates\adaugare_pizza.html first seen with mtime 1733405406.4156568
DEBUG 2025-01-13 22:39:56,160 autoreload File C:\Users\SIM\Desktop\DJANGO\Proiect1\aplicatie_exemplu\templates\adauga_promotie.html first seen with mtime 1734456694.1470876
DEBUG 2025-01-13 22:39:56,160 autoreload File C:\Users\SIM\Desktop\DJANGO\Proiect1\aplicatie_exemplu\templates\articole.html first seen with mtime 1732145058.6291988
DEBUG 2025-01-13 22:39:56,160 autoreload File C:\Users\SIM\Desktop\DJANGO\Proiect1\aplicatie_exemplu\templates\confirmare_email.html first seen with mtime 1734452863.3257353
DEBUG 2025-01-13 22:39:56,160 autoreload File C:\Users\SIM\Desktop\DJANGO\Proiect1\aplicatie_exemplu\templates\contact.html first seen with mtime 1733402852.2961094
DEBUG 2025-01-13 22:39:56,160 autoreload File C:\Users\SIM\Desktop\DJANGO\Proiect1\aplicatie_exemplu\templates\detalii_pizza.html first seen with mtime 1734458480.7238045
DEBUG 2025-01-13 22:39:56,160 autoreload File C:\Users\SIM\Desktop\DJANGO\Proiect1\aplicatie_exemplu\templates\email_promotie_meniu_seara.txt first seen with mtime 1736791277.0101433
DEBUG 2025-01-13 22:39:56,160 autoreload File C:\Users\SIM\Desktop\DJANGO\Proiect1\aplicatie_exemplu\templates\email_promotie_meniu_zi.txt first seen with mtime 1736790103.468267
DEBUG 2025-01-13 22:39:56,160 autoreload File C:\Users\SIM\Desktop\DJANGO\Proiect1\aplicatie_exemplu\templates\email_template.html first seen with mtime 1734453007.0543363
DEBUG 2025-01-13 22:39:56,160 autoreload File C:\Users\SIM\Desktop\DJANGO\Proiect1\aplicatie_exemplu\templates\inregistrare.html first seen with mtime 1734015717.9268386
DEBUG 2025-01-13 22:39:56,160 autoreload File C:\Users\SIM\Desktop\DJANGO\Proiect1\aplicatie_exemplu\templates\lista_promotii.html first seen with mtime 1734456694.2244902
DEBUG 2025-01-13 22:39:56,160 autoreload File C:\Users\SIM\Desktop\DJANGO\Proiect1\aplicatie_exemplu\templates\login.html first seen with mtime 1733880649.4997177
DEBUG 2025-01-13 22:39:56,160 autoreload File C:\Users\SIM\Desktop\DJANGO\Proiect1\aplicatie_exemplu\templates\mesaj_trimis.html first seen with mtime 1733403385.7844315
DEBUG 2025-01-13 22:39:56,160 autoreload File C:\Users\SIM\Desktop\DJANGO\Proiect1\aplicatie_exemplu\templates\password_change.html first seen with mtime 1734016886.585492
DEBUG 2025-01-13 22:39:56,160 autoreload File C:\Users\SIM\Desktop\DJANGO\Proiect1\aplicatie_exemplu\templates\password_change_done.html first seen with mtime 1734017321.539737
DEBUG 2025-01-13 22:39:56,160 autoreload File C:\Users\SIM\Desktop\DJANGO\Proiect1\aplicatie_exemplu\templates\pizzas.html first seen with mtime 1734458567.7909873
DEBUG 2025-01-13 22:39:56,160 autoreload File C:\Users\SIM\Desktop\DJANGO\Proiect1\aplicatie_exemplu\templates\prajituri.html first seen with mtime 1733249306.3769193
DEBUG 2025-01-13 22:39:56,160 autoreload File C:\Users\SIM\Desktop\DJANGO\Proiect1\aplicatie_exemplu\templates\profile.html first seen with mtime 1734016886.5941782
DEBUG 2025-01-13 22:39:56,160 autoreload File C:\Users\SIM\Desktop\DJANGO\Proiect1\aplicatie\templates\operatii.html first seen with mtime 1731591295.788468
DEBUG 2025-01-13 22:39:57,297 autoreload File C:\Users\SIM\AppData\Roaming\Python\Python311\site-packages\django\contrib\contenttypes\migrations\__init__.py first seen with mtime 1730363515.6521795
DEBUG 2025-01-13 22:39:57,297 autoreload File C:\Users\SIM\AppData\Roaming\Python\Python311\site-packages\django\views\defaults.py first seen with mtime 1730363519.5688384
DEBUG 2025-01-13 22:39:57,298 autoreload File C:\Users\SIM\AppData\Roaming\Python\Python311\site-packages\django\db\migrations\loader.py first seen with mtime 1730363519.1217487
DEBUG 2025-01-13 22:39:57,298 autoreload File C:\Users\SIM\AppData\Roaming\Python\Python311\site-packages\django\contrib\auth\migrations\0001_initial.py first seen with mtime 1730363515.1973174
DEBUG 2025-01-13 22:39:57,298 autoreload File C:\Users\SIM\Desktop\DJANGO\Proiect1\aplicatie_exemplu\migrations\0002_customuser_test_field.py first seen with mtime 1733882372.8594377
DEBUG 2025-01-13 22:39:57,298 autoreload File C:\Users\SIM\AppData\Roaming\Python\Python311\site-packages\django\contrib\contenttypes\migrations\0001_initial.py first seen with mtime 1730363515.6521795
DEBUG 2025-01-13 22:39:57,298 autoreload File C:\Users\SIM\Desktop\DJANGO\Proiect1\aplicatie_exemplu\migrations\0004_customuser_adresa_customuser_data_nasterii_and_more.py first seen with mtime 1734016340.0623882
DEBUG 2025-01-13 22:39:57,298 autoreload File C:\Users\SIM\Desktop\DJANGO\Proiect1\aplicatie_exemplu\migrations\0003_remove_customuser_test_field.py first seen with mtime 1733883270.4782133
DEBUG 2025-01-13 22:39:57,298 autoreload File C:\Users\SIM\AppData\Roaming\Python\Python311\site-packages\django\contrib\auth\migrations\0007_alter_validators_add_error_messages.py first seen with mtime 1730363515.2055457
DEBUG 2025-01-13 22:39:57,298 autoreload File C:\Users\SIM\AppData\Local\Programs\Python\Python311\Lib\stringprep.py first seen with mtime 1686106818.0
DEBUG 2025-01-13 22:39:57,298 autoreload File C:\Users\SIM\AppData\Roaming\Python\Python311\site-packages\django\contrib\auth\migrations\0002_alter_permission_name_max_length.py first seen with mtime 1730363515.2019997
DEBUG 2025-01-13 22:39:57,298 autoreload File C:\Users\SIM\AppData\Roaming\Python\Python311\site-packages\django\contrib\contenttypes\migrations\0002_remove_content_type_name.py first seen with mtime 1730363515.6521795
DEBUG 2025-01-13 22:39:57,298 autoreload File C:\Users\SIM\Desktop\DJANGO\Proiect1\aplicatie_exemplu\migrations\__init__.py first seen with mtime 1732801320.7642558
DEBUG 2025-01-13 22:39:57,298 autoreload File C:\Users\SIM\Desktop\DJANGO\Proiect1\aplicatie_exemplu\migrations\0001_initial.py first seen with mtime 1733881962.020991
DEBUG 2025-01-13 22:39:57,298 autoreload File C:\Users\SIM\AppData\Local\Programs\Python\Python311\Lib\site-packages\PIL\_imaging.cp311-win_amd64.pyd first seen with mtime 1713199321.964252
DEBUG 2025-01-13 22:39:57,298 autoreload File C:\Users\SIM\AppData\Roaming\Python\Python311\site-packages\django\db\models\sql\compiler.py first seen with mtime 1730363519.2111301
DEBUG 2025-01-13 22:39:57,298 autoreload File C:\Users\SIM\AppData\Roaming\Python\Python311\site-packages\django\core\cache\backends\locmem.py first seen with mtime 1730363518.8295124
DEBUG 2025-01-13 22:39:57,298 autoreload File C:\Users\SIM\AppData\Roaming\Python\Python311\site-packages\django\db\migrations\recorder.py first seen with mtime 1730363519.1302652
DEBUG 2025-01-13 22:39:57,305 autoreload File C:\Users\SIM\AppData\Roaming\Python\Python311\site-packages\django\contrib\admin\migrations\__init__.py first seen with mtime 1730363513.652066
DEBUG 2025-01-13 22:39:57,305 autoreload File C:\Users\SIM\AppData\Roaming\Python\Python311\site-packages\django\contrib\auth\migrations\0012_alter_user_first_name_max_length.py first seen with mtime 1730363515.2186658
DEBUG 2025-01-13 22:39:57,305 autoreload File C:\Users\SIM\AppData\Roaming\Python\Python311\site-packages\django\contrib\auth\migrations\0005_alter_user_last_login_null.py first seen with mtime 1730363515.2055457
DEBUG 2025-01-13 22:39:57,305 autoreload File C:\Users\SIM\AppData\Roaming\Python\Python311\site-packages\django\contrib\auth\migrations\0010_alter_group_name_max_length.py first seen with mtime 1730363515.2135768
DEBUG 2025-01-13 22:39:57,305 autoreload File C:\Users\SIM\AppData\Roaming\Python\Python311\site-packages\django\contrib\admin\migrations\0001_initial.py first seen with mtime 1730363513.645662
DEBUG 2025-01-13 22:39:57,305 autoreload File C:\Users\SIM\Desktop\DJANGO\Proiect1\Proiect1\wsgi.py first seen with mtime 1730907575.288558
DEBUG 2025-01-13 22:39:57,305 autoreload File C:\Users\SIM\AppData\Roaming\Python\Python311\site-packages\django\db\migrations\executor.py first seen with mtime 1730363519.1192303
DEBUG 2025-01-13 22:39:57,305 autoreload File C:\Users\SIM\AppData\Local\Programs\Python\Python311\Lib\site-packages\PIL\_util.py first seen with mtime 1713199322.0304856
DEBUG 2025-01-13 22:39:57,305 autoreload File C:\Users\SIM\AppData\Roaming\Python\Python311\site-packages\django\contrib\auth\migrations\0008_alter_user_username_max_length.py first seen with mtime 1730363515.2055457
DEBUG 2025-01-13 22:39:57,305 autoreload File C:\Users\SIM\AppData\Roaming\Python\Python311\site-packages\django\contrib\auth\migrations\0004_alter_user_username_opts.py first seen with mtime 1730363515.2035208
DEBUG 2025-01-13 22:39:57,311 autoreload File C:\Users\SIM\AppData\Roaming\Python\Python311\site-packages\django\conf\urls\__init__.py first seen with mtime 1730363512.6716802
DEBUG 2025-01-13 22:39:57,311 autoreload File C:\Users\SIM\AppData\Roaming\Python\Python311\site-packages\django\contrib\auth\migrations\0003_alter_user_email_max_length.py first seen with mtime 1730363515.2026243
DEBUG 2025-01-13 22:39:57,311 autoreload File C:\Users\SIM\AppData\Roaming\Python\Python311\site-packages\django\contrib\sessions\backends\db.py first seen with mtime 1730363517.772861
DEBUG 2025-01-13 22:39:57,311 autoreload File C:\Users\SIM\AppData\Local\Programs\Python\Python311\Lib\encodings\idna.py first seen with mtime 1686106818.0
DEBUG 2025-01-13 22:39:57,313 autoreload File C:\Users\SIM\AppData\Roaming\Python\Python311\site-packages\django\contrib\auth\migrations\0009_alter_user_last_name_max_length.py first seen with mtime 1730363515.2135768
DEBUG 2025-01-13 22:39:57,313 autoreload File C:\Users\SIM\AppData\Roaming\Python\Python311\site-packages\django\views\csrf.py first seen with mtime 1730363519.5659022
DEBUG 2025-01-13 22:39:57,313 autoreload File C:\Users\SIM\AppData\Roaming\Python\Python311\site-packages\django\contrib\auth\migrations\0006_require_contenttypes_0002.py first seen with mtime 1730363515.2055457
DEBUG 2025-01-13 22:39:57,313 autoreload File C:\Users\SIM\Desktop\DJANGO\Proiect1\aplicatie_exemplu\migrations\0005_customuser_cod_customuser_email_confirmat.py first seen with mtime 1734452382.3271067
DEBUG 2025-01-13 22:39:57,313 autoreload File C:\Users\SIM\AppData\Roaming\Python\Python311\site-packages\django\contrib\sessions\migrations\__init__.py first seen with mtime 1730363518.3192728
DEBUG 2025-01-13 22:39:57,313 autoreload File C:\Users\SIM\AppData\Roaming\Python\Python311\site-packages\django\contrib\admin\migrations\0002_logentry_remove_auto_add.py first seen with mtime 1730363513.652066
DEBUG 2025-01-13 22:39:57,313 autoreload File C:\Users\SIM\Desktop\DJANGO\Proiect1\aplicatie_exemplu\migrations\0006_promotie_vizualizari.py first seen with mtime 1734456698.5619638
DEBUG 2025-01-13 22:39:57,313 autoreload File C:\Users\SIM\AppData\Roaming\Python\Python311\site-packages\django\contrib\admin\migrations\0003_logentry_add_action_flag_choices.py first seen with mtime 1730363513.652066
DEBUG 2025-01-13 22:39:57,313 autoreload File C:\Users\SIM\AppData\Roaming\Python\Python311\site-packages\django\contrib\sessions\migrations\0001_initial.py first seen with mtime 1730363518.3192728
DEBUG 2025-01-13 22:39:57,313 autoreload File C:\Users\SIM\AppData\Roaming\Python\Python311\site-packages\django\contrib\auth\migrations\0011_update_proxy_permissions.py first seen with mtime 1730363515.2135768
DEBUG 2025-01-13 22:39:57,313 autoreload File C:\Users\SIM\AppData\Roaming\Python\Python311\site-packages\django\db\migrations\graph.py first seen with mtime 1730363519.1217487
DEBUG 2025-01-13 22:39:57,313 autoreload File C:\Users\SIM\AppData\Roaming\Python\Python311\site-packages\django\contrib\auth\migrations\__init__.py first seen with mtime 1730363515.2186658
DEBUG 2025-01-13 22:40:04,730 utils (0.015) SELECT COUNT(*) AS "__count" FROM "aplicatie_exemplu_pizza"; args=(); alias=default
DEBUG 2025-01-13 22:40:04,779 utils (0.000) DECLARE "_django_curs_19320_sync_1" NO SCROLL CURSOR WITH HOLD FOR SELECT "aplicatie_exemplu_meniu"."id", "aplicatie_exemplu_meniu"."nume", "aplicatie_exemplu_meniu"."descriere", "aplicatie_exemplu_meniu"."data_creare" FROM "aplicatie_exemplu_meniu"; args=(); alias=default
DEBUG 2025-01-13 22:40:04,786 utils (0.000) SELECT "aplicatie_exemplu_pizza"."id", "aplicatie_exemplu_pizza"."nume", "aplicatie_exemplu_pizza"."descriere", "aplicatie_exemplu_pizza"."pret", "aplicatie_exemplu_pizza"."gramaj", "aplicatie_exemplu_pizza"."meniu_id", "aplicatie_exemplu_pizza"."ambalaj_id" FROM "aplicatie_exemplu_pizza" LIMIT 5; args=(); alias=default
INFO 2025-01-13 22:40:04,827 basehttp "GET /aplicatie_exemplu/lista_pizze/ HTTP/1.1" 200 4031
DEBUG 2025-01-13 22:40:05,894 autoreload File C:\Users\SIM\AppData\Roaming\Python\Python311\site-packages\django\contrib\messages\storage\fallback.py first seen with mtime 1730363517.021073
DEBUG 2025-01-13 22:40:05,894 autoreload File C:\Users\SIM\AppData\Roaming\Python\Python311\site-packages\django\contrib\messages\storage\cookie.py first seen with mtime 1730363517.0199463
DEBUG 2025-01-13 22:40:05,903 autoreload File C:\Users\SIM\AppData\Roaming\Python\Python311\site-packages\django\conf\locale\en\formats.py first seen with mtime 1730363512.0187137
DEBUG 2025-01-13 22:40:05,911 autoreload File C:\Users\SIM\AppData\Roaming\Python\Python311\site-packages\django\contrib\messages\storage\session.py first seen with mtime 1730363517.021073
DEBUG 2025-01-13 22:40:05,919 autoreload File C:\Users\SIM\AppData\Roaming\Python\Python311\site-packages\django\conf\locale\en\__init__.py first seen with mtime 1730363512.0187137
DEBUG 2025-01-13 22:40:05,919 autoreload File C:\Users\SIM\AppData\Roaming\Python\Python311\site-packages\django\contrib\sessions\serializers.py first seen with mtime 1730363517.7698474
DEBUG 2025-01-13 22:40:05,927 autoreload File C:\Users\SIM\AppData\Roaming\Python\Python311\site-packages\django\template\context_processors.py first seen with mtime 1730363519.4187372
DEBUG 2025-01-13 22:40:05,927 autoreload File C:\Users\SIM\AppData\Roaming\Python\Python311\site-packages\django\contrib\auth\context_processors.py first seen with mtime 1730363514.6418157
DEBUG 2025-01-13 22:40:05,944 autoreload File C:\Users\SIM\AppData\Roaming\Python\Python311\site-packages\django\contrib\messages\context_processors.py first seen with mtime 1730363517.011087
DEBUG 2025-01-13 22:40:06,590 utils (0.000) SELECT COUNT(*) AS "__count" FROM "aplicatie_exemplu_pizza"; args=(); alias=default
DEBUG 2025-01-13 22:40:06,606 utils (0.000) DECLARE "_django_curs_19320_sync_2" NO SCROLL CURSOR WITH HOLD FOR SELECT "aplicatie_exemplu_meniu"."id", "aplicatie_exemplu_meniu"."nume", "aplicatie_exemplu_meniu"."descriere", "aplicatie_exemplu_meniu"."data_creare" FROM "aplicatie_exemplu_meniu"; args=(); alias=default
DEBUG 2025-01-13 22:40:06,606 utils (0.000) SELECT "aplicatie_exemplu_pizza"."id", "aplicatie_exemplu_pizza"."nume", "aplicatie_exemplu_pizza"."descriere", "aplicatie_exemplu_pizza"."pret", "aplicatie_exemplu_pizza"."gramaj", "aplicatie_exemplu_pizza"."meniu_id", "aplicatie_exemplu_pizza"."ambalaj_id" FROM "aplicatie_exemplu_pizza" LIMIT 5; args=(); alias=default
INFO 2025-01-13 22:40:06,606 basehttp "GET /aplicatie_exemplu/lista_pizze/ HTTP/1.1" 200 4031
DEBUG 2025-01-13 22:40:12,028 base Exception while resolving variable 'name' in template 'unknown'.
Traceback (most recent call last):
  File "C:\Users\SIM\AppData\Roaming\Python\Python311\site-packages\django\core\handlers\exception.py", line 55, in inner
    response = get_response(request)
               ^^^^^^^^^^^^^^^^^^^^^
  File "C:\Users\SIM\AppData\Roaming\Python\Python311\site-packages\django\core\handlers\base.py", line 181, in _get_response
    callback, callback_args, callback_kwargs = self.resolve_request(request)
                                               ^^^^^^^^^^^^^^^^^^^^^^^^^^^^^
  File "C:\Users\SIM\AppData\Roaming\Python\Python311\site-packages\django\core\handlers\base.py", line 313, in resolve_request
    resolver_match = resolver.resolve(request.path_info)
                     ^^^^^^^^^^^^^^^^^^^^^^^^^^^^^^^^^^^
  File "C:\Users\SIM\AppData\Roaming\Python\Python311\site-packages\django\urls\resolvers.py", line 705, in resolve
    raise Resolver404({"tried": tried, "path": new_path})
django.urls.exceptions.Resolver404: {'tried': [[<URLResolver <URLPattern list> (admin:admin) 'admin/'>], [<URLResolver <module 'aplicatie_exemplu.urls' from 'C:\\Users\\SIM\\Desktop\\DJANGO\\Proiect1\\aplicatie_exemplu\\urls.py'> (None:None) 'aplicatie_exemplu/'>, <URLPattern '' [name='index']>], [<URLResolver <module 'aplicatie_exemplu.urls' from 'C:\\Users\\SIM\\Desktop\\DJANGO\\Proiect1\\aplicatie_exemplu\\urls.py'> (None:None) 'aplicatie_exemplu/'>, <URLPattern 'pag1' [name='f']>], [<URLResolver <module 'aplicatie_exemplu.urls' from 'C:\\Users\\SIM\\Desktop\\DJANGO\\Proiect1\\aplicatie_exemplu\\urls.py'> (None:None) 'aplicatie_exemplu/'>, <URLPattern 'pag2' [name='g']>], [<URLResolver <module 'aplicatie_exemplu.urls' from 'C:\\Users\\SIM\\Desktop\\DJANGO\\Proiect1\\aplicatie_exemplu\\urls.py'> (None:None) 'aplicatie_exemplu/'>, <URLPattern 'mesaj' [name='mesaj']>], [<URLResolver <module 'aplicatie_exemplu.urls' from 'C:\\Users\\SIM\\Desktop\\DJANGO\\Proiect1\\aplicatie_exemplu\\urls.py'> (None:None) 'aplicatie_exemplu/'>, <URLPattern 'data' [name='data']>], [<URLResolver <module 'aplicatie_exemplu.urls' from 'C:\\Users\\SIM\\Desktop\\DJANGO\\Proiect1\\aplicatie_exemplu\\urls.py'> (None:None) 'aplicatie_exemplu/'>, <URLPattern 'nr_accesari' [name='nr_accesari']>], [<URLResolver <module 'aplicatie_exemplu.urls' from 'C:\\Users\\SIM\\Desktop\\DJANGO\\Proiect1\\aplicatie_exemplu\\urls.py'> (None:None) 'aplicatie_exemplu/'>, <URLPattern 'suma' [name='suma']>], [<URLResolver <module 'aplicatie_exemplu.urls' from 'C:\\Users\\SIM\\Desktop\\DJANGO\\Proiect1\\aplicatie_exemplu\\urls.py'> (None:None) 'aplicatie_exemplu/'>, <URLPattern 'suma2/<int:a>/<int:b>/' [name='suma2']>], [<URLResolver <module 'aplicatie_exemplu.urls' from 'C:\\Users\\SIM\\Desktop\\DJANGO\\Proiect1\\aplicatie_exemplu\\urls.py'> (None:None) 'aplicatie_exemplu/'>, <URLPattern 'text' [name='text']>], [<URLResolver <module 'aplicatie_exemplu.urls' from 'C:\\Users\\SIM\\Desktop\\DJANGO\\Proiect1\\aplicatie_exemplu\\urls.py'> (None:None) 'aplicatie_exemplu/'>, <URLPattern 'nr_parametri' [name='nr_parametri']>], [<URLResolver <module 'aplicatie_exemplu.urls' from 'C:\\Users\\SIM\\Desktop\\DJANGO\\Proiect1\\aplicatie_exemplu\\urls.py'> (None:None) 'aplicatie_exemplu/'>, <URLPattern 'operatie' [name='operatie']>], [<URLResolver <module 'aplicatie_exemplu.urls' from 'C:\\Users\\SIM\\Desktop\\DJANGO\\Proiect1\\aplicatie_exemplu\\urls.py'> (None:None) 'aplicatie_exemplu/'>, <URLPattern 'tabel' [name='tabel']>], [<URLResolver <module 'aplicatie_exemplu.urls' from 'C:\\Users\\SIM\\Desktop\\DJANGO\\Proiect1\\aplicatie_exemplu\\urls.py'> (None:None) 'aplicatie_exemplu/'>, <URLPattern 'lista' [name='lista']>], [<URLResolver <module 'aplicatie_exemplu.urls' from 'C:\\Users\\SIM\\Desktop\\DJANGO\\Proiect1\\aplicatie_exemplu\\urls.py'> (None:None) 'aplicatie_exemplu/'>, <URLPattern 'afis_template/' [name='afis_template']>], [<URLResolver <module 'aplicatie_exemplu.urls' from 'C:\\Users\\SIM\\Desktop\\DJANGO\\Proiect1\\aplicatie_exemplu\\urls.py'> (None:None) 'aplicatie_exemplu/'>, <URLPattern 'prajituri/' [name='lista_prajituri']>], [<URLResolver <module 'aplicatie_exemplu.urls' from 'C:\\Users\\SIM\\Desktop\\DJANGO\\Proiect1\\aplicatie_exemplu\\urls.py'> (None:None) 'aplicatie_exemplu/'>, <URLPattern 'lista_pizze/' [name='lista_pizze']>], [<URLResolver <module 'aplicatie_exemplu.urls' from 'C:\\Users\\SIM\\Desktop\\DJANGO\\Proiect1\\aplicatie_exemplu\\urls.py'> (None:None) 'aplicatie_exemplu/'>, <URLPattern 'contact/' [name='contact']>], [<URLResolver <module 'aplicatie_exemplu.urls' from 'C:\\Users\\SIM\\Desktop\\DJANGO\\Proiect1\\aplicatie_exemplu\\urls.py'> (None:None) 'aplicatie_exemplu/'>, <URLPattern 'mesaj_trimis/' [name='mesaj_trimis']>], [<URLResolver <module 'aplicatie_exemplu.urls' from 'C:\\Users\\SIM\\Desktop\\DJANGO\\Proiect1\\aplicatie_exemplu\\urls.py'> (None:None) 'aplicatie_exemplu/'>, <URLPattern 'adauga_pizza/' [name='adauga_pizza']>], [<URLResolver <module 'aplicatie_exemplu.urls' from 'C:\\Users\\SIM\\Desktop\\DJANGO\\Proiect1\\aplicatie_exemplu\\urls.py'> (None:None) 'aplicatie_exemplu/'>, <URLPattern 'home' [name='home']>], [<URLResolver <module 'aplicatie_exemplu.urls' from 'C:\\Users\\SIM\\Desktop\\DJANGO\\Proiect1\\aplicatie_exemplu\\urls.py'> (None:None) 'aplicatie_exemplu/'>, <URLPattern 'login' [name='login']>], [<URLResolver <module 'aplicatie_exemplu.urls' from 'C:\\Users\\SIM\\Desktop\\DJANGO\\Proiect1\\aplicatie_exemplu\\urls.py'> (None:None) 'aplicatie_exemplu/'>, <URLPattern 'inregistrare' [name='register_view']>], [<URLResolver <module 'aplicatie_exemplu.urls' from 'C:\\Users\\SIM\\Desktop\\DJANGO\\Proiect1\\aplicatie_exemplu\\urls.py'> (None:None) 'aplicatie_exemplu/'>, <URLPattern 'logout' [name='logout']>], [<URLResolver <module 'aplicatie_exemplu.urls' from 'C:\\Users\\SIM\\Desktop\\DJANGO\\Proiect1\\aplicatie_exemplu\\urls.py'> (None:None) 'aplicatie_exemplu/'>, <URLPattern 'profile/' [name='profile']>], [<URLResolver <module 'aplicatie_exemplu.urls' from 'C:\\Users\\SIM\\Desktop\\DJANGO\\Proiect1\\aplicatie_exemplu\\urls.py'> (None:None) 'aplicatie_exemplu/'>, <URLPattern 'password_change/' [name='password_change']>], [<URLResolver <module 'aplicatie_exemplu.urls' from 'C:\\Users\\SIM\\Desktop\\DJANGO\\Proiect1\\aplicatie_exemplu\\urls.py'> (None:None) 'aplicatie_exemplu/'>, <URLPattern 'password_change_done/' [name='password_change_done']>], [<URLResolver <module 'aplicatie_exemplu.urls' from 'C:\\Users\\SIM\\Desktop\\DJANGO\\Proiect1\\aplicatie_exemplu\\urls.py'> (None:None) 'aplicatie_exemplu/'>, <URLPattern 'confirma_mail/<str:cod>/' [name='confirma_mail']>], [<URLResolver <module 'aplicatie_exemplu.urls' from 'C:\\Users\\SIM\\Desktop\\DJANGO\\Proiect1\\aplicatie_exemplu\\urls.py'> (None:None) 'aplicatie_exemplu/'>, <URLPattern 'adauga_promotie/' [name='adauga_promotie']>], [<URLResolver <module 'aplicatie_exemplu.urls' from 'C:\\Users\\SIM\\Desktop\\DJANGO\\Proiect1\\aplicatie_exemplu\\urls.py'> (None:None) 'aplicatie_exemplu/'>, <URLPattern 'promotii/' [name='lista_promotii']>], [<URLResolver <module 'aplicatie_exemplu.urls' from 'C:\\Users\\SIM\\Desktop\\DJANGO\\Proiect1\\aplicatie_exemplu\\urls.py'> (None:None) 'aplicatie_exemplu/'>, <URLPattern 'pizza/<int:id>/' [name='detalii_pizza']>], [<URLResolver <module 'aplicatie_exemplu.urls' from 'C:\\Users\\SIM\\Desktop\\DJANGO\\Proiect1\\aplicatie_exemplu\\urls.py'> (None:None) 'aplicatie_exemplu/'>, <URLPattern 'test-eroare/' [name='test_eroare']>], [<URLResolver <module 'aplicatie_exemplu.urls' from 'C:\\Users\\SIM\\Desktop\\DJANGO\\Proiect1\\aplicatie_exemplu\\urls.py'> (None:None) 'aplicatie_exemplu/'>, <URLPattern 'test-logging/' [name='test_logging']>], [<URLResolver <module 'aplicatie.urls' from 'C:\\Users\\SIM\\Desktop\\DJANGO\\Proiect1\\aplicatie\\urls.py'> (None:None) 'aplicatie/'>]], 'path': 'aplicatie_exemplu/test-logging'}

During handling of the above exception, another exception occurred:

Traceback (most recent call last):
  File "C:\Users\SIM\AppData\Roaming\Python\Python311\site-packages\django\template\base.py", line 883, in _resolve_lookup
    current = current[bit]
              ~~~~~~~^^^^^
TypeError: 'URLResolver' object is not subscriptable

During handling of the above exception, another exception occurred:

Traceback (most recent call last):
  File "C:\Users\SIM\AppData\Roaming\Python\Python311\site-packages\django\template\base.py", line 893, in _resolve_lookup
    current = getattr(current, bit)
              ^^^^^^^^^^^^^^^^^^^^^
AttributeError: 'URLResolver' object has no attribute 'name'

During handling of the above exception, another exception occurred:

Traceback (most recent call last):
  File "C:\Users\SIM\AppData\Roaming\Python\Python311\site-packages\django\template\base.py", line 899, in _resolve_lookup
    current = current[int(bit)]
                      ^^^^^^^^
ValueError: invalid literal for int() with base 10: 'name'

During handling of the above exception, another exception occurred:

Traceback (most recent call last):
  File "C:\Users\SIM\AppData\Roaming\Python\Python311\site-packages\django\template\base.py", line 906, in _resolve_lookup
    raise VariableDoesNotExist(
django.template.base.VariableDoesNotExist: Failed lookup for key [name] in <URLResolver <URLPattern list> (admin:admin) 'admin/'>
DEBUG 2025-01-13 22:40:12,137 base Exception while resolving variable 'name' in template 'unknown'.
Traceback (most recent call last):
  File "C:\Users\SIM\AppData\Roaming\Python\Python311\site-packages\django\core\handlers\exception.py", line 55, in inner
    response = get_response(request)
               ^^^^^^^^^^^^^^^^^^^^^
  File "C:\Users\SIM\AppData\Roaming\Python\Python311\site-packages\django\core\handlers\base.py", line 181, in _get_response
    callback, callback_args, callback_kwargs = self.resolve_request(request)
                                               ^^^^^^^^^^^^^^^^^^^^^^^^^^^^^
  File "C:\Users\SIM\AppData\Roaming\Python\Python311\site-packages\django\core\handlers\base.py", line 313, in resolve_request
    resolver_match = resolver.resolve(request.path_info)
                     ^^^^^^^^^^^^^^^^^^^^^^^^^^^^^^^^^^^
  File "C:\Users\SIM\AppData\Roaming\Python\Python311\site-packages\django\urls\resolvers.py", line 705, in resolve
    raise Resolver404({"tried": tried, "path": new_path})
django.urls.exceptions.Resolver404: {'tried': [[<URLResolver <URLPattern list> (admin:admin) 'admin/'>], [<URLResolver <module 'aplicatie_exemplu.urls' from 'C:\\Users\\SIM\\Desktop\\DJANGO\\Proiect1\\aplicatie_exemplu\\urls.py'> (None:None) 'aplicatie_exemplu/'>, <URLPattern '' [name='index']>], [<URLResolver <module 'aplicatie_exemplu.urls' from 'C:\\Users\\SIM\\Desktop\\DJANGO\\Proiect1\\aplicatie_exemplu\\urls.py'> (None:None) 'aplicatie_exemplu/'>, <URLPattern 'pag1' [name='f']>], [<URLResolver <module 'aplicatie_exemplu.urls' from 'C:\\Users\\SIM\\Desktop\\DJANGO\\Proiect1\\aplicatie_exemplu\\urls.py'> (None:None) 'aplicatie_exemplu/'>, <URLPattern 'pag2' [name='g']>], [<URLResolver <module 'aplicatie_exemplu.urls' from 'C:\\Users\\SIM\\Desktop\\DJANGO\\Proiect1\\aplicatie_exemplu\\urls.py'> (None:None) 'aplicatie_exemplu/'>, <URLPattern 'mesaj' [name='mesaj']>], [<URLResolver <module 'aplicatie_exemplu.urls' from 'C:\\Users\\SIM\\Desktop\\DJANGO\\Proiect1\\aplicatie_exemplu\\urls.py'> (None:None) 'aplicatie_exemplu/'>, <URLPattern 'data' [name='data']>], [<URLResolver <module 'aplicatie_exemplu.urls' from 'C:\\Users\\SIM\\Desktop\\DJANGO\\Proiect1\\aplicatie_exemplu\\urls.py'> (None:None) 'aplicatie_exemplu/'>, <URLPattern 'nr_accesari' [name='nr_accesari']>], [<URLResolver <module 'aplicatie_exemplu.urls' from 'C:\\Users\\SIM\\Desktop\\DJANGO\\Proiect1\\aplicatie_exemplu\\urls.py'> (None:None) 'aplicatie_exemplu/'>, <URLPattern 'suma' [name='suma']>], [<URLResolver <module 'aplicatie_exemplu.urls' from 'C:\\Users\\SIM\\Desktop\\DJANGO\\Proiect1\\aplicatie_exemplu\\urls.py'> (None:None) 'aplicatie_exemplu/'>, <URLPattern 'suma2/<int:a>/<int:b>/' [name='suma2']>], [<URLResolver <module 'aplicatie_exemplu.urls' from 'C:\\Users\\SIM\\Desktop\\DJANGO\\Proiect1\\aplicatie_exemplu\\urls.py'> (None:None) 'aplicatie_exemplu/'>, <URLPattern 'text' [name='text']>], [<URLResolver <module 'aplicatie_exemplu.urls' from 'C:\\Users\\SIM\\Desktop\\DJANGO\\Proiect1\\aplicatie_exemplu\\urls.py'> (None:None) 'aplicatie_exemplu/'>, <URLPattern 'nr_parametri' [name='nr_parametri']>], [<URLResolver <module 'aplicatie_exemplu.urls' from 'C:\\Users\\SIM\\Desktop\\DJANGO\\Proiect1\\aplicatie_exemplu\\urls.py'> (None:None) 'aplicatie_exemplu/'>, <URLPattern 'operatie' [name='operatie']>], [<URLResolver <module 'aplicatie_exemplu.urls' from 'C:\\Users\\SIM\\Desktop\\DJANGO\\Proiect1\\aplicatie_exemplu\\urls.py'> (None:None) 'aplicatie_exemplu/'>, <URLPattern 'tabel' [name='tabel']>], [<URLResolver <module 'aplicatie_exemplu.urls' from 'C:\\Users\\SIM\\Desktop\\DJANGO\\Proiect1\\aplicatie_exemplu\\urls.py'> (None:None) 'aplicatie_exemplu/'>, <URLPattern 'lista' [name='lista']>], [<URLResolver <module 'aplicatie_exemplu.urls' from 'C:\\Users\\SIM\\Desktop\\DJANGO\\Proiect1\\aplicatie_exemplu\\urls.py'> (None:None) 'aplicatie_exemplu/'>, <URLPattern 'afis_template/' [name='afis_template']>], [<URLResolver <module 'aplicatie_exemplu.urls' from 'C:\\Users\\SIM\\Desktop\\DJANGO\\Proiect1\\aplicatie_exemplu\\urls.py'> (None:None) 'aplicatie_exemplu/'>, <URLPattern 'prajituri/' [name='lista_prajituri']>], [<URLResolver <module 'aplicatie_exemplu.urls' from 'C:\\Users\\SIM\\Desktop\\DJANGO\\Proiect1\\aplicatie_exemplu\\urls.py'> (None:None) 'aplicatie_exemplu/'>, <URLPattern 'lista_pizze/' [name='lista_pizze']>], [<URLResolver <module 'aplicatie_exemplu.urls' from 'C:\\Users\\SIM\\Desktop\\DJANGO\\Proiect1\\aplicatie_exemplu\\urls.py'> (None:None) 'aplicatie_exemplu/'>, <URLPattern 'contact/' [name='contact']>], [<URLResolver <module 'aplicatie_exemplu.urls' from 'C:\\Users\\SIM\\Desktop\\DJANGO\\Proiect1\\aplicatie_exemplu\\urls.py'> (None:None) 'aplicatie_exemplu/'>, <URLPattern 'mesaj_trimis/' [name='mesaj_trimis']>], [<URLResolver <module 'aplicatie_exemplu.urls' from 'C:\\Users\\SIM\\Desktop\\DJANGO\\Proiect1\\aplicatie_exemplu\\urls.py'> (None:None) 'aplicatie_exemplu/'>, <URLPattern 'adauga_pizza/' [name='adauga_pizza']>], [<URLResolver <module 'aplicatie_exemplu.urls' from 'C:\\Users\\SIM\\Desktop\\DJANGO\\Proiect1\\aplicatie_exemplu\\urls.py'> (None:None) 'aplicatie_exemplu/'>, <URLPattern 'home' [name='home']>], [<URLResolver <module 'aplicatie_exemplu.urls' from 'C:\\Users\\SIM\\Desktop\\DJANGO\\Proiect1\\aplicatie_exemplu\\urls.py'> (None:None) 'aplicatie_exemplu/'>, <URLPattern 'login' [name='login']>], [<URLResolver <module 'aplicatie_exemplu.urls' from 'C:\\Users\\SIM\\Desktop\\DJANGO\\Proiect1\\aplicatie_exemplu\\urls.py'> (None:None) 'aplicatie_exemplu/'>, <URLPattern 'inregistrare' [name='register_view']>], [<URLResolver <module 'aplicatie_exemplu.urls' from 'C:\\Users\\SIM\\Desktop\\DJANGO\\Proiect1\\aplicatie_exemplu\\urls.py'> (None:None) 'aplicatie_exemplu/'>, <URLPattern 'logout' [name='logout']>], [<URLResolver <module 'aplicatie_exemplu.urls' from 'C:\\Users\\SIM\\Desktop\\DJANGO\\Proiect1\\aplicatie_exemplu\\urls.py'> (None:None) 'aplicatie_exemplu/'>, <URLPattern 'profile/' [name='profile']>], [<URLResolver <module 'aplicatie_exemplu.urls' from 'C:\\Users\\SIM\\Desktop\\DJANGO\\Proiect1\\aplicatie_exemplu\\urls.py'> (None:None) 'aplicatie_exemplu/'>, <URLPattern 'password_change/' [name='password_change']>], [<URLResolver <module 'aplicatie_exemplu.urls' from 'C:\\Users\\SIM\\Desktop\\DJANGO\\Proiect1\\aplicatie_exemplu\\urls.py'> (None:None) 'aplicatie_exemplu/'>, <URLPattern 'password_change_done/' [name='password_change_done']>], [<URLResolver <module 'aplicatie_exemplu.urls' from 'C:\\Users\\SIM\\Desktop\\DJANGO\\Proiect1\\aplicatie_exemplu\\urls.py'> (None:None) 'aplicatie_exemplu/'>, <URLPattern 'confirma_mail/<str:cod>/' [name='confirma_mail']>], [<URLResolver <module 'aplicatie_exemplu.urls' from 'C:\\Users\\SIM\\Desktop\\DJANGO\\Proiect1\\aplicatie_exemplu\\urls.py'> (None:None) 'aplicatie_exemplu/'>, <URLPattern 'adauga_promotie/' [name='adauga_promotie']>], [<URLResolver <module 'aplicatie_exemplu.urls' from 'C:\\Users\\SIM\\Desktop\\DJANGO\\Proiect1\\aplicatie_exemplu\\urls.py'> (None:None) 'aplicatie_exemplu/'>, <URLPattern 'promotii/' [name='lista_promotii']>], [<URLResolver <module 'aplicatie_exemplu.urls' from 'C:\\Users\\SIM\\Desktop\\DJANGO\\Proiect1\\aplicatie_exemplu\\urls.py'> (None:None) 'aplicatie_exemplu/'>, <URLPattern 'pizza/<int:id>/' [name='detalii_pizza']>], [<URLResolver <module 'aplicatie_exemplu.urls' from 'C:\\Users\\SIM\\Desktop\\DJANGO\\Proiect1\\aplicatie_exemplu\\urls.py'> (None:None) 'aplicatie_exemplu/'>, <URLPattern 'test-eroare/' [name='test_eroare']>], [<URLResolver <module 'aplicatie_exemplu.urls' from 'C:\\Users\\SIM\\Desktop\\DJANGO\\Proiect1\\aplicatie_exemplu\\urls.py'> (None:None) 'aplicatie_exemplu/'>, <URLPattern 'test-logging/' [name='test_logging']>], [<URLResolver <module 'aplicatie.urls' from 'C:\\Users\\SIM\\Desktop\\DJANGO\\Proiect1\\aplicatie\\urls.py'> (None:None) 'aplicatie/'>]], 'path': 'aplicatie_exemplu/test-logging'}

During handling of the above exception, another exception occurred:

Traceback (most recent call last):
  File "C:\Users\SIM\AppData\Roaming\Python\Python311\site-packages\django\template\base.py", line 883, in _resolve_lookup
    current = current[bit]
              ~~~~~~~^^^^^
TypeError: 'URLResolver' object is not subscriptable

During handling of the above exception, another exception occurred:

Traceback (most recent call last):
  File "C:\Users\SIM\AppData\Roaming\Python\Python311\site-packages\django\template\base.py", line 893, in _resolve_lookup
    current = getattr(current, bit)
              ^^^^^^^^^^^^^^^^^^^^^
AttributeError: 'URLResolver' object has no attribute 'name'

During handling of the above exception, another exception occurred:

Traceback (most recent call last):
  File "C:\Users\SIM\AppData\Roaming\Python\Python311\site-packages\django\template\base.py", line 899, in _resolve_lookup
    current = current[int(bit)]
                      ^^^^^^^^
ValueError: invalid literal for int() with base 10: 'name'

During handling of the above exception, another exception occurred:

Traceback (most recent call last):
  File "C:\Users\SIM\AppData\Roaming\Python\Python311\site-packages\django\template\base.py", line 906, in _resolve_lookup
    raise VariableDoesNotExist(
django.template.base.VariableDoesNotExist: Failed lookup for key [name] in <URLResolver <module 'aplicatie.urls' from 'C:\\Users\\SIM\\Desktop\\DJANGO\\Proiect1\\aplicatie\\urls.py'> (None:None) 'aplicatie/'>
INFO 2025-01-13 22:40:12,146 basehttp "GET /aplicatie_exemplu/test-logging HTTP/1.1" 301 0
DEBUG 2025-01-13 22:40:12,154 views Acesta este un mesaj DEBUG pentru depanare.
DEBUG 2025-01-13 22:40:12,154 views Mesaj DEBUG suplimentar pentru verificare.
INFO 2025-01-13 22:40:12,154 views Un utilizator a accesat pagina test_logging.
ERROR 2025-01-13 22:40:12,452 views Alt mesaj ERROR pentru debugging.
CRITICAL 2025-01-13 22:40:12,506 views Alt mesaj CRITICAL pentru incidente majore.
INFO 2025-01-13 22:40:12,506 basehttp "GET /aplicatie_exemplu/test-logging/ HTTP/1.1" 200 40
DEBUG 2025-01-13 22:44:06,871 autoreload File C:\Users\SIM\Desktop\DJANGO\Proiect1\aplicatie_exemplu\views.py previous mtime: 1736800779.3274324, current mtime: 1736801045.8342133
DEBUG 2025-01-13 22:44:06,871 autoreload C:\Users\SIM\Desktop\DJANGO\Proiect1\aplicatie_exemplu\views.py notified as changed. Signal results: [(<function template_changed at 0x0000025C8D4DC900>, None), (<function translation_file_changed at 0x0000025C8E4C5760>, None)].
INFO 2025-01-13 22:44:06,871 autoreload C:\Users\SIM\Desktop\DJANGO\Proiect1\aplicatie_exemplu\views.py changed, reloading.
INFO 2025-01-13 22:44:07,980 autoreload Watching for file changes with StatReloader
DEBUG 2025-01-13 22:44:07,985 autoreload Waiting for apps ready_event.
DEBUG 2025-01-13 22:44:08,036 autoreload Apps ready_event triggered. Sending autoreload_started signal.
DEBUG 2025-01-13 22:44:08,050 autoreload Watching dir C:\Users\SIM\Desktop\DJANGO\Proiect1\aplicatie\templates with glob **/*.
DEBUG 2025-01-13 22:44:08,050 autoreload Watching dir C:\Users\SIM\Desktop\DJANGO\Proiect1\aplicatie_exemplu\templates with glob **/*.
DEBUG 2025-01-13 22:44:08,050 autoreload Watching dir C:\Users\SIM\Desktop\DJANGO\Proiect1\locale with glob **/*.mo.
DEBUG 2025-01-13 22:44:08,050 autoreload Watching dir C:\Users\SIM\Desktop\DJANGO\Proiect1\aplicatie_exemplu\locale with glob **/*.mo.
DEBUG 2025-01-13 22:44:08,214 utils (0.016) 
            SELECT
                c.relname,
                CASE
                    WHEN c.relispartition THEN 'p'
                    WHEN c.relkind IN ('m', 'v') THEN 'v'
                    ELSE 't'
                END,
                obj_description(c.oid, 'pg_class')
            FROM pg_catalog.pg_class c
            LEFT JOIN pg_catalog.pg_namespace n ON n.oid = c.relnamespace
            WHERE c.relkind IN ('f', 'm', 'p', 'r', 'v')
                AND n.nspname NOT IN ('pg_catalog', 'pg_toast')
                AND pg_catalog.pg_table_is_visible(c.oid)
        ; args=None; alias=default
DEBUG 2025-01-13 22:44:08,223 utils (0.000) SELECT "django_migrations"."id", "django_migrations"."app", "django_migrations"."name", "django_migrations"."applied" FROM "django_migrations"; args=(); alias=default
DEBUG 2025-01-13 22:44:08,263 autoreload File C:\Users\SIM\AppData\Local\Programs\Python\Python311\Lib\email\charset.py first seen with mtime 1686106818.0
DEBUG 2025-01-13 22:44:08,263 autoreload File C:\Users\SIM\AppData\Roaming\Python\Python311\site-packages\django\contrib\admin\exceptions.py first seen with mtime 1730363512.6959162
DEBUG 2025-01-13 22:44:08,263 autoreload File C:\Users\SIM\AppData\Local\Programs\Python\Python311\Lib\mimetypes.py first seen with mtime 1686106818.0
DEBUG 2025-01-13 22:44:08,263 autoreload File C:\Users\SIM\AppData\Roaming\Python\Python311\site-packages\django\utils\decorators.py first seen with mtime 1730363519.5184324
DEBUG 2025-01-13 22:44:08,263 autoreload File C:\Users\SIM\AppData\Local\Programs\Python\Python311\Lib\functools.py first seen with mtime 1686106818.0
DEBUG 2025-01-13 22:44:08,263 autoreload File C:\Users\SIM\AppData\Roaming\Python\Python311\site-packages\django\contrib\contenttypes\apps.py first seen with mtime 1730363515.2296836
DEBUG 2025-01-13 22:44:08,263 autoreload File C:\Users\SIM\AppData\Local\Programs\Python\Python311\Lib\wsgiref\util.py first seen with mtime 1686106818.0
DEBUG 2025-01-13 22:44:08,263 autoreload File C:\Users\SIM\AppData\Local\Programs\Python\Python311\Lib\gzip.py first seen with mtime 1686106818.0
DEBUG 2025-01-13 22:44:08,263 autoreload File C:\Users\SIM\AppData\Roaming\Python\Python311\site-packages\django\db\models\fields\__init__.py first seen with mtime 1730363519.1787376
DEBUG 2025-01-13 22:44:08,263 autoreload File C:\Users\SIM\AppData\Roaming\Python\Python311\site-packages\django\template\loaders\__init__.py first seen with mtime 1730363519.445303
DEBUG 2025-01-13 22:44:08,263 autoreload File C:\Users\SIM\AppData\Roaming\Python\Python311\site-packages\django\db\backends\base\validation.py first seen with mtime 1730363519.0328045
DEBUG 2025-01-13 22:44:08,263 autoreload File C:\Users\SIM\AppData\Roaming\Python\Python311\site-packages\django\db\models\constraints.py first seen with mtime 1730363519.1527572
DEBUG 2025-01-13 22:44:08,263 autoreload File C:\Users\SIM\AppData\Roaming\Python\Python311\site-packages\django\core\handlers\wsgi.py first seen with mtime 1730363518.902088
DEBUG 2025-01-13 22:44:08,263 autoreload File C:\Users\SIM\AppData\Roaming\Python\Python311\site-packages\django\middleware\csrf.py first seen with mtime 1730363519.4048178
DEBUG 2025-01-13 22:44:08,263 autoreload File C:\Users\SIM\AppData\Local\Programs\Python\Python311\Lib\wsgiref\simple_server.py first seen with mtime 1686106818.0
DEBUG 2025-01-13 22:44:08,263 autoreload File C:\Users\SIM\AppData\Local\Programs\Python\Python311\Lib\encodings\cp1252.py first seen with mtime 1686106818.0
DEBUG 2025-01-13 22:44:08,263 autoreload File C:\Users\SIM\AppData\Local\Programs\Python\Python311\Lib\email\contentmanager.py first seen with mtime 1686106818.0
DEBUG 2025-01-13 22:44:08,263 autoreload File C:\Users\SIM\AppData\Local\Programs\Python\Python311\Lib\site-packages\colorama\winterm.py first seen with mtime 1686935914.822989
DEBUG 2025-01-13 22:44:08,263 autoreload File C:\Users\SIM\AppData\Roaming\Python\Python311\site-packages\django\contrib\auth\tokens.py first seen with mtime 1730363514.6519113
DEBUG 2025-01-13 22:44:08,263 autoreload File C:\Users\SIM\AppData\Local\Programs\Python\Python311\Lib\site-packages\psycopg2\_range.py first seen with mtime 1731581176.280461
DEBUG 2025-01-13 22:44:08,263 autoreload File C:\Users\SIM\AppData\Local\Programs\Python\Python311\Lib\quopri.py first seen with mtime 1686106818.0
DEBUG 2025-01-13 22:44:08,263 autoreload File C:\Users\SIM\AppData\Roaming\Python\Python311\site-packages\django\contrib\staticfiles\apps.py first seen with mtime 1730363518.768919
DEBUG 2025-01-13 22:44:08,263 autoreload File C:\Users\SIM\Desktop\DJANGO\Proiect1\Proiect1\settings.py first seen with mtime 1736800779.3306959
DEBUG 2025-01-13 22:44:08,263 autoreload File C:\Users\SIM\AppData\Roaming\Python\Python311\site-packages\django\contrib\admin\views\__init__.py first seen with mtime 1730363514.00396
DEBUG 2025-01-13 22:44:08,263 autoreload File C:\Users\SIM\AppData\Roaming\Python\Python311\site-packages\django\contrib\auth\hashers.py first seen with mtime 1730363514.6469238
DEBUG 2025-01-13 22:44:08,263 autoreload File C:\Users\SIM\AppData\Local\Programs\Python\Python311\Lib\json\encoder.py first seen with mtime 1686106818.0
DEBUG 2025-01-13 22:44:08,263 autoreload File C:\Users\SIM\AppData\Roaming\Python\Python311\site-packages\sqlparse\filters\right_margin.py first seen with mtime 1730363510.8657744
DEBUG 2025-01-13 22:44:08,263 autoreload File C:\Users\SIM\AppData\Roaming\Python\Python311\site-packages\django\urls\utils.py first seen with mtime 1730363519.4856098
DEBUG 2025-01-13 22:44:08,263 autoreload File C:\Users\SIM\AppData\Local\Programs\Python\Python311\DLLs\_hashlib.pyd first seen with mtime 1686106894.0
DEBUG 2025-01-13 22:44:08,263 autoreload File C:\Users\SIM\AppData\Roaming\Python\Python311\site-packages\django\contrib\admin\options.py first seen with mtime 1730363512.7042537
DEBUG 2025-01-13 22:44:08,263 autoreload File C:\Users\SIM\AppData\Roaming\Python\Python311\site-packages\django\db\backends\base\client.py first seen with mtime 1730363519.018852
DEBUG 2025-01-13 22:44:08,263 autoreload File C:\Users\SIM\AppData\Local\Programs\Python\Python311\Lib\site-packages\psycopg2\_json.py first seen with mtime 1731581176.263129
DEBUG 2025-01-13 22:44:08,263 autoreload File C:\Users\SIM\AppData\Roaming\Python\Python311\site-packages\django\contrib\admin\actions.py first seen with mtime 1730363512.6853182
DEBUG 2025-01-13 22:44:08,263 autoreload File C:\Users\SIM\AppData\Roaming\Python\Python311\site-packages\django\contrib\admin\filters.py first seen with mtime 1730363512.6959162
DEBUG 2025-01-13 22:44:08,263 autoreload File C:\Users\SIM\AppData\Roaming\Python\Python311\site-packages\django\contrib\sessions\backends\__init__.py first seen with mtime 1730363517.7698474
DEBUG 2025-01-13 22:44:08,263 autoreload File C:\Users\SIM\AppData\Roaming\Python\Python311\site-packages\django\db\backends\postgresql\introspection.py first seen with mtime 1730363519.0858781
DEBUG 2025-01-13 22:44:08,263 autoreload File C:\Users\SIM\AppData\Roaming\Python\Python311\site-packages\django\core\checks\files.py first seen with mtime 1730363518.8459451
DEBUG 2025-01-13 22:44:08,263 autoreload File C:\Users\SIM\AppData\Local\Programs\Python\Python311\Lib\_compat_pickle.py first seen with mtime 1686106818.0
DEBUG 2025-01-13 22:44:08,263 autoreload File C:\Users\SIM\AppData\Local\Programs\Python\Python311\Lib\site-packages\colorama\initialise.py first seen with mtime 1686935914.822989
DEBUG 2025-01-13 22:44:08,263 autoreload File C:\Users\SIM\AppData\Roaming\Python\Python311\site-packages\django\contrib\messages\storage\base.py first seen with mtime 1730363517.0185566
DEBUG 2025-01-13 22:44:08,263 autoreload File C:\Users\SIM\AppData\Roaming\Python\Python311\site-packages\django\core\validators.py first seen with mtime 1730363518.8134735
DEBUG 2025-01-13 22:44:08,263 autoreload File C:\Users\SIM\AppData\Local\Programs\Python\Python311\Lib\nturl2path.py first seen with mtime 1686106818.0
DEBUG 2025-01-13 22:44:08,263 autoreload File C:\Users\SIM\AppData\Roaming\Python\Python311\site-packages\django\contrib\sessions\base_session.py first seen with mtime 1730363517.753992
DEBUG 2025-01-13 22:44:08,263 autoreload File C:\Users\SIM\AppData\Roaming\Python\Python311\site-packages\django\utils\choices.py first seen with mtime 1730363519.5025089
DEBUG 2025-01-13 22:44:08,263 autoreload File C:\Users\SIM\AppData\Local\Programs\Python\Python311\Lib\json\decoder.py first seen with mtime 1686106818.0
DEBUG 2025-01-13 22:44:08,263 autoreload File C:\Users\SIM\AppData\Roaming\Python\Python311\site-packages\sqlparse\__init__.py first seen with mtime 1730363510.819172
DEBUG 2025-01-13 22:44:08,263 autoreload File C:\Users\SIM\AppData\Local\Programs\Python\Python311\Lib\enum.py first seen with mtime 1686106818.0
DEBUG 2025-01-13 22:44:08,263 autoreload File C:\Users\SIM\Desktop\DJANGO\Proiect1\aplicatie_exemplu\__init__.py first seen with mtime 1730907848.146318
DEBUG 2025-01-13 22:44:08,263 autoreload File C:\Users\SIM\AppData\Roaming\Python\Python311\site-packages\django\contrib\staticfiles\management\__init__.py first seen with mtime 1730363518.7855203
DEBUG 2025-01-13 22:44:08,263 autoreload File C:\Users\SIM\AppData\Local\Programs\Python\Python311\Lib\http\cookies.py first seen with mtime 1686106818.0
DEBUG 2025-01-13 22:44:08,263 autoreload File C:\Users\SIM\AppData\Roaming\Python\Python311\site-packages\django\db\models\functions\__init__.py first seen with mtime 1730363519.1947956
DEBUG 2025-01-13 22:44:08,263 autoreload File C:\Users\SIM\AppData\Local\Programs\Python\Python311\Lib\selectors.py first seen with mtime 1686106818.0
DEBUG 2025-01-13 22:44:08,263 autoreload File C:\Users\SIM\AppData\Local\Programs\Python\Python311\Lib\email\mime\nonmultipart.py first seen with mtime 1686106818.0
DEBUG 2025-01-13 22:44:08,263 autoreload File C:\Users\SIM\AppData\Roaming\Python\Python311\site-packages\django\utils\translation\reloader.py first seen with mtime 1730363519.5518892
DEBUG 2025-01-13 22:44:08,263 autoreload File C:\Users\SIM\AppData\Roaming\Python\Python311\site-packages\django\template\loaders\filesystem.py first seen with mtime 1730363519.4523761
DEBUG 2025-01-13 22:44:08,263 autoreload File C:\Users\SIM\AppData\Roaming\Python\Python311\site-packages\django\forms\boundfield.py first seen with mtime 1730363519.2348356
DEBUG 2025-01-13 22:44:08,263 autoreload File C:\Users\SIM\AppData\Roaming\Python\Python311\site-packages\django\db\backends\base\features.py first seen with mtime 1730363519.02519
DEBUG 2025-01-13 22:44:08,263 autoreload File C:\Users\SIM\AppData\Roaming\Python\Python311\site-packages\django\urls\conf.py first seen with mtime 1730363519.4856098
DEBUG 2025-01-13 22:44:08,263 autoreload File C:\Users\SIM\AppData\Local\Programs\Python\Python311\Lib\asyncio\sslproto.py first seen with mtime 1686106818.0
DEBUG 2025-01-13 22:44:08,263 autoreload File C:\Users\SIM\AppData\Roaming\Python\Python311\site-packages\django\db\models\utils.py first seen with mtime 1730363519.1707
DEBUG 2025-01-13 22:44:08,263 autoreload File C:\Users\SIM\AppData\Local\Programs\Python\Python311\Lib\asyncio\selector_events.py first seen with mtime 1686106818.0
DEBUG 2025-01-13 22:44:08,263 autoreload File C:\Users\SIM\AppData\Roaming\Python\Python311\site-packages\sqlparse\engine\__init__.py first seen with mtime 1730363510.8419755
DEBUG 2025-01-13 22:44:08,263 autoreload File C:\Users\SIM\AppData\Local\Programs\Python\Python311\Lib\email\_header_value_parser.py first seen with mtime 1686106818.0
DEBUG 2025-01-13 22:44:08,263 autoreload File C:\Users\SIM\AppData\Roaming\Python\Python311\site-packages\django\db\migrations\operations\base.py first seen with mtime 1730363519.1384592
DEBUG 2025-01-13 22:44:08,263 autoreload File C:\Users\SIM\AppData\Roaming\Python\Python311\site-packages\django\utils\html.py first seen with mtime 1730363519.518824
DEBUG 2025-01-13 22:44:08,263 autoreload File C:\Users\SIM\AppData\Local\Programs\Python\Python311\Lib\concurrent\futures\thread.py first seen with mtime 1686106818.0
DEBUG 2025-01-13 22:44:08,263 autoreload File C:\Users\SIM\AppData\Roaming\Python\Python311\site-packages\django\core\files\images.py first seen with mtime 1730363518.8701553
DEBUG 2025-01-13 22:44:08,263 autoreload File C:\Users\SIM\AppData\Roaming\Python\Python311\site-packages\django\db\migrations\operations\fields.py first seen with mtime 1730363519.1384592
DEBUG 2025-01-13 22:44:08,263 autoreload File C:\Users\SIM\AppData\Local\Programs\Python\Python311\Lib\email\mime\multipart.py first seen with mtime 1686106818.0
DEBUG 2025-01-13 22:44:08,263 autoreload File C:\Users\SIM\AppData\Roaming\Python\Python311\site-packages\django\core\paginator.py first seen with mtime 1730363518.8052104
DEBUG 2025-01-13 22:44:08,263 autoreload File C:\Users\SIM\AppData\Roaming\Python\Python311\site-packages\django\db\backends\__init__.py first seen with mtime 1730363519.008809
DEBUG 2025-01-13 22:44:08,263 autoreload File C:\Users\SIM\AppData\Local\Programs\Python\Python311\Lib\threading.py first seen with mtime 1686106818.0
DEBUG 2025-01-13 22:44:08,263 autoreload File C:\Users\SIM\AppData\Local\Programs\Python\Python311\Lib\importlib\_abc.py first seen with mtime 1686106818.0
DEBUG 2025-01-13 22:44:08,263 autoreload File C:\Users\SIM\AppData\Local\Programs\Python\Python311\Lib\opcode.py first seen with mtime 1686106818.0
DEBUG 2025-01-13 22:44:08,263 autoreload File C:\Users\SIM\AppData\Roaming\Python\Python311\site-packages\sqlparse\filters\aligned_indent.py first seen with mtime 1730363510.8522604
DEBUG 2025-01-13 22:44:08,263 autoreload File C:\Users\SIM\AppData\Roaming\Python\Python311\site-packages\django\core\management\base.py first seen with mtime 1730363518.9188974
DEBUG 2025-01-13 22:44:08,263 autoreload File C:\Users\SIM\AppData\Local\Programs\Python\Python311\Lib\wsgiref\handlers.py first seen with mtime 1686106818.0
DEBUG 2025-01-13 22:44:08,271 autoreload File C:\Users\SIM\AppData\Roaming\Python\Python311\site-packages\sqlparse\engine\statement_splitter.py first seen with mtime 1730363510.8522604
DEBUG 2025-01-13 22:44:08,271 autoreload File C:\Users\SIM\AppData\Local\Programs\Python\Python311\Lib\subprocess.py first seen with mtime 1686106818.0
DEBUG 2025-01-13 22:44:08,271 autoreload File C:\Users\SIM\AppData\Roaming\Python\Python311\site-packages\django\core\files\locks.py first seen with mtime 1730363518.8701553
DEBUG 2025-01-13 22:44:08,271 autoreload File C:\Users\SIM\AppData\Roaming\Python\Python311\site-packages\django\utils\timesince.py first seen with mtime 1730363519.5514941
DEBUG 2025-01-13 22:44:08,271 autoreload File C:\Users\SIM\AppData\Roaming\Python\Python311\site-packages\django\contrib\auth\base_user.py first seen with mtime 1730363514.6352322
DEBUG 2025-01-13 22:44:08,271 autoreload File C:\Users\SIM\AppData\Roaming\Python\Python311\site-packages\django\views\decorators\common.py first seen with mtime 1730363519.574051
DEBUG 2025-01-13 22:44:08,271 autoreload File C:\Users\SIM\AppData\Roaming\Python\Python311\site-packages\django\db\backends\postgresql\__init__.py first seen with mtime 1730363519.073951
DEBUG 2025-01-13 22:44:08,271 autoreload File C:\Users\SIM\AppData\Roaming\Python\Python311\site-packages\django\contrib\messages\apps.py first seen with mtime 1730363517.005663
DEBUG 2025-01-13 22:44:08,271 autoreload File C:\Users\SIM\AppData\Local\Programs\Python\Python311\Lib\asyncio\base_events.py first seen with mtime 1686106818.0
DEBUG 2025-01-13 22:44:08,271 autoreload File C:\Users\SIM\AppData\Local\Programs\Python\Python311\Lib\email\mime\__init__.py first seen with mtime 1686106818.0
DEBUG 2025-01-13 22:44:08,271 autoreload File C:\Users\SIM\AppData\Roaming\Python\Python311\site-packages\django\utils\hashable.py first seen with mtime 1730363519.518824
DEBUG 2025-01-13 22:44:08,271 autoreload File C:\Users\SIM\AppData\Roaming\Python\Python311\site-packages\django\core\checks\security\csrf.py first seen with mtime 1730363518.8617742
DEBUG 2025-01-13 22:44:08,271 autoreload File C:\Users\SIM\AppData\Roaming\Python\Python311\site-packages\sqlparse\utils.py first seen with mtime 1730363510.8419755
DEBUG 2025-01-13 22:44:08,271 autoreload File C:\Users\SIM\AppData\Local\Programs\Python\Python311\Lib\logging\config.py first seen with mtime 1686106818.0
DEBUG 2025-01-13 22:44:08,271 autoreload File C:\Users\SIM\AppData\Local\Programs\Python\Python311\Lib\asyncio\threads.py first seen with mtime 1686106818.0
DEBUG 2025-01-13 22:44:08,271 autoreload File C:\Users\SIM\AppData\Roaming\Python\Python311\site-packages\django\utils\timezone.py first seen with mtime 1730363519.5518892
DEBUG 2025-01-13 22:44:08,271 autoreload File C:\Users\SIM\AppData\Roaming\Python\Python311\site-packages\django\template\loader.py first seen with mtime 1730363519.428758
DEBUG 2025-01-13 22:44:08,271 autoreload File C:\Users\SIM\AppData\Local\Programs\Python\Python311\Lib\wsgiref\headers.py first seen with mtime 1686106818.0
DEBUG 2025-01-13 22:44:08,271 autoreload File C:\Users\SIM\AppData\Roaming\Python\Python311\site-packages\django\contrib\contenttypes\forms.py first seen with mtime 1730363515.2378173
DEBUG 2025-01-13 22:44:08,271 autoreload File C:\Users\SIM\AppData\Roaming\Python\Python311\site-packages\django\conf\locale\__init__.py first seen with mtime 1730363511.8850079
DEBUG 2025-01-13 22:44:08,271 autoreload File C:\Users\SIM\AppData\Roaming\Python\Python311\site-packages\django\utils\translation\trans_real.py first seen with mtime 1730363519.5518892
DEBUG 2025-01-13 22:44:08,271 autoreload File C:\Users\SIM\AppData\Roaming\Python\Python311\site-packages\django\template\backends\django.py first seen with mtime 1730363519.445303
DEBUG 2025-01-13 22:44:08,271 autoreload File C:\Users\SIM\AppData\Roaming\Python\Python311\site-packages\django\utils\__init__.py first seen with mtime 1730363519.4856098
DEBUG 2025-01-13 22:44:08,271 autoreload File C:\Users\SIM\AppData\Local\Programs\Python\Python311\Lib\email\feedparser.py first seen with mtime 1686106818.0
DEBUG 2025-01-13 22:44:08,271 autoreload File C:\Users\SIM\AppData\Local\Programs\Python\Python311\DLLs\_uuid.pyd first seen with mtime 1686106894.0
DEBUG 2025-01-13 22:44:08,271 autoreload File C:\Users\SIM\AppData\Roaming\Python\Python311\site-packages\django\middleware\clickjacking.py first seen with mtime 1730363519.403794
DEBUG 2025-01-13 22:44:08,271 autoreload File C:\Users\SIM\AppData\Roaming\Python\Python311\site-packages\django\templatetags\cache.py first seen with mtime 1730363519.4613905
DEBUG 2025-01-13 22:44:08,271 autoreload File C:\Users\SIM\AppData\Local\Programs\Python\Python311\Lib\base64.py first seen with mtime 1686106818.0
DEBUG 2025-01-13 22:44:08,271 autoreload File C:\Users\SIM\AppData\Roaming\Python\Python311\site-packages\django\views\generic\detail.py first seen with mtime 1730363519.5854342
DEBUG 2025-01-13 22:44:08,271 autoreload File C:\Users\SIM\AppData\Roaming\Python\Python311\site-packages\django\urls\base.py first seen with mtime 1730363519.4856098
DEBUG 2025-01-13 22:44:08,271 autoreload File C:\Users\SIM\AppData\Roaming\Python\Python311\site-packages\django\contrib\sites\__init__.py first seen with mtime 1730363518.3381288
DEBUG 2025-01-13 22:44:08,271 autoreload File C:\Users\SIM\AppData\Roaming\Python\Python311\site-packages\django\db\backends\postgresql\operations.py first seen with mtime 1730363519.0883665
DEBUG 2025-01-13 22:44:08,271 autoreload File C:\Users\SIM\AppData\Roaming\Python\Python311\site-packages\django\views\decorators\csrf.py first seen with mtime 1730363519.574051
DEBUG 2025-01-13 22:44:08,271 autoreload File C:\Users\SIM\AppData\Roaming\Python\Python311\site-packages\django\db\models\fields\related_lookups.py first seen with mtime 1730363519.1947956
DEBUG 2025-01-13 22:44:08,271 autoreload File C:\Users\SIM\AppData\Local\Programs\Python\Python311\Lib\pprint.py first seen with mtime 1686106818.0
DEBUG 2025-01-13 22:44:08,271 autoreload File C:\Users\SIM\AppData\Local\Programs\Python\Python311\Lib\concurrent\__init__.py first seen with mtime 1686106818.0
DEBUG 2025-01-13 22:44:08,271 autoreload File C:\Users\SIM\AppData\Local\Programs\Python\Python311\Lib\tokenize.py first seen with mtime 1686106818.0
DEBUG 2025-01-13 22:44:08,271 autoreload File C:\Users\SIM\AppData\Roaming\Python\Python311\site-packages\django\contrib\admin\templatetags\admin_urls.py first seen with mtime 1730363514.0001662
DEBUG 2025-01-13 22:44:08,271 autoreload File C:\Users\SIM\Desktop\DJANGO\Proiect1\Proiect1\urls.py first seen with mtime 1732800255.296215
DEBUG 2025-01-13 22:44:08,271 autoreload File C:\Users\SIM\AppData\Local\Programs\Python\Python311\DLLs\_ctypes.pyd first seen with mtime 1686106896.0
DEBUG 2025-01-13 22:44:08,271 autoreload File C:\Users\SIM\AppData\Roaming\Python\Python311\site-packages\django\utils\translation\__init__.py first seen with mtime 1730363519.5518892
DEBUG 2025-01-13 22:44:08,271 autoreload File C:\Users\SIM\AppData\Roaming\Python\Python311\site-packages\django\core\files\storage\base.py first seen with mtime 1730363518.8861403
DEBUG 2025-01-13 22:44:08,271 autoreload File C:\Users\SIM\AppData\Roaming\Python\Python311\site-packages\django\core\exceptions.py first seen with mtime 1730363518.8052104
DEBUG 2025-01-13 22:44:08,271 autoreload File C:\Users\SIM\AppData\Local\Programs\Python\Python311\Lib\ctypes\_endian.py first seen with mtime 1686106818.0
DEBUG 2025-01-13 22:44:08,271 autoreload File C:\Users\SIM\AppData\Roaming\Python\Python311\site-packages\django\db\backends\ddl_references.py first seen with mtime 1730363519.008809
DEBUG 2025-01-13 22:44:08,271 autoreload File C:\Users\SIM\AppData\Local\Programs\Python\Python311\DLLs\_queue.pyd first seen with mtime 1686106894.0
DEBUG 2025-01-13 22:44:08,271 autoreload File C:\Users\SIM\AppData\Local\Programs\Python\Python311\Lib\asyncio\exceptions.py first seen with mtime 1686106818.0
DEBUG 2025-01-13 22:44:08,271 autoreload File C:\Users\SIM\AppData\Roaming\Python\Python311\site-packages\django\shortcuts.py first seen with mtime 1730363511.8592458
DEBUG 2025-01-13 22:44:08,271 autoreload File C:\Users\SIM\AppData\Local\Programs\Python\Python311\Lib\hmac.py first seen with mtime 1686106818.0
DEBUG 2025-01-13 22:44:08,271 autoreload File C:\Users\SIM\AppData\Roaming\Python\Python311\site-packages\django\conf\__init__.py first seen with mtime 1730363511.862605
DEBUG 2025-01-13 22:44:08,271 autoreload File C:\Users\SIM\AppData\Roaming\Python\Python311\site-packages\django\contrib\admin\templatetags\base.py first seen with mtime 1730363514.0031848
DEBUG 2025-01-13 22:44:08,271 autoreload File C:\Users\SIM\AppData\Roaming\Python\Python311\site-packages\django\db\models\aggregates.py first seen with mtime 1730363519.1506968
DEBUG 2025-01-13 22:44:08,271 autoreload File C:\Users\SIM\AppData\Roaming\Python\Python311\site-packages\django\utils\log.py first seen with mtime 1730363519.5351002
DEBUG 2025-01-13 22:44:08,271 autoreload File C:\Users\SIM\AppData\Roaming\Python\Python311\site-packages\sqlparse\engine\filter_stack.py first seen with mtime 1730363510.8500051
DEBUG 2025-01-13 22:44:08,271 autoreload File C:\Users\SIM\AppData\Roaming\Python\Python311\site-packages\django\contrib\admin\decorators.py first seen with mtime 1730363512.6959162
DEBUG 2025-01-13 22:44:08,271 autoreload File C:\Users\SIM\AppData\Roaming\Python\Python311\site-packages\django\db\backends\base\introspection.py first seen with mtime 1730363519.02519
DEBUG 2025-01-13 22:44:08,271 autoreload File C:\Users\SIM\AppData\Local\Programs\Python\Python311\Lib\socketserver.py first seen with mtime 1686106818.0
DEBUG 2025-01-13 22:44:08,271 autoreload File C:\Users\SIM\AppData\Local\Programs\Python\Python311\Lib\types.py first seen with mtime 1686106818.0
DEBUG 2025-01-13 22:44:08,271 autoreload File C:\Users\SIM\AppData\Roaming\Python\Python311\site-packages\django\http\response.py first seen with mtime 1730363519.396641
DEBUG 2025-01-13 22:44:08,271 autoreload File C:\Users\SIM\AppData\Local\Programs\Python\Python311\Lib\asyncio\trsock.py first seen with mtime 1686106818.0
DEBUG 2025-01-13 22:44:08,271 autoreload File C:\Users\SIM\AppData\Local\Programs\Python\Python311\Lib\encodings\utf_8.py first seen with mtime 1686106818.0
DEBUG 2025-01-13 22:44:08,271 autoreload File C:\Users\SIM\AppData\Roaming\Python\Python311\site-packages\django\db\models\base.py first seen with mtime 1730363519.1527572
DEBUG 2025-01-13 22:44:08,271 autoreload File C:\Users\SIM\AppData\Local\Programs\Python\Python311\Lib\re\_casefix.py first seen with mtime 1686106818.0
DEBUG 2025-01-13 22:44:08,271 autoreload File C:\Users\SIM\AppData\Roaming\Python\Python311\site-packages\django\template\library.py first seen with mtime 1730363519.428758
DEBUG 2025-01-13 22:44:08,271 autoreload File C:\Users\SIM\AppData\Roaming\Python\Python311\site-packages\django\db\models\fields\generated.py first seen with mtime 1730363519.1787376
DEBUG 2025-01-13 22:44:08,271 autoreload File C:\Users\SIM\AppData\Local\Programs\Python\Python311\Lib\asyncio\base_subprocess.py first seen with mtime 1686106818.0
DEBUG 2025-01-13 22:44:08,271 autoreload File C:\Users\SIM\AppData\Local\Programs\Python\Python311\Lib\asyncio\staggered.py first seen with mtime 1686106818.0
DEBUG 2025-01-13 22:44:08,271 autoreload File C:\Users\SIM\AppData\Roaming\Python\Python311\site-packages\django\contrib\auth\signals.py first seen with mtime 1730363514.6519113
DEBUG 2025-01-13 22:44:08,271 autoreload File C:\Users\SIM\Desktop\DJANGO\Proiect1\manage.py first seen with mtime 1730907575.2803433
DEBUG 2025-01-13 22:44:08,271 autoreload File C:\Users\SIM\AppData\Local\Programs\Python\Python311\Lib\site-packages\_distutils_hack\__init__.py first seen with mtime 1730365884.3330114
DEBUG 2025-01-13 22:44:08,271 autoreload File C:\Users\SIM\AppData\Local\Programs\Python\Python311\DLLs\unicodedata.pyd first seen with mtime 1686106896.0
DEBUG 2025-01-13 22:44:08,271 autoreload File C:\Users\SIM\AppData\Local\Programs\Python\Python311\Lib\pkgutil.py first seen with mtime 1686106818.0
DEBUG 2025-01-13 22:44:08,271 autoreload File C:\Users\SIM\AppData\Roaming\Python\Python311\site-packages\django\forms\forms.py first seen with mtime 1730363519.236009
DEBUG 2025-01-13 22:44:08,271 autoreload File C:\Users\SIM\AppData\Local\Programs\Python\Python311\Lib\dataclasses.py first seen with mtime 1686106818.0
DEBUG 2025-01-13 22:44:08,271 autoreload File C:\Users\SIM\AppData\Roaming\Python\Python311\site-packages\django\template\response.py first seen with mtime 1730363519.4351766
DEBUG 2025-01-13 22:44:08,271 autoreload File C:\Users\SIM\AppData\Roaming\Python\Python311\site-packages\django\utils\deprecation.py first seen with mtime 1730363519.518824
DEBUG 2025-01-13 22:44:08,271 autoreload File C:\Users\SIM\AppData\Roaming\Python\Python311\site-packages\django\core\checks\__init__.py first seen with mtime 1730363518.8379147
DEBUG 2025-01-13 22:44:08,271 autoreload File C:\Users\SIM\AppData\Roaming\Python\Python311\site-packages\django\contrib\__init__.py first seen with mtime 1730363512.6822865
DEBUG 2025-01-13 22:44:08,271 autoreload File C:\Users\SIM\AppData\Roaming\Python\Python311\site-packages\django\contrib\admin\models.py first seen with mtime 1730363512.7042537
DEBUG 2025-01-13 22:44:08,271 autoreload File C:\Users\SIM\AppData\Local\Programs\Python\Python311\Lib\urllib\__init__.py first seen with mtime 1686106818.0
DEBUG 2025-01-13 22:44:08,271 autoreload File C:\Users\SIM\AppData\Roaming\Python\Python311\site-packages\django\views\generic\base.py first seen with mtime 1730363519.5854342
DEBUG 2025-01-13 22:44:08,271 autoreload File C:\Users\SIM\AppData\Roaming\Python\Python311\site-packages\django\contrib\sessions\apps.py first seen with mtime 1730363517.753992
DEBUG 2025-01-13 22:44:08,271 autoreload File C:\Users\SIM\AppData\Roaming\Python\Python311\site-packages\django\utils\encoding.py first seen with mtime 1730363519.518824
DEBUG 2025-01-13 22:44:08,271 autoreload File C:\Users\SIM\AppData\Roaming\Python\Python311\site-packages\django\views\decorators\debug.py first seen with mtime 1730363519.574051
DEBUG 2025-01-13 22:44:08,271 autoreload File C:\Users\SIM\AppData\Roaming\Python\Python311\site-packages\django\db\models\functions\text.py first seen with mtime 1730363519.2030535
DEBUG 2025-01-13 22:44:08,271 autoreload File C:\Users\SIM\AppData\Local\Programs\Python\Python311\Lib\http\server.py first seen with mtime 1686106818.0
DEBUG 2025-01-13 22:44:08,271 autoreload File C:\Users\SIM\AppData\Roaming\Python\Python311\site-packages\django\core\signing.py first seen with mtime 1730363518.8134735
DEBUG 2025-01-13 22:44:08,271 autoreload File C:\Users\SIM\AppData\Roaming\Python\Python311\site-packages\django\views\generic\dates.py first seen with mtime 1730363519.5854342
DEBUG 2025-01-13 22:44:08,271 autoreload File C:\Users\SIM\AppData\Local\Programs\Python\Python311\Lib\socket.py first seen with mtime 1686106818.0
DEBUG 2025-01-13 22:44:08,271 autoreload File C:\Users\SIM\AppData\Roaming\Python\Python311\site-packages\asgiref\local.py first seen with mtime 1730363511.5493543
DEBUG 2025-01-13 22:44:08,271 autoreload File C:\Users\SIM\AppData\Roaming\Python\Python311\site-packages\asgiref\sync.py first seen with mtime 1730363511.5520134
DEBUG 2025-01-13 22:44:08,271 autoreload File C:\Users\SIM\Desktop\DJANGO\Proiect1\aplicatie\__init__.py first seen with mtime 1730938752.565714
DEBUG 2025-01-13 22:44:08,271 autoreload File C:\Users\SIM\AppData\Local\Programs\Python\Python311\Lib\asyncio\windows_utils.py first seen with mtime 1686106818.0
DEBUG 2025-01-13 22:44:08,271 autoreload File C:\Users\SIM\AppData\Local\Programs\Python\Python311\Lib\decimal.py first seen with mtime 1686106818.0
DEBUG 2025-01-13 22:44:08,271 autoreload File C:\Users\SIM\AppData\Local\Programs\Python\Python311\Lib\asyncio\__init__.py first seen with mtime 1686106818.0
DEBUG 2025-01-13 22:44:08,271 autoreload File C:\Users\SIM\AppData\Local\Programs\Python\Python311\Lib\email\__init__.py first seen with mtime 1686106818.0
DEBUG 2025-01-13 22:44:08,271 autoreload File C:\Users\SIM\AppData\Local\Programs\Python\Python311\DLLs\_socket.pyd first seen with mtime 1686106894.0
DEBUG 2025-01-13 22:44:08,271 autoreload File C:\Users\SIM\AppData\Roaming\Python\Python311\site-packages\django\contrib\admin\checks.py first seen with mtime 1730363512.6853182
DEBUG 2025-01-13 22:44:08,271 autoreload File C:\Users\SIM\AppData\Roaming\Python\Python311\site-packages\django\db\models\fields\json.py first seen with mtime 1730363519.1787376
DEBUG 2025-01-13 22:44:08,271 autoreload File C:\Users\SIM\AppData\Roaming\Python\Python311\site-packages\django\db\migrations\utils.py first seen with mtime 1730363519.1358416
DEBUG 2025-01-13 22:44:08,271 autoreload File C:\Users\SIM\AppData\Roaming\Python\Python311\site-packages\django\contrib\sites\requests.py first seen with mtime 1730363518.352321
DEBUG 2025-01-13 22:44:08,271 autoreload File C:\Users\SIM\AppData\Roaming\Python\Python311\site-packages\django\contrib\sites\shortcuts.py first seen with mtime 1730363518.352321
DEBUG 2025-01-13 22:44:08,271 autoreload File C:\Users\SIM\AppData\Roaming\Python\Python311\site-packages\django\template\backends\base.py first seen with mtime 1730363519.437286
DEBUG 2025-01-13 22:44:08,271 autoreload File C:\Users\SIM\AppData\Local\Programs\Python\Python311\Lib\shutil.py first seen with mtime 1686106818.0
DEBUG 2025-01-13 22:44:08,271 autoreload File C:\Users\SIM\AppData\Local\Programs\Python\Python311\Lib\site-packages\colorama\ansi.py first seen with mtime 1686935914.822989
DEBUG 2025-01-13 22:44:08,271 autoreload File C:\Users\SIM\AppData\Roaming\Python\Python311\site-packages\django\db\models\indexes.py first seen with mtime 1730363519.16236
DEBUG 2025-01-13 22:44:08,271 autoreload File C:\Users\SIM\AppData\Roaming\Python\Python311\site-packages\django\forms\fields.py first seen with mtime 1730363519.236009
DEBUG 2025-01-13 22:44:08,271 autoreload File C:\Users\SIM\AppData\Roaming\Python\Python311\site-packages\django\db\backends\base\__init__.py first seen with mtime 1730363519.018852
DEBUG 2025-01-13 22:44:08,271 autoreload File C:\Users\SIM\AppData\Local\Programs\Python\Python311\Lib\zoneinfo\__init__.py first seen with mtime 1686106818.0
DEBUG 2025-01-13 22:44:08,271 autoreload File C:\Users\SIM\AppData\Roaming\Python\Python311\site-packages\django\utils\duration.py first seen with mtime 1730363519.518824
DEBUG 2025-01-13 22:44:08,271 autoreload File C:\Users\SIM\AppData\Local\Programs\Python\Python311\Lib\tempfile.py first seen with mtime 1686106818.0
DEBUG 2025-01-13 22:44:08,271 autoreload File C:\Users\SIM\AppData\Roaming\Python\Python311\site-packages\django\contrib\auth\decorators.py first seen with mtime 1730363514.6418157
DEBUG 2025-01-13 22:44:08,271 autoreload File C:\Users\SIM\AppData\Roaming\Python\Python311\site-packages\django\http\multipartparser.py first seen with mtime 1730363519.3856273
DEBUG 2025-01-13 22:44:08,271 autoreload File C:\Users\SIM\AppData\Roaming\Python\Python311\site-packages\django\core\wsgi.py first seen with mtime 1730363518.8134735
DEBUG 2025-01-13 22:44:08,271 autoreload File C:\Users\SIM\AppData\Roaming\Python\Python311\site-packages\django\core\handlers\__init__.py first seen with mtime 1730363518.8993983
DEBUG 2025-01-13 22:44:08,271 autoreload File C:\Users\SIM\AppData\Roaming\Python\Python311\site-packages\django\core\serializers\__init__.py first seen with mtime 1730363518.986077
DEBUG 2025-01-13 22:44:08,271 autoreload File C:\Users\SIM\AppData\Local\Programs\Python\Python311\Lib\asyncio\windows_events.py first seen with mtime 1686106818.0
DEBUG 2025-01-13 22:44:08,271 autoreload File C:\Users\SIM\AppData\Local\Programs\Python\Python311\Lib\asyncio\log.py first seen with mtime 1686106818.0
DEBUG 2025-01-13 22:44:08,271 autoreload File C:\Users\SIM\AppData\Roaming\Python\Python311\site-packages\django\db\__init__.py first seen with mtime 1730363519.008809
DEBUG 2025-01-13 22:44:08,271 autoreload File C:\Users\SIM\AppData\Roaming\Python\Python311\site-packages\django\db\models\sql\datastructures.py first seen with mtime 1730363519.2187681
DEBUG 2025-01-13 22:44:08,279 autoreload File C:\Users\SIM\AppData\Local\Programs\Python\Python311\Lib\site-packages\colorama\win32.py first seen with mtime 1686935914.822989
DEBUG 2025-01-13 22:44:08,279 autoreload File C:\Users\SIM\Desktop\DJANGO\Proiect1\aplicatie_exemplu\admin.py first seen with mtime 1733241541.137926
DEBUG 2025-01-13 22:44:08,279 autoreload File C:\Users\SIM\AppData\Roaming\Python\Python311\site-packages\django\core\checks\security\sessions.py first seen with mtime 1730363518.8617742
DEBUG 2025-01-13 22:44:08,279 autoreload File C:\Users\SIM\AppData\Roaming\Python\Python311\site-packages\django\utils\connection.py first seen with mtime 1730363519.5025089
DEBUG 2025-01-13 22:44:08,279 autoreload File C:\Users\SIM\AppData\Roaming\Python\Python311\site-packages\django\core\management\commands\__init__.py first seen with mtime 1730363518.9353774
DEBUG 2025-01-13 22:44:08,279 autoreload File C:\Users\SIM\AppData\Roaming\Python\Python311\site-packages\django\templatetags\tz.py first seen with mtime 1730363519.4694476
DEBUG 2025-01-13 22:44:08,279 autoreload File C:\Users\SIM\AppData\Local\Programs\Python\Python311\Lib\copy.py first seen with mtime 1686106818.0
DEBUG 2025-01-13 22:44:08,279 autoreload File C:\Users\SIM\AppData\Local\Programs\Python\Python311\DLLs\_ssl.pyd first seen with mtime 1686106894.0
DEBUG 2025-01-13 22:44:08,279 autoreload File C:\Users\SIM\AppData\Local\Programs\Python\Python311\Lib\email\iterators.py first seen with mtime 1686106818.0
DEBUG 2025-01-13 22:44:08,279 autoreload File C:\Users\SIM\AppData\Roaming\Python\Python311\site-packages\django\apps\config.py first seen with mtime 1730363511.862605
DEBUG 2025-01-13 22:44:08,279 autoreload File C:\Users\SIM\AppData\Local\Programs\Python\Python311\Lib\secrets.py first seen with mtime 1686106818.0
DEBUG 2025-01-13 22:44:08,279 autoreload File C:\Users\SIM\AppData\Roaming\Python\Python311\site-packages\django\core\files\storage\mixins.py first seen with mtime 1730363518.8974378
DEBUG 2025-01-13 22:44:08,279 autoreload File C:\Users\SIM\AppData\Roaming\Python\Python311\site-packages\django\middleware\cache.py first seen with mtime 1730363519.4017735
DEBUG 2025-01-13 22:44:08,279 autoreload File C:\Users\SIM\AppData\Roaming\Python\Python311\site-packages\django\core\files\move.py first seen with mtime 1730363518.8701553
DEBUG 2025-01-13 22:44:08,279 autoreload File C:\Users\SIM\AppData\Local\Programs\Python\Python311\Lib\reprlib.py first seen with mtime 1686106818.0
DEBUG 2025-01-13 22:44:08,279 autoreload File C:\Users\SIM\AppData\Roaming\Python\Python311\site-packages\django\contrib\auth\models.py first seen with mtime 1730363514.6519113
DEBUG 2025-01-13 22:44:08,279 autoreload File C:\Users\SIM\AppData\Roaming\Python\Python311\site-packages\django\core\checks\security\base.py first seen with mtime 1730363518.8617742
DEBUG 2025-01-13 22:44:08,279 autoreload File C:\Users\SIM\AppData\Local\Programs\Python\Python311\Lib\linecache.py first seen with mtime 1686106818.0
DEBUG 2025-01-13 22:44:08,279 autoreload File C:\Users\SIM\AppData\Roaming\Python\Python311\site-packages\django\db\models\constants.py first seen with mtime 1730363519.1527572
DEBUG 2025-01-13 22:44:08,279 autoreload File C:\Users\SIM\AppData\Local\Programs\Python\Python311\Lib\asyncio\futures.py first seen with mtime 1686106818.0
DEBUG 2025-01-13 22:44:08,279 autoreload File C:\Users\SIM\AppData\Local\Programs\Python\Python311\Lib\operator.py first seen with mtime 1686106818.0
DEBUG 2025-01-13 22:44:08,279 autoreload File C:\Users\SIM\AppData\Roaming\Python\Python311\site-packages\django\core\signals.py first seen with mtime 1730363518.8052104
DEBUG 2025-01-13 22:44:08,279 autoreload File C:\Users\SIM\AppData\Roaming\Python\Python311\site-packages\django\db\migrations\operations\special.py first seen with mtime 1730363519.146573
DEBUG 2025-01-13 22:44:08,279 autoreload File C:\Users\SIM\AppData\Roaming\Python\Python311\site-packages\django\db\models\fields\proxy.py first seen with mtime 1730363519.1857815
DEBUG 2025-01-13 22:44:08,279 autoreload File C:\Users\SIM\AppData\Local\Programs\Python\Python311\Lib\contextvars.py first seen with mtime 1686106818.0
DEBUG 2025-01-13 22:44:08,279 autoreload File C:\Users\SIM\AppData\Roaming\Python\Python311\site-packages\django\urls\converters.py first seen with mtime 1730363519.4856098
DEBUG 2025-01-13 22:44:08,279 autoreload File C:\Users\SIM\AppData\Local\Programs\Python\Python311\Lib\site-packages\psycopg2\_ipaddress.py first seen with mtime 1731581176.263129
DEBUG 2025-01-13 22:44:08,279 autoreload File C:\Users\SIM\AppData\Local\Programs\Python\Python311\Lib\email\utils.py first seen with mtime 1686106818.0
DEBUG 2025-01-13 22:44:08,279 autoreload File C:\Users\SIM\AppData\Local\Programs\Python\Python311\DLLs\select.pyd first seen with mtime 1686106894.0
DEBUG 2025-01-13 22:44:08,279 autoreload File C:\Users\SIM\AppData\Local\Programs\Python\Python311\Lib\email\encoders.py first seen with mtime 1686106818.0
DEBUG 2025-01-13 22:44:08,279 autoreload File C:\Users\SIM\AppData\Local\Programs\Python\Python311\Lib\argparse.py first seen with mtime 1686106818.0
DEBUG 2025-01-13 22:44:08,279 autoreload File C:\Users\SIM\AppData\Roaming\Python\Python311\site-packages\django\contrib\auth\checks.py first seen with mtime 1730363514.638802
DEBUG 2025-01-13 22:44:08,279 autoreload File C:\Users\SIM\AppData\Roaming\Python\Python311\site-packages\django\contrib\auth\middleware.py first seen with mtime 1730363514.6469238
DEBUG 2025-01-13 22:44:08,279 autoreload File C:\Users\SIM\AppData\Roaming\Python\Python311\site-packages\django\template\loaders\app_directories.py first seen with mtime 1730363519.4523761
DEBUG 2025-01-13 22:44:08,279 autoreload File C:\Users\SIM\Desktop\DJANGO\Proiect1\aplicatie_exemplu\urls.py first seen with mtime 1736800779.3274324
DEBUG 2025-01-13 22:44:08,279 autoreload File C:\Users\SIM\AppData\Roaming\Python\Python311\site-packages\django\template\utils.py first seen with mtime 1730363519.437286
DEBUG 2025-01-13 22:44:08,279 autoreload File C:\Users\SIM\AppData\Roaming\Python\Python311\site-packages\django\db\models\manager.py first seen with mtime 1730363519.16236
DEBUG 2025-01-13 22:44:08,279 autoreload File C:\Users\SIM\AppData\Local\Programs\Python\Python311\Lib\site-packages\PIL\__init__.py first seen with mtime 1713199321.9253154
DEBUG 2025-01-13 22:44:08,279 autoreload File C:\Users\SIM\AppData\Roaming\Python\Python311\site-packages\django\utils\version.py first seen with mtime 1730363519.5518892
DEBUG 2025-01-13 22:44:08,279 autoreload File C:\Users\SIM\AppData\Local\Programs\Python\Python311\Lib\sysconfig.py first seen with mtime 1686106818.0
DEBUG 2025-01-13 22:44:08,279 autoreload File C:\Users\SIM\AppData\Roaming\Python\Python311\site-packages\django\contrib\admin\__init__.py first seen with mtime 1730363512.6853182
DEBUG 2025-01-13 22:44:08,279 autoreload File C:\Users\SIM\AppData\Roaming\Python\Python311\site-packages\django\db\models\sql\constants.py first seen with mtime 1730363519.2111301
DEBUG 2025-01-13 22:44:08,279 autoreload File C:\Users\SIM\AppData\Local\Programs\Python\Python311\Lib\logging\handlers.py first seen with mtime 1686106818.0
DEBUG 2025-01-13 22:44:08,279 autoreload File C:\Users\SIM\AppData\Local\Programs\Python\Python311\Lib\site-packages\psycopg2\__init__.py first seen with mtime 1731581176.263129
DEBUG 2025-01-13 22:44:08,279 autoreload File C:\Users\SIM\AppData\Local\Programs\Python\Python311\Lib\asyncio\taskgroups.py first seen with mtime 1686106818.0
DEBUG 2025-01-13 22:44:08,279 autoreload File C:\Users\SIM\AppData\Roaming\Python\Python311\site-packages\django\contrib\auth\management\__init__.py first seen with mtime 1730363515.1852982
DEBUG 2025-01-13 22:44:08,279 autoreload File C:\Users\SIM\AppData\Roaming\Python\Python311\site-packages\django\db\utils.py first seen with mtime 1730363519.008809
DEBUG 2025-01-13 22:44:08,279 autoreload File C:\Users\SIM\AppData\Roaming\Python\Python311\site-packages\django\apps\__init__.py first seen with mtime 1730363511.86104
DEBUG 2025-01-13 22:44:08,279 autoreload File C:\Users\SIM\AppData\Roaming\Python\Python311\site-packages\django\templatetags\l10n.py first seen with mtime 1730363519.4613905
DEBUG 2025-01-13 22:44:08,279 autoreload File C:\Users\SIM\AppData\Local\Programs\Python\Python311\Lib\re\_constants.py first seen with mtime 1686106818.0
DEBUG 2025-01-13 22:44:08,279 autoreload File C:\Users\SIM\AppData\Local\Programs\Python\Python311\Lib\asyncio\queues.py first seen with mtime 1686106818.0
DEBUG 2025-01-13 22:44:08,279 autoreload File C:\Users\SIM\AppData\Local\Programs\Python\Python311\Lib\email\base64mime.py first seen with mtime 1686106818.0
DEBUG 2025-01-13 22:44:08,279 autoreload File C:\Users\SIM\AppData\Local\Programs\Python\Python311\Lib\email\headerregistry.py first seen with mtime 1686106818.0
DEBUG 2025-01-13 22:44:08,279 autoreload File C:\Users\SIM\AppData\Roaming\Python\Python311\site-packages\django\core\checks\async_checks.py first seen with mtime 1730363518.8379147
DEBUG 2025-01-13 22:44:08,279 autoreload File C:\Users\SIM\AppData\Local\Programs\Python\Python311\Lib\json\__init__.py first seen with mtime 1686106818.0
DEBUG 2025-01-13 22:44:08,279 autoreload File C:\Users\SIM\AppData\Roaming\Python\Python311\site-packages\django\dispatch\__init__.py first seen with mtime 1730363519.2213213
DEBUG 2025-01-13 22:44:08,279 autoreload File C:\Users\SIM\AppData\Roaming\Python\Python311\site-packages\django\__init__.py first seen with mtime 1730363511.85427
DEBUG 2025-01-13 22:44:08,279 autoreload File C:\Users\SIM\AppData\Roaming\Python\Python311\site-packages\django\contrib\auth\admin.py first seen with mtime 1730363514.6305225
DEBUG 2025-01-13 22:44:08,279 autoreload File C:\Users\SIM\AppData\Local\Programs\Python\Python311\Lib\_markupbase.py first seen with mtime 1686106818.0
DEBUG 2025-01-13 22:44:08,279 autoreload File C:\Users\SIM\AppData\Roaming\Python\Python311\site-packages\django\db\migrations\operations\models.py first seen with mtime 1730363519.1384592
DEBUG 2025-01-13 22:44:08,279 autoreload File C:\Users\SIM\AppData\Roaming\Python\Python311\site-packages\django\core\checks\model_checks.py first seen with mtime 1730363518.8494656
DEBUG 2025-01-13 22:44:08,279 autoreload File C:\Users\SIM\AppData\Roaming\Python\Python311\site-packages\django\core\mail\message.py first seen with mtime 1730363518.9103847
DEBUG 2025-01-13 22:44:08,279 autoreload File C:\Users\SIM\AppData\Roaming\Python\Python311\site-packages\django\core\checks\caches.py first seen with mtime 1730363518.8379147
DEBUG 2025-01-13 22:44:08,279 autoreload File C:\Users\SIM\AppData\Local\Programs\Python\Python311\Lib\zoneinfo\_common.py first seen with mtime 1686106818.0
DEBUG 2025-01-13 22:44:08,279 autoreload File C:\Users\SIM\AppData\Roaming\Python\Python311\site-packages\django\core\checks\messages.py first seen with mtime 1730363518.8459451
DEBUG 2025-01-13 22:44:08,279 autoreload File C:\Users\SIM\AppData\Roaming\Python\Python311\site-packages\django\template\smartif.py first seen with mtime 1730363519.437286
DEBUG 2025-01-13 22:44:08,279 autoreload File C:\Users\SIM\AppData\Roaming\Python\Python311\site-packages\django\db\backends\postgresql\schema.py first seen with mtime 1730363519.0883665
DEBUG 2025-01-13 22:44:08,279 autoreload File C:\Users\SIM\AppData\Roaming\Python\Python311\site-packages\sqlparse\filters\tokens.py first seen with mtime 1730363510.868614
DEBUG 2025-01-13 22:44:08,279 autoreload File C:\Users\SIM\AppData\Roaming\Python\Python311\site-packages\django\db\models\fields\related_descriptors.py first seen with mtime 1730363519.1857815
DEBUG 2025-01-13 22:44:08,279 autoreload File C:\Users\SIM\AppData\Local\Programs\Python\Python311\Lib\_weakrefset.py first seen with mtime 1686106818.0
DEBUG 2025-01-13 22:44:08,279 autoreload File C:\Users\SIM\AppData\Roaming\Python\Python311\site-packages\django\db\migrations\migration.py first seen with mtime 1730363519.1217487
DEBUG 2025-01-13 22:44:08,279 autoreload File C:\Users\SIM\AppData\Local\Programs\Python\Python311\Lib\site-packages\colorama\__init__.py first seen with mtime 1686935914.822989
DEBUG 2025-01-13 22:44:08,279 autoreload File C:\Users\SIM\AppData\Roaming\Python\Python311\site-packages\django\db\models\signals.py first seen with mtime 1730363519.1707
DEBUG 2025-01-13 22:44:08,279 autoreload File C:\Users\SIM\AppData\Roaming\Python\Python311\site-packages\django\core\files\__init__.py first seen with mtime 1730363518.8686414
DEBUG 2025-01-13 22:44:08,279 autoreload File C:\Users\SIM\AppData\Roaming\Python\Python311\site-packages\django\db\models\query.py first seen with mtime 1730363519.1707
DEBUG 2025-01-13 22:44:08,279 autoreload File C:\Users\SIM\AppData\Roaming\Python\Python311\site-packages\django\core\handlers\asgi.py first seen with mtime 1730363518.9017847
DEBUG 2025-01-13 22:44:08,279 autoreload File C:\Users\SIM\AppData\Local\Programs\Python\Python311\Lib\concurrent\futures\__init__.py first seen with mtime 1686106818.0
DEBUG 2025-01-13 22:44:08,279 autoreload File C:\Users\SIM\AppData\Local\Programs\Python\Python311\Lib\collections\__init__.py first seen with mtime 1686106818.0
DEBUG 2025-01-13 22:44:08,279 autoreload File C:\Users\SIM\AppData\Roaming\Python\Python311\site-packages\django\contrib\messages\constants.py first seen with mtime 1730363517.0091832
DEBUG 2025-01-13 22:44:08,279 autoreload File C:\Users\SIM\AppData\Local\Programs\Python\Python311\Lib\copyreg.py first seen with mtime 1686106818.0
DEBUG 2025-01-13 22:44:08,279 autoreload File C:\Users\SIM\AppData\Roaming\Python\Python311\site-packages\django\core\checks\registry.py first seen with mtime 1730363518.8494656
DEBUG 2025-01-13 22:44:08,279 autoreload File C:\Users\SIM\AppData\Roaming\Python\Python311\site-packages\django\contrib\sessions\models.py first seen with mtime 1730363517.768443
DEBUG 2025-01-13 22:44:08,279 autoreload File C:\Users\SIM\AppData\Roaming\Python\Python311\site-packages\django\contrib\admin\utils.py first seen with mtime 1730363512.712351
DEBUG 2025-01-13 22:44:08,279 autoreload File C:\Users\SIM\AppData\Roaming\Python\Python311\site-packages\django\http\cookie.py first seen with mtime 1730363519.3856273
DEBUG 2025-01-13 22:44:08,279 autoreload File C:\Users\SIM\AppData\Roaming\Python\Python311\site-packages\django\contrib\auth\__init__.py first seen with mtime 1730363514.6305225
DEBUG 2025-01-13 22:44:08,279 autoreload File C:\Users\SIM\AppData\Roaming\Python\Python311\site-packages\django\template\engine.py first seen with mtime 1730363519.428758
DEBUG 2025-01-13 22:44:08,279 autoreload File C:\Users\SIM\AppData\Roaming\Python\Python311\site-packages\sqlparse\sql.py first seen with mtime 1730363510.8419755
DEBUG 2025-01-13 22:44:08,279 autoreload File C:\Users\SIM\AppData\Roaming\Python\Python311\site-packages\django\db\backends\postgresql\creation.py first seen with mtime 1730363519.0819688
DEBUG 2025-01-13 22:44:08,279 autoreload File C:\Users\SIM\AppData\Roaming\Python\Python311\site-packages\django\utils\asyncio.py first seen with mtime 1730363519.5025089
DEBUG 2025-01-13 22:44:08,279 autoreload File C:\Users\SIM\AppData\Local\Programs\Python\Python311\Lib\uuid.py first seen with mtime 1686106818.0
DEBUG 2025-01-13 22:44:08,279 autoreload File C:\Users\SIM\AppData\Local\Programs\Python\Python311\Lib\encodings\__init__.py first seen with mtime 1686106818.0
DEBUG 2025-01-13 22:44:08,279 autoreload File C:\Users\SIM\AppData\Roaming\Python\Python311\site-packages\django\db\models\sql\query.py first seen with mtime 1730363519.2213213
DEBUG 2025-01-13 22:44:08,279 autoreload File C:\Users\SIM\AppData\Roaming\Python\Python311\site-packages\django\contrib\auth\password_validation.py first seen with mtime 1730363514.6519113
DEBUG 2025-01-13 22:44:08,279 autoreload File C:\Users\SIM\AppData\Roaming\Python\Python311\site-packages\django\contrib\admin\helpers.py first seen with mtime 1730363512.7032437
DEBUG 2025-01-13 22:44:08,279 autoreload File C:\Users\SIM\AppData\Roaming\Python\Python311\site-packages\django\db\models\functions\datetime.py first seen with mtime 1730363519.2030535
DEBUG 2025-01-13 22:44:08,279 autoreload File C:\Users\SIM\AppData\Local\Programs\Python\Python311\Lib\site-packages\PIL\ExifTags.py first seen with mtime 1713199321.7820168
DEBUG 2025-01-13 22:44:08,279 autoreload File C:\Users\SIM\AppData\Local\Programs\Python\Python311\Lib\asyncio\subprocess.py first seen with mtime 1686106818.0
DEBUG 2025-01-13 22:44:08,279 autoreload File C:\Users\SIM\AppData\Local\Programs\Python\Python311\Lib\pickle.py first seen with mtime 1686106818.0
DEBUG 2025-01-13 22:44:08,279 autoreload File C:\Users\SIM\AppData\Roaming\Python\Python311\site-packages\django\core\files\temp.py first seen with mtime 1730363518.878176
DEBUG 2025-01-13 22:44:08,279 autoreload File C:\Users\SIM\AppData\Local\Programs\Python\Python311\Lib\zoneinfo\_tzpath.py first seen with mtime 1686106818.0
DEBUG 2025-01-13 22:44:08,279 autoreload File C:\Users\SIM\AppData\Roaming\Python\Python311\site-packages\django\utils\autoreload.py first seen with mtime 1730363519.5025089
DEBUG 2025-01-13 22:44:08,279 autoreload File C:\Users\SIM\AppData\Roaming\Python\Python311\site-packages\django\db\migrations\state.py first seen with mtime 1730363519.1302652
DEBUG 2025-01-13 22:44:08,279 autoreload File C:\Users\SIM\AppData\Roaming\Python\Python311\site-packages\django\db\backends\utils.py first seen with mtime 1730363519.0159185
DEBUG 2025-01-13 22:44:08,279 autoreload File C:\Users\SIM\AppData\Roaming\Python\Python311\site-packages\django\contrib\admin\templatetags\admin_modify.py first seen with mtime 1730363513.9955804
DEBUG 2025-01-13 22:44:08,279 autoreload File C:\Users\SIM\AppData\Roaming\Python\Python311\site-packages\django\views\decorators\cache.py first seen with mtime 1730363519.574051
DEBUG 2025-01-13 22:44:08,287 autoreload File C:\Users\SIM\AppData\Roaming\Python\Python311\site-packages\django\templatetags\__init__.py first seen with mtime 1730363519.4523761
DEBUG 2025-01-13 22:44:08,287 autoreload File C:\Users\SIM\AppData\Local\Programs\Python\Python311\Lib\html\__init__.py first seen with mtime 1686106818.0
DEBUG 2025-01-13 22:44:08,287 autoreload File C:\Users\SIM\Desktop\DJANGO\Proiect1\aplicatie_exemplu\views.py first seen with mtime 1736801045.8342133
DEBUG 2025-01-13 22:44:08,287 autoreload File C:\Users\SIM\AppData\Roaming\Python\Python311\site-packages\django\template\base.py first seen with mtime 1730363519.4187372
DEBUG 2025-01-13 22:44:08,287 autoreload File C:\Users\SIM\AppData\Roaming\Python\Python311\site-packages\django\contrib\auth\backends.py first seen with mtime 1730363514.6352322
DEBUG 2025-01-13 22:44:08,287 autoreload File C:\Users\SIM\AppData\Roaming\Python\Python311\site-packages\django\contrib\messages\storage\__init__.py first seen with mtime 1730363517.0174048
DEBUG 2025-01-13 22:44:08,287 autoreload File C:\Users\SIM\AppData\Roaming\Python\Python311\site-packages\django\db\models\query_utils.py first seen with mtime 1730363519.1707
DEBUG 2025-01-13 22:44:08,288 autoreload File C:\Users\SIM\AppData\Local\Programs\Python\Python311\Lib\importlib\__init__.py first seen with mtime 1686106818.0
DEBUG 2025-01-13 22:44:08,288 autoreload File C:\Users\SIM\AppData\Roaming\Python\Python311\site-packages\django\contrib\sessions\exceptions.py first seen with mtime 1730363517.7646277
DEBUG 2025-01-13 22:44:08,288 autoreload File C:\Users\SIM\AppData\Roaming\Python\Python311\site-packages\django\db\models\expressions.py first seen with mtime 1730363519.16236
DEBUG 2025-01-13 22:44:08,288 autoreload File C:\Users\SIM\AppData\Local\Programs\Python\Python311\Lib\email\parser.py first seen with mtime 1686106818.0
DEBUG 2025-01-13 22:44:08,288 autoreload File C:\Users\SIM\AppData\Roaming\Python\Python311\site-packages\django\utils\deconstruct.py first seen with mtime 1730363519.5096915
DEBUG 2025-01-13 22:44:08,288 autoreload File C:\Users\SIM\AppData\Local\Programs\Python\Python311\Lib\urllib\response.py first seen with mtime 1686106818.0
DEBUG 2025-01-13 22:44:08,288 autoreload File C:\Users\SIM\AppData\Roaming\Python\Python311\site-packages\django\conf\global_settings.py first seen with mtime 1730363511.8686903
DEBUG 2025-01-13 22:44:08,288 autoreload File C:\Users\SIM\AppData\Local\Programs\Python\Python311\Lib\weakref.py first seen with mtime 1686106818.0
DEBUG 2025-01-13 22:44:08,288 autoreload File C:\Users\SIM\AppData\Local\Programs\Python\Python311\Lib\ssl.py first seen with mtime 1686106818.0
DEBUG 2025-01-13 22:44:08,288 autoreload File C:\Users\SIM\AppData\Local\Programs\Python\Python311\Lib\site-packages\PIL\ImageMode.py first seen with mtime 1713199321.8341837
DEBUG 2025-01-13 22:44:08,288 autoreload File C:\Users\SIM\AppData\Roaming\Python\Python311\site-packages\django\contrib\contenttypes\models.py first seen with mtime 1730363515.2378173
DEBUG 2025-01-13 22:44:08,288 autoreload File C:\Users\SIM\AppData\Roaming\Python\Python311\site-packages\django\http\request.py first seen with mtime 1730363519.396641
DEBUG 2025-01-13 22:44:08,288 autoreload File C:\Users\SIM\AppData\Local\Programs\Python\Python311\Lib\re\_parser.py first seen with mtime 1686106818.0
DEBUG 2025-01-13 22:44:08,288 autoreload File C:\Users\SIM\AppData\Local\Programs\Python\Python311\Lib\token.py first seen with mtime 1686106818.0
DEBUG 2025-01-13 22:44:08,288 autoreload File C:\Users\SIM\AppData\Local\Programs\Python\Python311\Lib\lzma.py first seen with mtime 1686106818.0
DEBUG 2025-01-13 22:44:08,288 autoreload File C:\Users\SIM\AppData\Roaming\Python\Python311\site-packages\django\contrib\contenttypes\management\__init__.py first seen with mtime 1730363515.649366
DEBUG 2025-01-13 22:44:08,288 autoreload File C:\Users\SIM\AppData\Local\Programs\Python\Python311\Lib\logging\__init__.py first seen with mtime 1686106818.0
DEBUG 2025-01-13 22:44:08,288 autoreload File C:\Users\SIM\AppData\Roaming\Python\Python311\site-packages\django\templatetags\static.py first seen with mtime 1730363519.4684384
DEBUG 2025-01-13 22:44:08,288 autoreload File C:\Users\SIM\AppData\Local\Programs\Python\Python311\Lib\string.py first seen with mtime 1686106818.0
DEBUG 2025-01-13 22:44:08,288 autoreload File C:\Users\SIM\AppData\Roaming\Python\Python311\site-packages\sqlparse\formatter.py first seen with mtime 1730363510.8357532
DEBUG 2025-01-13 22:44:08,288 autoreload File C:\Users\SIM\AppData\Roaming\Python\Python311\site-packages\django\contrib\staticfiles\handlers.py first seen with mtime 1730363518.7730794
DEBUG 2025-01-13 22:44:08,288 autoreload File C:\Users\SIM\AppData\Roaming\Python\Python311\site-packages\django\template\loaders\base.py first seen with mtime 1730363519.4523761
DEBUG 2025-01-13 22:44:08,288 autoreload File C:\Users\SIM\AppData\Roaming\Python\Python311\site-packages\django\db\migrations\operations\__init__.py first seen with mtime 1730363519.1384592
DEBUG 2025-01-13 22:44:08,288 autoreload File C:\Users\SIM\AppData\Local\Programs\Python\Python311\Lib\graphlib.py first seen with mtime 1686106818.0
DEBUG 2025-01-13 22:44:08,288 autoreload File C:\Users\SIM\AppData\Local\Programs\Python\Python311\Lib\re\__init__.py first seen with mtime 1686106818.0
DEBUG 2025-01-13 22:44:08,288 autoreload File C:\Users\SIM\AppData\Local\Programs\Python\Python311\Lib\typing.py first seen with mtime 1686106818.0
DEBUG 2025-01-13 22:44:08,288 autoreload File C:\Users\SIM\AppData\Local\Programs\Python\Python311\Lib\calendar.py first seen with mtime 1686106818.0
DEBUG 2025-01-13 22:44:08,288 autoreload File C:\Users\SIM\AppData\Roaming\Python\Python311\site-packages\django\contrib\contenttypes\checks.py first seen with mtime 1730363515.2296836
DEBUG 2025-01-13 22:44:08,288 autoreload File C:\Users\SIM\AppData\Roaming\Python\Python311\site-packages\django\contrib\staticfiles\management\commands\__init__.py first seen with mtime 1730363518.7855203
DEBUG 2025-01-13 22:44:08,288 autoreload File C:\Users\SIM\AppData\Roaming\Python\Python311\site-packages\django\core\checks\urls.py first seen with mtime 1730363518.8527594
DEBUG 2025-01-13 22:44:08,288 autoreload File C:\Users\SIM\AppData\Roaming\Python\Python311\site-packages\django\contrib\staticfiles\finders.py first seen with mtime 1730363518.7730794
DEBUG 2025-01-13 22:44:08,288 autoreload File C:\Users\SIM\AppData\Roaming\Python\Python311\site-packages\django\urls\exceptions.py first seen with mtime 1730363519.4856098
DEBUG 2025-01-13 22:44:08,288 autoreload File C:\Users\SIM\Desktop\DJANGO\Proiect1\aplicatie_exemplu\forms.py first seen with mtime 1736799755.31205
DEBUG 2025-01-13 22:44:08,288 autoreload File C:\Users\SIM\AppData\Roaming\Python\Python311\site-packages\django\contrib\admin\widgets.py first seen with mtime 1730363512.7183719
DEBUG 2025-01-13 22:44:08,288 autoreload File C:\Users\SIM\AppData\Roaming\Python\Python311\site-packages\django\views\__init__.py first seen with mtime 1730363519.5659022
DEBUG 2025-01-13 22:44:08,288 autoreload File C:\Users\SIM\AppData\Local\Programs\Python\Python311\Lib\bisect.py first seen with mtime 1686106818.0
DEBUG 2025-01-13 22:44:08,288 autoreload File C:\Users\SIM\AppData\Roaming\Python\Python311\site-packages\django\db\models\functions\window.py first seen with mtime 1730363519.2030535
DEBUG 2025-01-13 22:44:08,288 autoreload File C:\Users\SIM\AppData\Roaming\Python\Python311\site-packages\django\core\management\__init__.py first seen with mtime 1730363518.9188974
DEBUG 2025-01-13 22:44:08,288 autoreload File C:\Users\SIM\AppData\Roaming\Python\Python311\site-packages\django\middleware\security.py first seen with mtime 1730363519.412928
DEBUG 2025-01-13 22:44:08,288 autoreload File C:\Users\SIM\AppData\Roaming\Python\Python311\site-packages\django\contrib\admin\sites.py first seen with mtime 1730363512.7042537
DEBUG 2025-01-13 22:44:08,288 autoreload File C:\Users\SIM\AppData\Roaming\Python\Python311\site-packages\django\core\files\uploadhandler.py first seen with mtime 1730363518.878176
DEBUG 2025-01-13 22:44:08,288 autoreload File C:\Users\SIM\AppData\Roaming\Python\Python311\site-packages\django\core\serializers\json.py first seen with mtime 1730363518.986077
DEBUG 2025-01-13 22:44:08,288 autoreload File C:\Users\SIM\AppData\Roaming\Python\Python311\site-packages\django\core\checks\database.py first seen with mtime 1730363518.8379147
DEBUG 2025-01-13 22:44:08,288 autoreload File C:\Users\SIM\Desktop\DJANGO\Proiect1\aplicatie\urls.py first seen with mtime 1731590821.3337376
DEBUG 2025-01-13 22:44:08,288 autoreload File C:\Users\SIM\AppData\Roaming\Python\Python311\site-packages\django\forms\formsets.py first seen with mtime 1730363519.236009
DEBUG 2025-01-13 22:44:08,288 autoreload File C:\Users\SIM\AppData\Local\Programs\Python\Python311\Lib\asyncio\streams.py first seen with mtime 1686106818.0
DEBUG 2025-01-13 22:44:08,288 autoreload File C:\Users\SIM\AppData\Roaming\Python\Python311\site-packages\django\core\cache\__init__.py first seen with mtime 1730363518.8194945
DEBUG 2025-01-13 22:44:08,288 autoreload File C:\Users\SIM\AppData\Local\Programs\Python\Python311\Lib\fnmatch.py first seen with mtime 1686106818.0
DEBUG 2025-01-13 22:44:08,288 autoreload File C:\Users\SIM\AppData\Local\Programs\Python\Python311\Lib\_compression.py first seen with mtime 1686106818.0
DEBUG 2025-01-13 22:44:08,288 autoreload File C:\Users\SIM\AppData\Roaming\Python\Python311\site-packages\django\db\models\functions\comparison.py first seen with mtime 1730363519.201999
DEBUG 2025-01-13 22:44:08,288 autoreload File C:\Users\SIM\AppData\Roaming\Python\Python311\site-packages\django\core\__init__.py first seen with mtime 1730363518.8052104
DEBUG 2025-01-13 22:44:08,288 autoreload File C:\Users\SIM\AppData\Roaming\Python\Python311\site-packages\django\contrib\admin\templatetags\admin_list.py first seen with mtime 1730363513.9955804
DEBUG 2025-01-13 22:44:08,288 autoreload File C:\Users\SIM\AppData\Roaming\Python\Python311\site-packages\django\contrib\sessions\backends\base.py first seen with mtime 1730363517.772861
DEBUG 2025-01-13 22:44:08,288 autoreload File C:\Users\SIM\AppData\Roaming\Python\Python311\site-packages\django\contrib\staticfiles\checks.py first seen with mtime 1730363518.7730794
DEBUG 2025-01-13 22:44:08,288 autoreload File C:\Users\SIM\AppData\Roaming\Python\Python311\site-packages\django\db\backends\base\schema.py first seen with mtime 1730363519.02519
DEBUG 2025-01-13 22:44:08,288 autoreload File C:\Users\SIM\AppData\Local\Programs\Python\Python311\Lib\email\generator.py first seen with mtime 1686106818.0
DEBUG 2025-01-13 22:44:08,288 autoreload File C:\Users\SIM\AppData\Local\Programs\Python\Python311\Lib\ctypes\__init__.py first seen with mtime 1686106818.0
DEBUG 2025-01-13 22:44:08,288 autoreload File C:\Users\SIM\AppData\Roaming\Python\Python311\site-packages\django\contrib\sessions\__init__.py first seen with mtime 1730363517.753992
DEBUG 2025-01-13 22:44:08,288 autoreload File C:\Users\SIM\AppData\Local\Programs\Python\Python311\Lib\email\_parseaddr.py first seen with mtime 1686106818.0
DEBUG 2025-01-13 22:44:08,288 autoreload File C:\Users\SIM\AppData\Roaming\Python\Python311\site-packages\django\db\models\sql\where.py first seen with mtime 1730363519.2213213
DEBUG 2025-01-13 22:44:08,288 autoreload File C:\Users\SIM\AppData\Roaming\Python\Python311\site-packages\django\contrib\contenttypes\admin.py first seen with mtime 1730363515.2296836
DEBUG 2025-01-13 22:44:08,288 autoreload File C:\Users\SIM\AppData\Roaming\Python\Python311\site-packages\django\db\backends\postgresql\features.py first seen with mtime 1730363519.0819688
DEBUG 2025-01-13 22:44:08,288 autoreload File C:\Users\SIM\AppData\Roaming\Python\Python311\site-packages\django\contrib\auth\views.py first seen with mtime 1730363514.662934
DEBUG 2025-01-13 22:44:08,288 autoreload File C:\Users\SIM\AppData\Roaming\Python\Python311\site-packages\django\utils\numberformat.py first seen with mtime 1730363519.5421522
DEBUG 2025-01-13 22:44:08,296 autoreload File C:\Users\SIM\AppData\Local\Programs\Python\Python311\Lib\contextlib.py first seen with mtime 1686106818.0
DEBUG 2025-01-13 22:44:08,296 autoreload File C:\Users\SIM\AppData\Roaming\Python\Python311\site-packages\django\forms\models.py first seen with mtime 1730363519.236009
DEBUG 2025-01-13 22:44:08,296 autoreload File C:\Users\SIM\AppData\Local\Programs\Python\Python311\Lib\urllib\parse.py first seen with mtime 1686106818.0
DEBUG 2025-01-13 22:44:08,296 autoreload File C:\Users\SIM\AppData\Local\Programs\Python\Python311\Lib\pathlib.py first seen with mtime 1686106818.0
DEBUG 2025-01-13 22:44:08,296 autoreload File C:\Users\SIM\AppData\Local\Programs\Python\Python311\Lib\asyncio\tasks.py first seen with mtime 1686106818.0
DEBUG 2025-01-13 22:44:08,296 autoreload File C:\Users\SIM\AppData\Local\Programs\Python\Python311\Lib\site-packages\colorama\ansitowin32.py first seen with mtime 1686935914.822989
DEBUG 2025-01-13 22:44:08,296 autoreload File C:\Users\SIM\AppData\Roaming\Python\Python311\site-packages\django\apps\registry.py first seen with mtime 1730363511.862605
DEBUG 2025-01-13 22:44:08,296 autoreload File C:\Users\SIM\AppData\Local\Programs\Python\Python311\Lib\email\_policybase.py first seen with mtime 1686106818.0
DEBUG 2025-01-13 22:44:08,296 autoreload File C:\Users\SIM\AppData\Roaming\Python\Python311\site-packages\sqlparse\tokens.py first seen with mtime 1730363510.8419755
DEBUG 2025-01-13 22:44:08,296 autoreload File C:\Users\SIM\AppData\Roaming\Python\Python311\site-packages\django\contrib\admin\views\autocomplete.py first seen with mtime 1730363514.00396
DEBUG 2025-01-13 22:44:08,296 autoreload File C:\Users\SIM\AppData\Roaming\Python\Python311\site-packages\django\template\autoreload.py first seen with mtime 1730363519.4183285
DEBUG 2025-01-13 22:44:08,296 autoreload File C:\Users\SIM\AppData\Roaming\Python\Python311\site-packages\django\core\cache\backends\__init__.py first seen with mtime 1730363518.8194945
DEBUG 2025-01-13 22:44:08,296 autoreload File C:\Users\SIM\AppData\Local\Programs\Python\Python311\Lib\heapq.py first seen with mtime 1686106818.0
DEBUG 2025-01-13 22:44:08,296 autoreload File C:\Users\SIM\AppData\Local\Programs\Python\Python311\Lib\getpass.py first seen with mtime 1686106818.0
DEBUG 2025-01-13 22:44:08,296 autoreload File C:\Users\SIM\AppData\Local\Programs\Python\Python311\DLLs\_overlapped.pyd first seen with mtime 1686106894.0
DEBUG 2025-01-13 22:44:08,296 autoreload File C:\Users\SIM\AppData\Roaming\Python\Python311\site-packages\sqlparse\lexer.py first seen with mtime 1730363510.8374615
DEBUG 2025-01-13 22:44:08,296 autoreload File C:\Users\SIM\AppData\Local\Programs\Python\Python311\Lib\inspect.py first seen with mtime 1686106818.0
DEBUG 2025-01-13 22:44:08,296 autoreload File C:\Users\SIM\AppData\Roaming\Python\Python311\site-packages\django\core\serializers\python.py first seen with mtime 1730363519.000327
DEBUG 2025-01-13 22:44:08,296 autoreload File C:\Users\SIM\AppData\Local\Programs\Python\Python311\Lib\asyncio\base_futures.py first seen with mtime 1686106818.0
DEBUG 2025-01-13 22:44:08,296 autoreload File C:\Users\SIM\AppData\Roaming\Python\Python311\site-packages\django\core\management\color.py first seen with mtime 1730363518.9344106
DEBUG 2025-01-13 22:44:08,296 autoreload File C:\Users\SIM\AppData\Local\Programs\Python\Python311\Lib\email\mime\text.py first seen with mtime 1686106818.0
DEBUG 2025-01-13 22:44:08,296 autoreload File C:\Users\SIM\AppData\Local\Programs\Python\Python311\Lib\datetime.py first seen with mtime 1686106818.0
DEBUG 2025-01-13 22:44:08,296 autoreload File C:\Users\SIM\AppData\Local\Programs\Python\Python311\Lib\dis.py first seen with mtime 1686106818.0
DEBUG 2025-01-13 22:44:08,296 autoreload File C:\Users\SIM\AppData\Local\Programs\Python\Python311\Lib\signal.py first seen with mtime 1686106818.0
DEBUG 2025-01-13 22:44:08,296 autoreload File C:\Users\SIM\AppData\Roaming\Python\Python311\site-packages\django\core\files\storage\__init__.py first seen with mtime 1730363518.8861403
DEBUG 2025-01-13 22:44:08,296 autoreload File C:\Users\SIM\AppData\Roaming\Python\Python311\site-packages\django\db\backends\base\operations.py first seen with mtime 1730363519.02519
DEBUG 2025-01-13 22:44:08,296 autoreload File C:\Users\SIM\AppData\Roaming\Python\Python311\site-packages\django\db\models\options.py first seen with mtime 1730363519.1691873
DEBUG 2025-01-13 22:44:08,296 autoreload File C:\Users\SIM\AppData\Local\Programs\Python\Python311\Lib\asyncio\events.py first seen with mtime 1686106818.0
DEBUG 2025-01-13 22:44:08,296 autoreload File C:\Users\SIM\AppData\Roaming\Python\Python311\site-packages\django\utils\regex_helper.py first seen with mtime 1730363519.5421522
DEBUG 2025-01-13 22:44:08,296 autoreload File C:\Users\SIM\AppData\Roaming\Python\Python311\site-packages\sqlparse\filters\output.py first seen with mtime 1730363510.8522604
DEBUG 2025-01-13 22:44:08,296 autoreload File C:\Users\SIM\AppData\Roaming\Python\Python311\site-packages\asgiref\__init__.py first seen with mtime 1730363511.5413363
DEBUG 2025-01-13 22:44:08,296 autoreload File C:\Users\SIM\AppData\Roaming\Python\Python311\site-packages\django\contrib\contenttypes\__init__.py first seen with mtime 1730363515.2186658
DEBUG 2025-01-13 22:44:08,296 autoreload File C:\Users\SIM\AppData\Roaming\Python\Python311\site-packages\django\core\checks\translation.py first seen with mtime 1730363518.8527594
DEBUG 2025-01-13 22:44:08,296 autoreload File C:\Users\SIM\AppData\Roaming\Python\Python311\site-packages\django\contrib\admin\templatetags\__init__.py first seen with mtime 1730363513.9955804
DEBUG 2025-01-13 22:44:08,296 autoreload File C:\Users\SIM\AppData\Local\Programs\Python\Python311\Lib\collections\abc.py first seen with mtime 1686106818.0
DEBUG 2025-01-13 22:44:08,296 autoreload File C:\Users\SIM\AppData\Roaming\Python\Python311\site-packages\django\core\management\commands\runserver.py first seen with mtime 1730363518.9687588
DEBUG 2025-01-13 22:44:08,296 autoreload File C:\Users\SIM\AppData\Roaming\Python\Python311\site-packages\sqlparse\exceptions.py first seen with mtime 1730363510.8352342
DEBUG 2025-01-13 22:44:08,296 autoreload File C:\Users\SIM\AppData\Roaming\Python\Python311\site-packages\django\utils\http.py first seen with mtime 1730363519.5337405
DEBUG 2025-01-13 22:44:08,296 autoreload File C:\Users\SIM\AppData\Local\Programs\Python\Python311\DLLs\_bz2.pyd first seen with mtime 1686106896.0
DEBUG 2025-01-13 22:44:08,296 autoreload File C:\Users\SIM\AppData\Local\Programs\Python\Python311\Lib\asyncio\base_tasks.py first seen with mtime 1686106818.0
DEBUG 2025-01-13 22:44:08,296 autoreload File C:\Users\SIM\AppData\Roaming\Python\Python311\site-packages\django\core\cache\utils.py first seen with mtime 1730363518.8194945
DEBUG 2025-01-13 22:44:08,296 autoreload File C:\Users\SIM\AppData\Roaming\Python\Python311\site-packages\django\db\backends\postgresql\base.py first seen with mtime 1730363519.073951
DEBUG 2025-01-13 22:44:08,296 autoreload File C:\Users\SIM\AppData\Roaming\Python\Python311\site-packages\django\middleware\__init__.py first seen with mtime 1730363519.396641
DEBUG 2025-01-13 22:44:08,296 autoreload File C:\Users\SIM\AppData\Roaming\Python\Python311\site-packages\django\contrib\messages\api.py first seen with mtime 1730363517.005663
DEBUG 2025-01-13 22:44:08,296 autoreload File C:\Users\SIM\AppData\Roaming\Python\Python311\site-packages\sqlparse\cli.py first seen with mtime 1730363510.8336992
DEBUG 2025-01-13 22:44:08,296 autoreload File C:\Users\SIM\AppData\Local\Programs\Python\Python311\Lib\numbers.py first seen with mtime 1686106818.0
DEBUG 2025-01-13 22:44:08,296 autoreload File C:\Users\SIM\AppData\Local\Programs\Python\Python311\Lib\email\mime\base.py first seen with mtime 1686106818.0
DEBUG 2025-01-13 22:44:08,296 autoreload File C:\Users\SIM\AppData\Roaming\Python\Python311\site-packages\django\utils\text.py first seen with mtime 1730363519.5501654
DEBUG 2025-01-13 22:44:08,296 autoreload File C:\Users\SIM\AppData\Local\Programs\Python\Python311\Lib\asyncio\runners.py first seen with mtime 1686106818.0
DEBUG 2025-01-13 22:44:08,296 autoreload File C:\Users\SIM\AppData\Local\Programs\Python\Python311\Lib\site-packages\PIL\_version.py first seen with mtime 1713199322.0304856
DEBUG 2025-01-13 22:44:08,296 autoreload File C:\Users\SIM\AppData\Roaming\Python\Python311\site-packages\django\db\models\__init__.py first seen with mtime 1730363519.146573
DEBUG 2025-01-13 22:44:08,296 autoreload File C:\Users\SIM\AppData\Local\Programs\Python\Python311\Lib\asyncio\format_helpers.py first seen with mtime 1686106818.0
DEBUG 2025-01-13 22:44:08,296 autoreload File C:\Users\SIM\AppData\Roaming\Python\Python311\site-packages\django\utils\formats.py first seen with mtime 1730363519.518824
DEBUG 2025-01-13 22:44:08,296 autoreload File C:\Users\SIM\AppData\Roaming\Python\Python311\site-packages\django\db\models\fields\mixins.py first seen with mtime 1730363519.1857815
DEBUG 2025-01-13 22:44:08,296 autoreload File C:\Users\SIM\AppData\Roaming\Python\Python311\site-packages\django\contrib\messages\middleware.py first seen with mtime 1730363517.0118935
DEBUG 2025-01-13 22:44:08,296 autoreload File C:\Users\SIM\AppData\Roaming\Python\Python311\site-packages\django\contrib\staticfiles\__init__.py first seen with mtime 1730363518.768919
DEBUG 2025-01-13 22:44:08,296 autoreload File C:\Users\SIM\AppData\Roaming\Python\Python311\site-packages\django\utils\functional.py first seen with mtime 1730363519.518824
DEBUG 2025-01-13 22:44:08,296 autoreload File C:\Users\SIM\AppData\Local\Programs\Python\Python311\Lib\ctypes\wintypes.py first seen with mtime 1686106818.0
DEBUG 2025-01-13 22:44:08,296 autoreload File C:\Users\SIM\AppData\Roaming\Python\Python311\site-packages\sqlparse\filters\reindent.py first seen with mtime 1730363510.8522604
DEBUG 2025-01-13 22:44:08,296 autoreload File C:\Users\SIM\AppData\Roaming\Python\Python311\site-packages\django\contrib\admin\views\main.py first seen with mtime 1730363514.0105746
DEBUG 2025-01-13 22:44:08,296 autoreload File C:\Users\SIM\AppData\Roaming\Python\Python311\site-packages\django\contrib\admin\templatetags\log.py first seen with mtime 1730363514.00396
DEBUG 2025-01-13 22:44:08,296 autoreload File C:\Users\SIM\AppData\Local\Programs\Python\Python311\Lib\concurrent\futures\_base.py first seen with mtime 1686106818.0
DEBUG 2025-01-13 22:44:08,296 autoreload File C:\Users\SIM\AppData\Roaming\Python\Python311\site-packages\django\template\defaulttags.py first seen with mtime 1730363519.4187372
DEBUG 2025-01-13 22:44:08,296 autoreload File C:\Users\SIM\AppData\Roaming\Python\Python311\site-packages\django\views\generic\edit.py first seen with mtime 1730363519.5854342
DEBUG 2025-01-13 22:44:08,296 autoreload File C:\Users\SIM\AppData\Roaming\Python\Python311\site-packages\django\views\generic\__init__.py first seen with mtime 1730363519.5854342
DEBUG 2025-01-13 22:44:08,296 autoreload File C:\Users\SIM\Desktop\DJANGO\Proiect1\aplicatie\views.py first seen with mtime 1731591248.9291372
DEBUG 2025-01-13 22:44:08,296 autoreload File C:\Users\SIM\Desktop\DJANGO\Proiect1\aplicatie_exemplu\apps.py first seen with mtime 1730907848.1215076
DEBUG 2025-01-13 22:44:08,296 autoreload File C:\Users\SIM\AppData\Roaming\Python\Python311\site-packages\django\core\files\storage\filesystem.py first seen with mtime 1730363518.8861403
DEBUG 2025-01-13 22:44:08,296 autoreload File C:\Users\SIM\AppData\Roaming\Python\Python311\site-packages\django\utils\dates.py first seen with mtime 1730363519.5096915
DEBUG 2025-01-13 22:44:08,296 autoreload File C:\Users\SIM\AppData\Local\Programs\Python\Python311\Lib\locale.py first seen with mtime 1686106818.0
DEBUG 2025-01-13 22:44:08,296 autoreload File C:\Users\SIM\AppData\Roaming\Python\Python311\site-packages\django\contrib\admin\apps.py first seen with mtime 1730363512.6853182
DEBUG 2025-01-13 22:44:08,303 autoreload File C:\Users\SIM\AppData\Roaming\Python\Python311\site-packages\django\core\checks\compatibility\__init__.py first seen with mtime 1730363518.8527594
DEBUG 2025-01-13 22:44:08,303 autoreload File C:\Users\SIM\AppData\Roaming\Python\Python311\site-packages\django\db\models\sql\__init__.py first seen with mtime 1730363519.2111301
DEBUG 2025-01-13 22:44:08,303 autoreload File C:\Users\SIM\AppData\Local\Programs\Python\Python311\Lib\http\client.py first seen with mtime 1686106818.0
DEBUG 2025-01-13 22:44:08,303 autoreload File C:\Users\SIM\AppData\Local\Programs\Python\Python311\Lib\json\scanner.py first seen with mtime 1686106818.0
DEBUG 2025-01-13 22:44:08,303 autoreload File C:\Users\SIM\AppData\Roaming\Python\Python311\site-packages\django\db\models\fields\reverse_related.py first seen with mtime 1730363519.1947956
DEBUG 2025-01-13 22:44:08,303 autoreload File C:\Users\SIM\AppData\Local\Programs\Python\Python311\Lib\email\errors.py first seen with mtime 1686106818.0
DEBUG 2025-01-13 22:44:08,304 autoreload File C:\Users\SIM\AppData\Roaming\Python\Python311\site-packages\django\core\cache\backends\filebased.py first seen with mtime 1730363518.8295124
DEBUG 2025-01-13 22:44:08,304 autoreload File C:\Users\SIM\AppData\Roaming\Python\Python311\site-packages\django\db\models\lookups.py first seen with mtime 1730363519.16236
DEBUG 2025-01-13 22:44:08,304 autoreload File C:\Users\SIM\AppData\Roaming\Python\Python311\site-packages\django\forms\__init__.py first seen with mtime 1730363519.2213213
DEBUG 2025-01-13 22:44:08,304 autoreload File C:\Users\SIM\AppData\Roaming\Python\Python311\site-packages\django\db\models\functions\mixins.py first seen with mtime 1730363519.2030535
DEBUG 2025-01-13 22:44:08,304 autoreload File C:\Users\SIM\AppData\Roaming\Python\Python311\site-packages\django\core\mail\__init__.py first seen with mtime 1730363518.902088
DEBUG 2025-01-13 22:44:08,304 autoreload File C:\Users\SIM\AppData\Roaming\Python\Python311\site-packages\django\template\backends\__init__.py first seen with mtime 1730363519.437286
DEBUG 2025-01-13 22:44:08,304 autoreload File C:\Users\SIM\AppData\Roaming\Python\Python311\site-packages\asgiref\current_thread_executor.py first seen with mtime 1730363511.5413363
DEBUG 2025-01-13 22:44:08,304 autoreload File C:\Users\SIM\AppData\Roaming\Python\Python311\site-packages\django\db\models\functions\math.py first seen with mtime 1730363519.2030535
DEBUG 2025-01-13 22:44:08,304 autoreload File C:\Users\SIM\AppData\Local\Programs\Python\Python311\Lib\email\policy.py first seen with mtime 1686106818.0
DEBUG 2025-01-13 22:44:08,304 autoreload File C:\Users\SIM\AppData\Roaming\Python\Python311\site-packages\django\core\handlers\exception.py first seen with mtime 1730363518.902088
DEBUG 2025-01-13 22:44:08,304 autoreload File C:\Users\SIM\AppData\Local\Programs\Python\Python311\Lib\html\parser.py first seen with mtime 1686106818.0
DEBUG 2025-01-13 22:44:08,304 autoreload File C:\Users\SIM\AppData\Local\Programs\Python\Python311\Lib\random.py first seen with mtime 1686106818.0
DEBUG 2025-01-13 22:44:08,304 autoreload File C:\Users\SIM\AppData\Roaming\Python\Python311\site-packages\django\db\models\enums.py first seen with mtime 1730363519.1527572
DEBUG 2025-01-13 22:44:08,304 autoreload File C:\Users\SIM\AppData\Roaming\Python\Python311\site-packages\django\utils\datastructures.py first seen with mtime 1730363519.5096915
DEBUG 2025-01-13 22:44:08,304 autoreload File C:\Users\SIM\AppData\Roaming\Python\Python311\site-packages\django\core\files\storage\handler.py first seen with mtime 1730363518.8941734
DEBUG 2025-01-13 22:44:08,304 autoreload File C:\Users\SIM\AppData\Roaming\Python\Python311\site-packages\django\core\files\uploadedfile.py first seen with mtime 1730363518.878176
DEBUG 2025-01-13 22:44:08,304 autoreload File C:\Users\SIM\AppData\Local\Programs\Python\Python311\Lib\html\entities.py first seen with mtime 1686106818.0
DEBUG 2025-01-13 22:44:08,304 autoreload File C:\Users\SIM\AppData\Roaming\Python\Python311\site-packages\django\template\loaders\cached.py first seen with mtime 1730363519.4523761
DEBUG 2025-01-13 22:44:08,304 autoreload File C:\Users\SIM\AppData\Local\Programs\Python\Python311\Lib\textwrap.py first seen with mtime 1686106818.0
DEBUG 2025-01-13 22:44:08,304 autoreload File C:\Users\SIM\AppData\Roaming\Python\Python311\site-packages\django\contrib\staticfiles\utils.py first seen with mtime 1730363518.7855203
DEBUG 2025-01-13 22:44:08,304 autoreload File C:\Users\SIM\AppData\Local\Programs\Python\Python311\Lib\hashlib.py first seen with mtime 1686106818.0
DEBUG 2025-01-13 22:44:08,304 autoreload File C:\Users\SIM\AppData\Roaming\Python\Python311\site-packages\django\db\backends\postgresql\psycopg_any.py first seen with mtime 1730363519.0883665
DEBUG 2025-01-13 22:44:08,304 autoreload File C:\Users\SIM\AppData\Roaming\Python\Python311\site-packages\sqlparse\filters\others.py first seen with mtime 1730363510.8522604
DEBUG 2025-01-13 22:44:08,304 autoreload File C:\Users\SIM\AppData\Roaming\Python\Python311\site-packages\django\dispatch\dispatcher.py first seen with mtime 1730363519.2213213
DEBUG 2025-01-13 22:44:08,304 autoreload File C:\Users\SIM\AppData\Local\Programs\Python\Python311\Lib\bz2.py first seen with mtime 1686106818.0
DEBUG 2025-01-13 22:44:08,304 autoreload File C:\Users\SIM\AppData\Roaming\Python\Python311\site-packages\django\db\transaction.py first seen with mtime 1730363519.008809
DEBUG 2025-01-13 22:44:08,304 autoreload File C:\Users\SIM\AppData\Local\Programs\Python\Python311\Lib\site-packages\psycopg2\extensions.py first seen with mtime 1731581176.280461
DEBUG 2025-01-13 22:44:08,304 autoreload File C:\Users\SIM\AppData\Local\Programs\Python\Python311\Lib\asyncio\proactor_events.py first seen with mtime 1686106818.0
DEBUG 2025-01-13 22:44:08,304 autoreload File C:\Users\SIM\AppData\Roaming\Python\Python311\site-packages\django\contrib\contenttypes\views.py first seen with mtime 1730363515.2428498
DEBUG 2025-01-13 22:44:08,304 autoreload File C:\Users\SIM\AppData\Roaming\Python\Python311\site-packages\django\contrib\messages\__init__.py first seen with mtime 1730363517.005663
DEBUG 2025-01-13 22:44:08,304 autoreload File C:\Users\SIM\AppData\Local\Programs\Python\Python311\DLLs\_lzma.pyd first seen with mtime 1686106894.0
DEBUG 2025-01-13 22:44:08,304 autoreload File C:\Users\SIM\AppData\Roaming\Python\Python311\site-packages\django\template\defaultfilters.py first seen with mtime 1730363519.4187372
DEBUG 2025-01-13 22:44:08,304 autoreload File C:\Users\SIM\AppData\Local\Programs\Python\Python311\Lib\glob.py first seen with mtime 1686106818.0
DEBUG 2025-01-13 22:44:08,304 autoreload File C:\Users\SIM\AppData\Roaming\Python\Python311\site-packages\django\core\checks\security\__init__.py first seen with mtime 1730363518.8527594
DEBUG 2025-01-13 22:44:08,304 autoreload File C:\Users\SIM\AppData\Roaming\Python\Python311\site-packages\django\db\migrations\exceptions.py first seen with mtime 1730363519.1142695
DEBUG 2025-01-13 22:44:08,304 autoreload File C:\Users\SIM\AppData\Local\Programs\Python\Python311\Lib\site-packages\psycopg2\sql.py first seen with mtime 1731581176.2877078
DEBUG 2025-01-13 22:44:08,304 autoreload File C:\Users\SIM\AppData\Roaming\Python\Python311\site-packages\django\utils\termcolors.py first seen with mtime 1730363519.5421522
DEBUG 2025-01-13 22:44:08,304 autoreload File C:\Users\SIM\AppData\Local\Programs\Python\Python311\Lib\email\quoprimime.py first seen with mtime 1686106818.0
DEBUG 2025-01-13 22:44:08,304 autoreload File C:\Users\SIM\AppData\Roaming\Python\Python311\site-packages\django\utils\module_loading.py first seen with mtime 1730363519.5421522
DEBUG 2025-01-13 22:44:08,304 autoreload File C:\Users\SIM\AppData\Roaming\Python\Python311\site-packages\django\contrib\auth\apps.py first seen with mtime 1730363514.6305225
DEBUG 2025-01-13 22:44:08,304 autoreload File C:\Users\SIM\AppData\Local\Programs\Python\Python311\DLLs\_asyncio.pyd first seen with mtime 1686106918.0
DEBUG 2025-01-13 22:44:08,304 autoreload File C:\Users\SIM\AppData\Roaming\Python\Python311\site-packages\django\contrib\sessions\middleware.py first seen with mtime 1730363517.7646277
DEBUG 2025-01-13 22:44:08,304 autoreload File C:\Users\SIM\AppData\Roaming\Python\Python311\site-packages\django\forms\renderers.py first seen with mtime 1730363519.24311
DEBUG 2025-01-13 22:44:08,304 autoreload File C:\Users\SIM\AppData\Roaming\Python\Python311\site-packages\django\db\models\fields\files.py first seen with mtime 1730363519.1787376
DEBUG 2025-01-13 22:44:08,304 autoreload File C:\Users\SIM\AppData\Local\Programs\Python\Python311\Lib\asyncio\timeouts.py first seen with mtime 1686106818.0
DEBUG 2025-01-13 22:44:08,304 autoreload File C:\Users\SIM\AppData\Roaming\Python\Python311\site-packages\django\utils\dateformat.py first seen with mtime 1730363519.5096915
DEBUG 2025-01-13 22:44:08,304 autoreload File C:\Users\SIM\AppData\Local\Programs\Python\Python311\Lib\email\mime\message.py first seen with mtime 1686106818.0
DEBUG 2025-01-13 22:44:08,304 autoreload File C:\Users\SIM\AppData\Roaming\Python\Python311\site-packages\django\db\models\fields\related.py first seen with mtime 1730363519.1857815
DEBUG 2025-01-13 22:44:08,304 autoreload File C:\Users\SIM\AppData\Roaming\Python\Python311\site-packages\django\core\files\storage\memory.py first seen with mtime 1730363518.8955162
DEBUG 2025-01-13 22:44:08,304 autoreload File C:\Users\SIM\AppData\Roaming\Python\Python311\site-packages\django\contrib\staticfiles\views.py first seen with mtime 1730363518.7855203
DEBUG 2025-01-13 22:44:08,304 autoreload File C:\Users\SIM\AppData\Roaming\Python\Python311\site-packages\django\forms\utils.py first seen with mtime 1730363519.24311
DEBUG 2025-01-13 22:44:08,304 autoreload File C:\Users\SIM\AppData\Local\Programs\Python\Python311\DLLs\_decimal.pyd first seen with mtime 1686106894.0
DEBUG 2025-01-13 22:44:08,304 autoreload File C:\Users\SIM\AppData\Roaming\Python\Python311\site-packages\django\core\mail\utils.py first seen with mtime 1730363518.913383
DEBUG 2025-01-13 22:44:08,304 autoreload File C:\Users\SIM\AppData\Local\Programs\Python\Python311\Lib\site-packages\psycopg2\extras.py first seen with mtime 1731581176.280461
DEBUG 2025-01-13 22:44:08,304 autoreload File C:\Users\SIM\AppData\Roaming\Python\Python311\site-packages\django\db\backends\base\base.py first seen with mtime 1730363519.018852
DEBUG 2025-01-13 22:44:08,304 autoreload File C:\Users\SIM\AppData\Roaming\Python\Python311\site-packages\django\utils\cache.py first seen with mtime 1730363519.5025089
DEBUG 2025-01-13 22:44:08,304 autoreload File C:\Users\SIM\AppData\Roaming\Python\Python311\site-packages\django\core\checks\compatibility\django_4_0.py first seen with mtime 1730363518.8527594
DEBUG 2025-01-13 22:44:08,304 autoreload File C:\Users\SIM\AppData\Roaming\Python\Python311\site-packages\django\utils\tree.py first seen with mtime 1730363519.5518892
DEBUG 2025-01-13 22:44:08,304 autoreload File C:\Users\SIM\AppData\Roaming\Python\Python311\site-packages\django\core\handlers\base.py first seen with mtime 1730363518.902088
DEBUG 2025-01-13 22:44:08,304 autoreload File C:\Users\SIM\AppData\Roaming\Python\Python311\site-packages\django\views\decorators\__init__.py first seen with mtime 1730363519.574051
DEBUG 2025-01-13 22:44:08,304 autoreload File C:\Users\SIM\AppData\Roaming\Python\Python311\site-packages\django\core\servers\basehttp.py first seen with mtime 1730363519.0074275
DEBUG 2025-01-13 22:44:08,304 autoreload File C:\Users\SIM\AppData\Local\Programs\Python\Python311\Lib\email\header.py first seen with mtime 1686106818.0
DEBUG 2025-01-13 22:44:08,304 autoreload File C:\Users\SIM\AppData\Local\Programs\Python\Python311\Lib\urllib\request.py first seen with mtime 1686106818.0
DEBUG 2025-01-13 22:44:08,304 autoreload File C:\Users\SIM\AppData\Roaming\Python\Python311\site-packages\django\core\serializers\base.py first seen with mtime 1730363518.986077
DEBUG 2025-01-13 22:44:08,304 autoreload File C:\Users\SIM\AppData\Roaming\Python\Python311\site-packages\django\core\cache\backends\base.py first seen with mtime 1730363518.8194945
DEBUG 2025-01-13 22:44:08,304 autoreload File C:\Users\SIM\AppData\Roaming\Python\Python311\site-packages\django\utils\_os.py first seen with mtime 1730363519.4856098
DEBUG 2025-01-13 22:44:08,304 autoreload File C:\Users\SIM\AppData\Roaming\Python\Python311\site-packages\django\core\files\utils.py first seen with mtime 1730363518.878176
DEBUG 2025-01-13 22:44:08,304 autoreload File C:\Users\SIM\AppData\Local\Programs\Python\Python311\Lib\site-packages\psycopg2\errors.py first seen with mtime 1731581176.280461
DEBUG 2025-01-13 22:44:08,304 autoreload File C:\Users\SIM\AppData\Roaming\Python\Python311\site-packages\django\views\generic\list.py first seen with mtime 1730363519.5854342
DEBUG 2025-01-13 22:44:08,304 autoreload File C:\Users\SIM\AppData\Roaming\Python\Python311\site-packages\django\template\loader_tags.py first seen with mtime 1730363519.4351766
DEBUG 2025-01-13 22:44:08,304 autoreload File C:\Users\SIM\AppData\Roaming\Python\Python311\site-packages\django\core\checks\templates.py first seen with mtime 1730363518.8527594
DEBUG 2025-01-13 22:44:08,304 autoreload File C:\Users\SIM\AppData\Roaming\Python\Python311\site-packages\django\utils\ipv6.py first seen with mtime 1730363519.5351002
DEBUG 2025-01-13 22:44:08,304 autoreload File C:\Users\SIM\AppData\Local\Programs\Python\Python311\Lib\traceback.py first seen with mtime 1686106818.0
DEBUG 2025-01-13 22:44:08,304 autoreload File C:\Users\SIM\AppData\Local\Programs\Python\Python311\Lib\ast.py first seen with mtime 1686106818.0
DEBUG 2025-01-13 22:44:08,304 autoreload File C:\Users\SIM\AppData\Local\Programs\Python\Python311\Lib\urllib\error.py first seen with mtime 1686106818.0
DEBUG 2025-01-13 22:44:08,304 autoreload File C:\Users\SIM\AppData\Local\Programs\Python\Python311\Lib\platform.py first seen with mtime 1686106818.0
DEBUG 2025-01-13 22:44:08,304 autoreload File C:\Users\SIM\AppData\Roaming\Python\Python311\site-packages\django\urls\resolvers.py first seen with mtime 1730363519.4856098
DEBUG 2025-01-13 22:44:08,304 autoreload File C:\Users\SIM\AppData\Local\Programs\Python\Python311\Lib\re\_compiler.py first seen with mtime 1686106818.0
DEBUG 2025-01-13 22:44:08,304 autoreload File C:\Users\SIM\AppData\Roaming\Python\Python311\site-packages\django\db\backends\signals.py first seen with mtime 1730363519.0159185
DEBUG 2025-01-13 22:44:08,304 autoreload File C:\Users\SIM\AppData\Local\Programs\Python\Python311\Lib\asyncio\transports.py first seen with mtime 1686106818.0
DEBUG 2025-01-13 22:44:08,304 autoreload File C:\Users\SIM\AppData\Roaming\Python\Python311\site-packages\sqlparse\filters\__init__.py first seen with mtime 1730363510.8522604
DEBUG 2025-01-13 22:44:08,304 autoreload File C:\Users\SIM\AppData\Roaming\Python\Python311\site-packages\django\templatetags\i18n.py first seen with mtime 1730363519.4613905
DEBUG 2025-01-13 22:44:08,304 autoreload File C:\Users\SIM\AppData\Local\Programs\Python\Python311\DLLs\_zoneinfo.pyd first seen with mtime 1686106896.0
DEBUG 2025-01-13 22:44:08,304 autoreload File C:\Users\SIM\AppData\Roaming\Python\Python311\site-packages\django\contrib\messages\utils.py first seen with mtime 1730363517.0118935
DEBUG 2025-01-13 22:44:08,304 autoreload File C:\Users\SIM\AppData\Roaming\Python\Python311\site-packages\django\db\migrations\__init__.py first seen with mtime 1730363519.1061597
DEBUG 2025-01-13 22:44:08,304 autoreload File C:\Users\SIM\AppData\Roaming\Python\Python311\site-packages\django\db\backends\postgresql\client.py first seen with mtime 1730363519.073951
DEBUG 2025-01-13 22:44:08,304 autoreload File C:\Users\SIM\Desktop\DJANGO\Proiect1\Proiect1\__init__.py first seen with mtime 1730907575.288558
DEBUG 2025-01-13 22:44:08,304 autoreload File C:\Users\SIM\AppData\Local\Programs\Python\Python311\Lib\site-packages\psycopg2\_psycopg.cp311-win_amd64.pyd first seen with mtime 1731581176.280461
DEBUG 2025-01-13 22:44:08,304 autoreload File C:\Users\SIM\AppData\Local\Programs\Python\Python311\Lib\queue.py first seen with mtime 1686106818.0
DEBUG 2025-01-13 22:44:08,304 autoreload File C:\Users\SIM\AppData\Local\Programs\Python\Python311\Lib\encodings\aliases.py first seen with mtime 1686106818.0
DEBUG 2025-01-13 22:44:08,304 autoreload File C:\Users\SIM\AppData\Roaming\Python\Python311\site-packages\django\contrib\contenttypes\fields.py first seen with mtime 1730363515.2358246
DEBUG 2025-01-13 22:44:08,304 autoreload File C:\Users\SIM\AppData\Roaming\Python\Python311\site-packages\django\template\exceptions.py first seen with mtime 1730363519.428758
DEBUG 2025-01-13 22:44:08,304 autoreload File C:\Users\SIM\AppData\Local\Programs\Python\Python311\Lib\__future__.py first seen with mtime 1686106818.0
DEBUG 2025-01-13 22:44:08,304 autoreload File C:\Users\SIM\AppData\Roaming\Python\Python311\site-packages\django\contrib\staticfiles\management\commands\runserver.py first seen with mtime 1730363518.7970405
DEBUG 2025-01-13 22:44:08,304 autoreload File C:\Users\SIM\AppData\Roaming\Python\Python311\site-packages\django\utils\dateparse.py first seen with mtime 1730363519.5096915
DEBUG 2025-01-13 22:44:08,304 autoreload File C:\Users\SIM\AppData\Roaming\Python\Python311\site-packages\django\template\context.py first seen with mtime 1730363519.4187372
DEBUG 2025-01-13 22:44:08,312 autoreload File C:\Users\SIM\AppData\Roaming\Python\Python311\site-packages\django\utils\inspect.py first seen with mtime 1730363519.5351002
DEBUG 2025-01-13 22:44:08,312 autoreload File C:\Users\SIM\AppData\Local\Programs\Python\Python311\Lib\site-packages\PIL\Image.py first seen with mtime 1713199321.8112986
DEBUG 2025-01-13 22:44:08,312 autoreload File C:\Users\SIM\AppData\Roaming\Python\Python311\site-packages\django\views\static.py first seen with mtime 1730363519.5688384
DEBUG 2025-01-13 22:44:08,312 autoreload File C:\Users\SIM\AppData\Roaming\Python\Python311\site-packages\django\utils\crypto.py first seen with mtime 1730363519.5096915
DEBUG 2025-01-13 22:44:08,312 autoreload File C:\Users\SIM\AppData\Local\Programs\Python\Python311\Lib\difflib.py first seen with mtime 1686106818.0
DEBUG 2025-01-13 22:44:08,312 autoreload File C:\Users\SIM\AppData\Roaming\Python\Python311\site-packages\django\core\servers\__init__.py first seen with mtime 1730363519.000327
DEBUG 2025-01-13 22:44:08,312 autoreload File C:\Users\SIM\AppData\Roaming\Python\Python311\site-packages\django\forms\widgets.py first seen with mtime 1730363519.24311
DEBUG 2025-01-13 22:44:08,312 autoreload File C:\Users\SIM\AppData\Local\Programs\Python\Python311\Lib\ipaddress.py first seen with mtime 1686106818.0
DEBUG 2025-01-13 22:44:08,312 autoreload File C:\Users\SIM\AppData\Local\Programs\Python\Python311\Lib\keyword.py first seen with mtime 1686106818.0
DEBUG 2025-01-13 22:44:08,312 autoreload File C:\Users\SIM\AppData\Local\Programs\Python\Python311\Lib\warnings.py first seen with mtime 1686106818.0
DEBUG 2025-01-13 22:44:08,312 autoreload File C:\Users\SIM\Desktop\DJANGO\Proiect1\aplicatie_exemplu\models.py first seen with mtime 1734456694.1404996
DEBUG 2025-01-13 22:44:08,312 autoreload File C:\Users\SIM\AppData\Roaming\Python\Python311\site-packages\django\views\i18n.py first seen with mtime 1730363519.5688384
DEBUG 2025-01-13 22:44:08,312 autoreload File C:\Users\SIM\AppData\Local\Programs\Python\Python311\Lib\asyncio\coroutines.py first seen with mtime 1686106818.0
DEBUG 2025-01-13 22:44:08,312 autoreload File C:\Users\SIM\AppData\Local\Programs\Python\Python311\Lib\asyncio\constants.py first seen with mtime 1686106818.0
DEBUG 2025-01-13 22:44:08,312 autoreload File C:\Users\SIM\AppData\Roaming\Python\Python311\site-packages\django\contrib\auth\validators.py first seen with mtime 1730363514.662934
DEBUG 2025-01-13 22:44:08,312 autoreload File C:\Users\SIM\AppData\Roaming\Python\Python311\site-packages\django\http\__init__.py first seen with mtime 1730363519.3856273
DEBUG 2025-01-13 22:44:08,312 autoreload File C:\Users\SIM\AppData\Local\Programs\Python\Python311\Lib\email\_encoded_words.py first seen with mtime 1686106818.0
DEBUG 2025-01-13 22:44:08,312 autoreload File C:\Users\SIM\AppData\Roaming\Python\Python311\site-packages\django\utils\lorem_ipsum.py first seen with mtime 1730363519.5421522
DEBUG 2025-01-13 22:44:08,312 autoreload File C:\Users\SIM\AppData\Local\Programs\Python\Python311\Lib\struct.py first seen with mtime 1686106818.0
DEBUG 2025-01-13 22:44:08,312 autoreload File C:\Users\SIM\AppData\Local\Programs\Python\Python311\Lib\wsgiref\__init__.py first seen with mtime 1686106818.0
DEBUG 2025-01-13 22:44:08,312 autoreload File C:\Users\SIM\AppData\Roaming\Python\Python311\site-packages\django\db\models\deletion.py first seen with mtime 1730363519.1527572
DEBUG 2025-01-13 22:44:08,312 autoreload File C:\Users\SIM\AppData\Local\Programs\Python\Python311\Lib\asyncio\mixins.py first seen with mtime 1686106818.0
DEBUG 2025-01-13 22:44:08,312 autoreload File C:\Users\SIM\AppData\Roaming\Python\Python311\site-packages\sqlparse\engine\grouping.py first seen with mtime 1730363510.851671
DEBUG 2025-01-13 22:44:08,312 autoreload File C:\Users\SIM\AppData\Local\Programs\Python\Python311\Lib\email\message.py first seen with mtime 1686106818.0
DEBUG 2025-01-13 22:44:08,312 autoreload File C:\Users\SIM\AppData\Roaming\Python\Python311\site-packages\django\urls\__init__.py first seen with mtime 1730363519.4856098
DEBUG 2025-01-13 22:44:08,312 autoreload File C:\Users\SIM\AppData\Roaming\Python\Python311\site-packages\django\db\backends\base\creation.py first seen with mtime 1730363519.024365
DEBUG 2025-01-13 22:44:08,312 autoreload File C:\Users\SIM\AppData\Roaming\Python\Python311\site-packages\django\utils\safestring.py first seen with mtime 1730363519.5421522
DEBUG 2025-01-13 22:44:08,312 autoreload File C:\Users\SIM\AppData\Local\Programs\Python\Python311\Lib\asyncio\locks.py first seen with mtime 1686106818.0
DEBUG 2025-01-13 22:44:08,312 autoreload File C:\Users\SIM\AppData\Roaming\Python\Python311\site-packages\django\middleware\common.py first seen with mtime 1730363519.4048178
DEBUG 2025-01-13 22:44:08,312 autoreload File C:\Users\SIM\AppData\Roaming\Python\Python311\site-packages\django\contrib\auth\forms.py first seen with mtime 1730363514.6469238
DEBUG 2025-01-13 22:44:08,312 autoreload File C:\Users\SIM\AppData\Local\Programs\Python\Python311\Lib\asyncio\protocols.py first seen with mtime 1686106818.0
DEBUG 2025-01-13 22:44:08,312 autoreload File C:\Users\SIM\AppData\Roaming\Python\Python311\site-packages\django\template\__init__.py first seen with mtime 1730363519.412928
DEBUG 2025-01-13 22:44:08,312 autoreload File C:\Users\SIM\AppData\Local\Programs\Python\Python311\Lib\gettext.py first seen with mtime 1686106818.0
DEBUG 2025-01-13 22:44:08,312 autoreload File C:\Users\SIM\AppData\Roaming\Python\Python311\site-packages\sqlparse\keywords.py first seen with mtime 1730363510.8374615
DEBUG 2025-01-13 22:44:08,312 autoreload File C:\Users\SIM\AppData\Local\Programs\Python\Python311\Lib\http\__init__.py first seen with mtime 1686106818.0
DEBUG 2025-01-13 22:44:08,312 autoreload File C:\Users\SIM\AppData\Roaming\Python\Python311\site-packages\django\views\debug.py first seen with mtime 1730363519.5685668
DEBUG 2025-01-13 22:44:08,312 autoreload File C:\Users\SIM\AppData\Roaming\Python\Python311\site-packages\django\db\models\sql\subqueries.py first seen with mtime 1730363519.2213213
DEBUG 2025-01-13 22:44:08,312 autoreload File C:\Users\SIM\AppData\Roaming\Python\Python311\site-packages\django\core\files\base.py first seen with mtime 1730363518.8701553
DEBUG 2025-01-13 22:44:08,312 autoreload File C:\Users\SIM\Desktop\DJANGO\Proiect1\aplicatie\templates\operatii.html first seen with mtime 1731591295.788468
DEBUG 2025-01-13 22:44:08,312 autoreload File C:\Users\SIM\Desktop\DJANGO\Proiect1\aplicatie_exemplu\templates\adaugare_pizza.html first seen with mtime 1733405406.4156568
DEBUG 2025-01-13 22:44:08,312 autoreload File C:\Users\SIM\Desktop\DJANGO\Proiect1\aplicatie_exemplu\templates\adauga_promotie.html first seen with mtime 1734456694.1470876
DEBUG 2025-01-13 22:44:08,312 autoreload File C:\Users\SIM\Desktop\DJANGO\Proiect1\aplicatie_exemplu\templates\articole.html first seen with mtime 1732145058.6291988
DEBUG 2025-01-13 22:44:08,312 autoreload File C:\Users\SIM\Desktop\DJANGO\Proiect1\aplicatie_exemplu\templates\confirmare_email.html first seen with mtime 1734452863.3257353
DEBUG 2025-01-13 22:44:08,312 autoreload File C:\Users\SIM\Desktop\DJANGO\Proiect1\aplicatie_exemplu\templates\contact.html first seen with mtime 1733402852.2961094
DEBUG 2025-01-13 22:44:08,312 autoreload File C:\Users\SIM\Desktop\DJANGO\Proiect1\aplicatie_exemplu\templates\detalii_pizza.html first seen with mtime 1734458480.7238045
DEBUG 2025-01-13 22:44:08,312 autoreload File C:\Users\SIM\Desktop\DJANGO\Proiect1\aplicatie_exemplu\templates\email_promotie_meniu_seara.txt first seen with mtime 1736791277.0101433
DEBUG 2025-01-13 22:44:08,312 autoreload File C:\Users\SIM\Desktop\DJANGO\Proiect1\aplicatie_exemplu\templates\email_promotie_meniu_zi.txt first seen with mtime 1736790103.468267
DEBUG 2025-01-13 22:44:08,312 autoreload File C:\Users\SIM\Desktop\DJANGO\Proiect1\aplicatie_exemplu\templates\email_template.html first seen with mtime 1734453007.0543363
DEBUG 2025-01-13 22:44:08,312 autoreload File C:\Users\SIM\Desktop\DJANGO\Proiect1\aplicatie_exemplu\templates\inregistrare.html first seen with mtime 1734015717.9268386
DEBUG 2025-01-13 22:44:08,312 autoreload File C:\Users\SIM\Desktop\DJANGO\Proiect1\aplicatie_exemplu\templates\lista_promotii.html first seen with mtime 1734456694.2244902
DEBUG 2025-01-13 22:44:08,312 autoreload File C:\Users\SIM\Desktop\DJANGO\Proiect1\aplicatie_exemplu\templates\login.html first seen with mtime 1733880649.4997177
DEBUG 2025-01-13 22:44:08,312 autoreload File C:\Users\SIM\Desktop\DJANGO\Proiect1\aplicatie_exemplu\templates\mesaj_trimis.html first seen with mtime 1733403385.7844315
DEBUG 2025-01-13 22:44:08,312 autoreload File C:\Users\SIM\Desktop\DJANGO\Proiect1\aplicatie_exemplu\templates\password_change.html first seen with mtime 1734016886.585492
DEBUG 2025-01-13 22:44:08,312 autoreload File C:\Users\SIM\Desktop\DJANGO\Proiect1\aplicatie_exemplu\templates\password_change_done.html first seen with mtime 1734017321.539737
DEBUG 2025-01-13 22:44:08,312 autoreload File C:\Users\SIM\Desktop\DJANGO\Proiect1\aplicatie_exemplu\templates\pizzas.html first seen with mtime 1734458567.7909873
DEBUG 2025-01-13 22:44:08,312 autoreload File C:\Users\SIM\Desktop\DJANGO\Proiect1\aplicatie_exemplu\templates\prajituri.html first seen with mtime 1733249306.3769193
DEBUG 2025-01-13 22:44:08,312 autoreload File C:\Users\SIM\Desktop\DJANGO\Proiect1\aplicatie_exemplu\templates\profile.html first seen with mtime 1734016886.5941782
DEBUG 2025-01-13 22:44:09,436 autoreload File C:\Users\SIM\AppData\Roaming\Python\Python311\site-packages\django\contrib\auth\migrations\0004_alter_user_username_opts.py first seen with mtime 1730363515.2035208
DEBUG 2025-01-13 22:44:09,436 autoreload File C:\Users\SIM\AppData\Roaming\Python\Python311\site-packages\django\conf\urls\__init__.py first seen with mtime 1730363512.6716802
DEBUG 2025-01-13 22:44:09,440 autoreload File C:\Users\SIM\AppData\Roaming\Python\Python311\site-packages\django\contrib\admin\migrations\0003_logentry_add_action_flag_choices.py first seen with mtime 1730363513.652066
DEBUG 2025-01-13 22:44:09,440 autoreload File C:\Users\SIM\AppData\Local\Programs\Python\Python311\Lib\site-packages\PIL\_util.py first seen with mtime 1713199322.0304856
DEBUG 2025-01-13 22:44:09,440 autoreload File C:\Users\SIM\AppData\Roaming\Python\Python311\site-packages\django\db\migrations\loader.py first seen with mtime 1730363519.1217487
DEBUG 2025-01-13 22:44:09,440 autoreload File C:\Users\SIM\AppData\Roaming\Python\Python311\site-packages\django\views\defaults.py first seen with mtime 1730363519.5688384
DEBUG 2025-01-13 22:44:09,440 autoreload File C:\Users\SIM\AppData\Roaming\Python\Python311\site-packages\django\db\models\sql\compiler.py first seen with mtime 1730363519.2111301
DEBUG 2025-01-13 22:44:09,440 autoreload File C:\Users\SIM\AppData\Local\Programs\Python\Python311\Lib\encodings\idna.py first seen with mtime 1686106818.0
DEBUG 2025-01-13 22:44:09,440 autoreload File C:\Users\SIM\Desktop\DJANGO\Proiect1\aplicatie_exemplu\migrations\0002_customuser_test_field.py first seen with mtime 1733882372.8594377
DEBUG 2025-01-13 22:44:09,440 autoreload File C:\Users\SIM\AppData\Roaming\Python\Python311\site-packages\django\contrib\auth\migrations\0002_alter_permission_name_max_length.py first seen with mtime 1730363515.2019997
DEBUG 2025-01-13 22:44:09,440 autoreload File C:\Users\SIM\AppData\Local\Programs\Python\Python311\Lib\site-packages\PIL\TiffTags.py first seen with mtime 1713199321.914797
DEBUG 2025-01-13 22:44:09,440 autoreload File C:\Users\SIM\AppData\Roaming\Python\Python311\site-packages\django\contrib\auth\migrations\0003_alter_user_email_max_length.py first seen with mtime 1730363515.2026243
DEBUG 2025-01-13 22:44:09,440 autoreload File C:\Users\SIM\AppData\Roaming\Python\Python311\site-packages\django\db\migrations\graph.py first seen with mtime 1730363519.1217487
DEBUG 2025-01-13 22:44:09,440 autoreload File C:\Users\SIM\AppData\Roaming\Python\Python311\site-packages\django\core\cache\backends\locmem.py first seen with mtime 1730363518.8295124
DEBUG 2025-01-13 22:44:09,448 autoreload File C:\Users\SIM\AppData\Roaming\Python\Python311\site-packages\django\contrib\auth\migrations\0012_alter_user_first_name_max_length.py first seen with mtime 1730363515.2186658
DEBUG 2025-01-13 22:44:09,448 autoreload File C:\Users\SIM\Desktop\DJANGO\Proiect1\aplicatie_exemplu\migrations\0004_customuser_adresa_customuser_data_nasterii_and_more.py first seen with mtime 1734016340.0623882
DEBUG 2025-01-13 22:44:09,448 autoreload File C:\Users\SIM\AppData\Roaming\Python\Python311\site-packages\django\contrib\sessions\backends\db.py first seen with mtime 1730363517.772861
DEBUG 2025-01-13 22:44:09,448 autoreload File C:\Users\SIM\AppData\Local\Programs\Python\Python311\Lib\site-packages\PIL\_imaging.cp311-win_amd64.pyd first seen with mtime 1713199321.964252
DEBUG 2025-01-13 22:44:09,448 autoreload File C:\Users\SIM\Desktop\DJANGO\Proiect1\aplicatie_exemplu\migrations\0006_promotie_vizualizari.py first seen with mtime 1734456698.5619638
DEBUG 2025-01-13 22:44:09,448 autoreload File C:\Users\SIM\AppData\Roaming\Python\Python311\site-packages\django\contrib\auth\migrations\0005_alter_user_last_login_null.py first seen with mtime 1730363515.2055457
DEBUG 2025-01-13 22:44:09,448 autoreload File C:\Users\SIM\AppData\Roaming\Python\Python311\site-packages\django\contrib\auth\migrations\0006_require_contenttypes_0002.py first seen with mtime 1730363515.2055457
DEBUG 2025-01-13 22:44:09,448 autoreload File C:\Users\SIM\AppData\Roaming\Python\Python311\site-packages\django\contrib\auth\migrations\0007_alter_validators_add_error_messages.py first seen with mtime 1730363515.2055457
DEBUG 2025-01-13 22:44:09,448 autoreload File C:\Users\SIM\AppData\Roaming\Python\Python311\site-packages\django\db\migrations\executor.py first seen with mtime 1730363519.1192303
DEBUG 2025-01-13 22:44:09,448 autoreload File C:\Users\SIM\AppData\Roaming\Python\Python311\site-packages\django\db\migrations\recorder.py first seen with mtime 1730363519.1302652
DEBUG 2025-01-13 22:44:09,448 autoreload File C:\Users\SIM\AppData\Roaming\Python\Python311\site-packages\django\contrib\auth\migrations\0001_initial.py first seen with mtime 1730363515.1973174
DEBUG 2025-01-13 22:44:09,448 autoreload File C:\Users\SIM\AppData\Roaming\Python\Python311\site-packages\django\contrib\auth\migrations\__init__.py first seen with mtime 1730363515.2186658
DEBUG 2025-01-13 22:44:09,448 autoreload File C:\Users\SIM\AppData\Local\Programs\Python\Python311\Lib\site-packages\PIL\_binary.py first seen with mtime 1713199321.9274669
DEBUG 2025-01-13 22:44:09,448 autoreload File C:\Users\SIM\AppData\Roaming\Python\Python311\site-packages\django\contrib\auth\migrations\0010_alter_group_name_max_length.py first seen with mtime 1730363515.2135768
DEBUG 2025-01-13 22:44:09,448 autoreload File C:\Users\SIM\AppData\Roaming\Python\Python311\site-packages\django\contrib\admin\migrations\0001_initial.py first seen with mtime 1730363513.645662
DEBUG 2025-01-13 22:44:09,448 autoreload File C:\Users\SIM\AppData\Roaming\Python\Python311\site-packages\django\contrib\admin\migrations\__init__.py first seen with mtime 1730363513.652066
DEBUG 2025-01-13 22:44:09,448 autoreload File C:\Users\SIM\AppData\Roaming\Python\Python311\site-packages\django\contrib\contenttypes\migrations\0001_initial.py first seen with mtime 1730363515.6521795
DEBUG 2025-01-13 22:44:09,448 autoreload File C:\Users\SIM\Desktop\DJANGO\Proiect1\Proiect1\wsgi.py first seen with mtime 1730907575.288558
DEBUG 2025-01-13 22:44:09,457 autoreload File C:\Users\SIM\AppData\Roaming\Python\Python311\site-packages\django\contrib\auth\migrations\0011_update_proxy_permissions.py first seen with mtime 1730363515.2135768
DEBUG 2025-01-13 22:44:09,457 autoreload File C:\Users\SIM\AppData\Roaming\Python\Python311\site-packages\django\contrib\auth\migrations\0009_alter_user_last_name_max_length.py first seen with mtime 1730363515.2135768
DEBUG 2025-01-13 22:44:09,457 autoreload File C:\Users\SIM\AppData\Local\Programs\Python\Python311\Lib\site-packages\PIL\_typing.py first seen with mtime 1713199322.0304856
DEBUG 2025-01-13 22:44:09,457 autoreload File C:\Users\SIM\AppData\Roaming\Python\Python311\site-packages\django\contrib\contenttypes\migrations\0002_remove_content_type_name.py first seen with mtime 1730363515.6521795
DEBUG 2025-01-13 22:44:09,457 autoreload File C:\Users\SIM\Desktop\DJANGO\Proiect1\aplicatie_exemplu\migrations\0001_initial.py first seen with mtime 1733881962.020991
DEBUG 2025-01-13 22:44:09,457 autoreload File C:\Users\SIM\AppData\Local\Programs\Python\Python311\Lib\stringprep.py first seen with mtime 1686106818.0
DEBUG 2025-01-13 22:44:09,457 autoreload File C:\Users\SIM\AppData\Roaming\Python\Python311\site-packages\django\contrib\auth\migrations\0008_alter_user_username_max_length.py first seen with mtime 1730363515.2055457
DEBUG 2025-01-13 22:44:09,457 autoreload File C:\Users\SIM\Desktop\DJANGO\Proiect1\aplicatie_exemplu\migrations\__init__.py first seen with mtime 1732801320.7642558
DEBUG 2025-01-13 22:44:09,457 autoreload File C:\Users\SIM\AppData\Roaming\Python\Python311\site-packages\django\contrib\sessions\migrations\0001_initial.py first seen with mtime 1730363518.3192728
DEBUG 2025-01-13 22:44:09,457 autoreload File C:\Users\SIM\AppData\Roaming\Python\Python311\site-packages\django\contrib\sessions\migrations\__init__.py first seen with mtime 1730363518.3192728
DEBUG 2025-01-13 22:44:09,457 autoreload File C:\Users\SIM\AppData\Roaming\Python\Python311\site-packages\django\contrib\admin\migrations\0002_logentry_remove_auto_add.py first seen with mtime 1730363513.652066
DEBUG 2025-01-13 22:44:09,457 autoreload File C:\Users\SIM\Desktop\DJANGO\Proiect1\aplicatie_exemplu\migrations\0005_customuser_cod_customuser_email_confirmat.py first seen with mtime 1734452382.3271067
DEBUG 2025-01-13 22:44:09,457 autoreload File C:\Users\SIM\Desktop\DJANGO\Proiect1\aplicatie_exemplu\migrations\0003_remove_customuser_test_field.py first seen with mtime 1733883270.4782133
DEBUG 2025-01-13 22:44:09,457 autoreload File C:\Users\SIM\AppData\Roaming\Python\Python311\site-packages\django\views\csrf.py first seen with mtime 1730363519.5659022
DEBUG 2025-01-13 22:44:09,457 autoreload File C:\Users\SIM\AppData\Roaming\Python\Python311\site-packages\django\contrib\contenttypes\migrations\__init__.py first seen with mtime 1730363515.6521795
DEBUG 2025-01-13 22:44:13,375 views Se preiau toate pizzele din baza de date.
DEBUG 2025-01-13 22:44:13,442 utils (0.016) SELECT COUNT(*) AS "__count" FROM "aplicatie_exemplu_pizza"; args=(); alias=default
DEBUG 2025-01-13 22:44:13,458 utils (0.000) DECLARE "_django_curs_24216_sync_1" NO SCROLL CURSOR WITH HOLD FOR SELECT "aplicatie_exemplu_meniu"."id", "aplicatie_exemplu_meniu"."nume", "aplicatie_exemplu_meniu"."descriere", "aplicatie_exemplu_meniu"."data_creare" FROM "aplicatie_exemplu_meniu"; args=(); alias=default
DEBUG 2025-01-13 22:44:13,466 utils (0.000) SELECT "aplicatie_exemplu_pizza"."id", "aplicatie_exemplu_pizza"."nume", "aplicatie_exemplu_pizza"."descriere", "aplicatie_exemplu_pizza"."pret", "aplicatie_exemplu_pizza"."gramaj", "aplicatie_exemplu_pizza"."meniu_id", "aplicatie_exemplu_pizza"."ambalaj_id" FROM "aplicatie_exemplu_pizza" LIMIT 5; args=(); alias=default
INFO 2025-01-13 22:44:13,490 basehttp "GET /aplicatie_exemplu/lista_pizze/ HTTP/1.1" 200 4031
DEBUG 2025-01-13 22:44:13,694 autoreload File C:\Users\SIM\AppData\Roaming\Python\Python311\site-packages\django\contrib\messages\storage\cookie.py first seen with mtime 1730363517.0199463
DEBUG 2025-01-13 22:44:13,694 autoreload File C:\Users\SIM\AppData\Roaming\Python\Python311\site-packages\django\contrib\messages\context_processors.py first seen with mtime 1730363517.011087
DEBUG 2025-01-13 22:44:13,694 autoreload File C:\Users\SIM\AppData\Roaming\Python\Python311\site-packages\django\contrib\messages\storage\fallback.py first seen with mtime 1730363517.021073
DEBUG 2025-01-13 22:44:13,694 autoreload File C:\Users\SIM\AppData\Roaming\Python\Python311\site-packages\django\contrib\sessions\serializers.py first seen with mtime 1730363517.7698474
DEBUG 2025-01-13 22:44:13,694 autoreload File C:\Users\SIM\AppData\Roaming\Python\Python311\site-packages\django\conf\locale\en\__init__.py first seen with mtime 1730363512.0187137
DEBUG 2025-01-13 22:44:13,703 autoreload File C:\Users\SIM\AppData\Roaming\Python\Python311\site-packages\django\conf\locale\en\formats.py first seen with mtime 1730363512.0187137
DEBUG 2025-01-13 22:44:13,703 autoreload File C:\Users\SIM\AppData\Roaming\Python\Python311\site-packages\django\contrib\messages\storage\session.py first seen with mtime 1730363517.021073
DEBUG 2025-01-13 22:44:13,703 autoreload File C:\Users\SIM\AppData\Roaming\Python\Python311\site-packages\django\template\context_processors.py first seen with mtime 1730363519.4187372
DEBUG 2025-01-13 22:44:13,710 autoreload File C:\Users\SIM\AppData\Roaming\Python\Python311\site-packages\django\contrib\auth\context_processors.py first seen with mtime 1730363514.6418157
DEBUG 2025-01-13 22:47:30,760 views Se preiau toate pizzele din baza de date.
DEBUG 2025-01-13 22:47:30,841 utils (0.000) SELECT COUNT(*) AS "__count" FROM "aplicatie_exemplu_pizza"; args=(); alias=default
DEBUG 2025-01-13 22:47:30,849 utils (0.015) DECLARE "_django_curs_25276_sync_1" NO SCROLL CURSOR WITH HOLD FOR SELECT "aplicatie_exemplu_meniu"."id", "aplicatie_exemplu_meniu"."nume", "aplicatie_exemplu_meniu"."descriere", "aplicatie_exemplu_meniu"."data_creare" FROM "aplicatie_exemplu_meniu"; args=(); alias=default
DEBUG 2025-01-13 22:47:30,849 utils (0.000) SELECT "aplicatie_exemplu_pizza"."id", "aplicatie_exemplu_pizza"."nume", "aplicatie_exemplu_pizza"."descriere", "aplicatie_exemplu_pizza"."pret", "aplicatie_exemplu_pizza"."gramaj", "aplicatie_exemplu_pizza"."meniu_id", "aplicatie_exemplu_pizza"."ambalaj_id" FROM "aplicatie_exemplu_pizza" LIMIT 5; args=(); alias=default
INFO 2025-01-13 22:47:30,858 basehttp "GET /aplicatie_exemplu/lista_pizze/ HTTP/1.1" 200 4031
DEBUG 2025-01-13 22:49:57,318 autoreload File C:\Users\SIM\Desktop\DJANGO\Proiect1\aplicatie_exemplu\views.py previous mtime: 1736801045.8342133, current mtime: 1736801396.9274569
DEBUG 2025-01-13 22:49:57,318 autoreload C:\Users\SIM\Desktop\DJANGO\Proiect1\aplicatie_exemplu\views.py notified as changed. Signal results: [(<function template_changed at 0x000001D35FE60900>, None), (<function translation_file_changed at 0x000001D360E45760>, None)].
INFO 2025-01-13 22:49:57,318 autoreload C:\Users\SIM\Desktop\DJANGO\Proiect1\aplicatie_exemplu\views.py changed, reloading.
INFO 2025-01-13 22:49:58,334 autoreload Watching for file changes with StatReloader
DEBUG 2025-01-13 22:49:58,334 autoreload Waiting for apps ready_event.
DEBUG 2025-01-13 22:49:58,415 autoreload Apps ready_event triggered. Sending autoreload_started signal.
DEBUG 2025-01-13 22:49:58,431 autoreload Watching dir C:\Users\SIM\Desktop\DJANGO\Proiect1\aplicatie\templates with glob **/*.
DEBUG 2025-01-13 22:49:58,431 autoreload Watching dir C:\Users\SIM\Desktop\DJANGO\Proiect1\aplicatie_exemplu\templates with glob **/*.
DEBUG 2025-01-13 22:49:58,431 autoreload Watching dir C:\Users\SIM\Desktop\DJANGO\Proiect1\locale with glob **/*.mo.
DEBUG 2025-01-13 22:49:58,431 autoreload Watching dir C:\Users\SIM\Desktop\DJANGO\Proiect1\aplicatie_exemplu\locale with glob **/*.mo.
DEBUG 2025-01-13 22:49:58,613 utils (0.000) 
            SELECT
                c.relname,
                CASE
                    WHEN c.relispartition THEN 'p'
                    WHEN c.relkind IN ('m', 'v') THEN 'v'
                    ELSE 't'
                END,
                obj_description(c.oid, 'pg_class')
            FROM pg_catalog.pg_class c
            LEFT JOIN pg_catalog.pg_namespace n ON n.oid = c.relnamespace
            WHERE c.relkind IN ('f', 'm', 'p', 'r', 'v')
                AND n.nspname NOT IN ('pg_catalog', 'pg_toast')
                AND pg_catalog.pg_table_is_visible(c.oid)
        ; args=None; alias=default
DEBUG 2025-01-13 22:49:58,621 utils (0.016) SELECT "django_migrations"."id", "django_migrations"."app", "django_migrations"."name", "django_migrations"."applied" FROM "django_migrations"; args=(); alias=default
DEBUG 2025-01-13 22:49:58,670 autoreload File C:\Users\SIM\AppData\Roaming\Python\Python311\site-packages\django\utils\functional.py first seen with mtime 1730363519.518824
DEBUG 2025-01-13 22:49:58,670 autoreload File C:\Users\SIM\AppData\Local\Programs\Python\Python311\Lib\_markupbase.py first seen with mtime 1686106818.0
DEBUG 2025-01-13 22:49:58,670 autoreload File C:\Users\SIM\AppData\Roaming\Python\Python311\site-packages\sqlparse\engine\statement_splitter.py first seen with mtime 1730363510.8522604
DEBUG 2025-01-13 22:49:58,670 autoreload File C:\Users\SIM\AppData\Roaming\Python\Python311\site-packages\django\db\models\deletion.py first seen with mtime 1730363519.1527572
DEBUG 2025-01-13 22:49:58,670 autoreload File C:\Users\SIM\AppData\Roaming\Python\Python311\site-packages\django\conf\locale\__init__.py first seen with mtime 1730363511.8850079
DEBUG 2025-01-13 22:49:58,670 autoreload File C:\Users\SIM\AppData\Roaming\Python\Python311\site-packages\django\conf\__init__.py first seen with mtime 1730363511.862605
DEBUG 2025-01-13 22:49:58,670 autoreload File C:\Users\SIM\AppData\Local\Programs\Python\Python311\Lib\email\contentmanager.py first seen with mtime 1686106818.0
DEBUG 2025-01-13 22:49:58,670 autoreload File C:\Users\SIM\AppData\Roaming\Python\Python311\site-packages\django\utils\text.py first seen with mtime 1730363519.5501654
DEBUG 2025-01-13 22:49:58,670 autoreload File C:\Users\SIM\AppData\Roaming\Python\Python311\site-packages\django\db\models\signals.py first seen with mtime 1730363519.1707
DEBUG 2025-01-13 22:49:58,670 autoreload File C:\Users\SIM\AppData\Roaming\Python\Python311\site-packages\django\contrib\auth\signals.py first seen with mtime 1730363514.6519113
DEBUG 2025-01-13 22:49:58,670 autoreload File C:\Users\SIM\Desktop\DJANGO\Proiect1\aplicatie_exemplu\apps.py first seen with mtime 1730907848.1215076
DEBUG 2025-01-13 22:49:58,670 autoreload File C:\Users\SIM\AppData\Local\Programs\Python\Python311\Lib\gzip.py first seen with mtime 1686106818.0
DEBUG 2025-01-13 22:49:58,670 autoreload File C:\Users\SIM\AppData\Roaming\Python\Python311\site-packages\asgiref\current_thread_executor.py first seen with mtime 1730363511.5413363
DEBUG 2025-01-13 22:49:58,670 autoreload File C:\Users\SIM\AppData\Roaming\Python\Python311\site-packages\django\core\files\uploadedfile.py first seen with mtime 1730363518.878176
DEBUG 2025-01-13 22:49:58,670 autoreload File C:\Users\SIM\AppData\Roaming\Python\Python311\site-packages\django\db\models\base.py first seen with mtime 1730363519.1527572
DEBUG 2025-01-13 22:49:58,670 autoreload File C:\Users\SIM\AppData\Roaming\Python\Python311\site-packages\django\views\decorators\csrf.py first seen with mtime 1730363519.574051
DEBUG 2025-01-13 22:49:58,670 autoreload File C:\Users\SIM\AppData\Roaming\Python\Python311\site-packages\django\contrib\admin\models.py first seen with mtime 1730363512.7042537
DEBUG 2025-01-13 22:49:58,670 autoreload File C:\Users\SIM\AppData\Local\Programs\Python\Python311\Lib\calendar.py first seen with mtime 1686106818.0
DEBUG 2025-01-13 22:49:58,670 autoreload File C:\Users\SIM\AppData\Roaming\Python\Python311\site-packages\django\db\models\utils.py first seen with mtime 1730363519.1707
DEBUG 2025-01-13 22:49:58,670 autoreload File C:\Users\SIM\AppData\Roaming\Python\Python311\site-packages\django\core\cache\__init__.py first seen with mtime 1730363518.8194945
DEBUG 2025-01-13 22:49:58,670 autoreload File C:\Users\SIM\AppData\Roaming\Python\Python311\site-packages\django\contrib\sessions\__init__.py first seen with mtime 1730363517.753992
DEBUG 2025-01-13 22:49:58,670 autoreload File C:\Users\SIM\AppData\Local\Programs\Python\Python311\Lib\urllib\error.py first seen with mtime 1686106818.0
DEBUG 2025-01-13 22:49:58,670 autoreload File C:\Users\SIM\AppData\Local\Programs\Python\Python311\Lib\asyncio\log.py first seen with mtime 1686106818.0
DEBUG 2025-01-13 22:49:58,670 autoreload File C:\Users\SIM\AppData\Roaming\Python\Python311\site-packages\django\core\checks\compatibility\django_4_0.py first seen with mtime 1730363518.8527594
DEBUG 2025-01-13 22:49:58,670 autoreload File C:\Users\SIM\AppData\Local\Programs\Python\Python311\Lib\json\decoder.py first seen with mtime 1686106818.0
DEBUG 2025-01-13 22:49:58,670 autoreload File C:\Users\SIM\AppData\Roaming\Python\Python311\site-packages\django\db\backends\postgresql\introspection.py first seen with mtime 1730363519.0858781
DEBUG 2025-01-13 22:49:58,670 autoreload File C:\Users\SIM\AppData\Roaming\Python\Python311\site-packages\django\db\models\functions\datetime.py first seen with mtime 1730363519.2030535
DEBUG 2025-01-13 22:49:58,670 autoreload File C:\Users\SIM\AppData\Roaming\Python\Python311\site-packages\django\db\models\indexes.py first seen with mtime 1730363519.16236
DEBUG 2025-01-13 22:49:58,670 autoreload File C:\Users\SIM\AppData\Roaming\Python\Python311\site-packages\django\utils\deprecation.py first seen with mtime 1730363519.518824
DEBUG 2025-01-13 22:49:58,670 autoreload File C:\Users\SIM\AppData\Roaming\Python\Python311\site-packages\django\db\models\functions\comparison.py first seen with mtime 1730363519.201999
DEBUG 2025-01-13 22:49:58,670 autoreload File C:\Users\SIM\AppData\Roaming\Python\Python311\site-packages\django\utils\formats.py first seen with mtime 1730363519.518824
DEBUG 2025-01-13 22:49:58,670 autoreload File C:\Users\SIM\Desktop\DJANGO\Proiect1\Proiect1\__init__.py first seen with mtime 1730907575.288558
DEBUG 2025-01-13 22:49:58,670 autoreload File C:\Users\SIM\AppData\Local\Programs\Python\Python311\Lib\functools.py first seen with mtime 1686106818.0
DEBUG 2025-01-13 22:49:58,670 autoreload File C:\Users\SIM\AppData\Roaming\Python\Python311\site-packages\django\core\files\storage\filesystem.py first seen with mtime 1730363518.8861403
DEBUG 2025-01-13 22:49:58,670 autoreload File C:\Users\SIM\AppData\Local\Programs\Python\Python311\Lib\operator.py first seen with mtime 1686106818.0
DEBUG 2025-01-13 22:49:58,670 autoreload File C:\Users\SIM\AppData\Local\Programs\Python\Python311\Lib\pprint.py first seen with mtime 1686106818.0
DEBUG 2025-01-13 22:49:58,670 autoreload File C:\Users\SIM\AppData\Local\Programs\Python\Python311\Lib\encodings\utf_8.py first seen with mtime 1686106818.0
DEBUG 2025-01-13 22:49:58,670 autoreload File C:\Users\SIM\AppData\Roaming\Python\Python311\site-packages\django\contrib\sites\shortcuts.py first seen with mtime 1730363518.352321
DEBUG 2025-01-13 22:49:58,670 autoreload File C:\Users\SIM\AppData\Local\Programs\Python\Python311\Lib\keyword.py first seen with mtime 1686106818.0
DEBUG 2025-01-13 22:49:58,678 autoreload File C:\Users\SIM\AppData\Roaming\Python\Python311\site-packages\sqlparse\filters\others.py first seen with mtime 1730363510.8522604
DEBUG 2025-01-13 22:49:58,678 autoreload File C:\Users\SIM\AppData\Local\Programs\Python\Python311\Lib\weakref.py first seen with mtime 1686106818.0
DEBUG 2025-01-13 22:49:58,679 autoreload File C:\Users\SIM\AppData\Roaming\Python\Python311\site-packages\django\utils\datastructures.py first seen with mtime 1730363519.5096915
DEBUG 2025-01-13 22:49:58,679 autoreload File C:\Users\SIM\AppData\Roaming\Python\Python311\site-packages\django\template\backends\django.py first seen with mtime 1730363519.445303
DEBUG 2025-01-13 22:49:58,679 autoreload File C:\Users\SIM\AppData\Roaming\Python\Python311\site-packages\django\contrib\staticfiles\finders.py first seen with mtime 1730363518.7730794
DEBUG 2025-01-13 22:49:58,679 autoreload File C:\Users\SIM\AppData\Local\Programs\Python\Python311\Lib\email\_parseaddr.py first seen with mtime 1686106818.0
DEBUG 2025-01-13 22:49:58,679 autoreload File C:\Users\SIM\AppData\Roaming\Python\Python311\site-packages\sqlparse\filters\aligned_indent.py first seen with mtime 1730363510.8522604
DEBUG 2025-01-13 22:49:58,679 autoreload File C:\Users\SIM\AppData\Local\Programs\Python\Python311\Lib\uuid.py first seen with mtime 1686106818.0
DEBUG 2025-01-13 22:49:58,679 autoreload File C:\Users\SIM\AppData\Roaming\Python\Python311\site-packages\django\forms\utils.py first seen with mtime 1730363519.24311
DEBUG 2025-01-13 22:49:58,679 autoreload File C:\Users\SIM\AppData\Local\Programs\Python\Python311\Lib\site-packages\colorama\ansi.py first seen with mtime 1686935914.822989
DEBUG 2025-01-13 22:49:58,679 autoreload File C:\Users\SIM\AppData\Roaming\Python\Python311\site-packages\django\contrib\contenttypes\__init__.py first seen with mtime 1730363515.2186658
DEBUG 2025-01-13 22:49:58,679 autoreload File C:\Users\SIM\AppData\Local\Programs\Python\Python311\Lib\zoneinfo\__init__.py first seen with mtime 1686106818.0
DEBUG 2025-01-13 22:49:58,679 autoreload File C:\Users\SIM\AppData\Roaming\Python\Python311\site-packages\django\core\files\storage\mixins.py first seen with mtime 1730363518.8974378
DEBUG 2025-01-13 22:49:58,679 autoreload File C:\Users\SIM\AppData\Roaming\Python\Python311\site-packages\django\utils\dateparse.py first seen with mtime 1730363519.5096915
DEBUG 2025-01-13 22:49:58,679 autoreload File C:\Users\SIM\AppData\Roaming\Python\Python311\site-packages\django\templatetags\__init__.py first seen with mtime 1730363519.4523761
DEBUG 2025-01-13 22:49:58,679 autoreload File C:\Users\SIM\AppData\Roaming\Python\Python311\site-packages\sqlparse\exceptions.py first seen with mtime 1730363510.8352342
DEBUG 2025-01-13 22:49:58,679 autoreload File C:\Users\SIM\AppData\Roaming\Python\Python311\site-packages\django\apps\config.py first seen with mtime 1730363511.862605
DEBUG 2025-01-13 22:49:58,679 autoreload File C:\Users\SIM\AppData\Local\Programs\Python\Python311\DLLs\_asyncio.pyd first seen with mtime 1686106918.0
DEBUG 2025-01-13 22:49:58,679 autoreload File C:\Users\SIM\AppData\Roaming\Python\Python311\site-packages\django\core\servers\__init__.py first seen with mtime 1730363519.000327
DEBUG 2025-01-13 22:49:58,679 autoreload File C:\Users\SIM\AppData\Roaming\Python\Python311\site-packages\django\db\backends\base\introspection.py first seen with mtime 1730363519.02519
DEBUG 2025-01-13 22:49:58,679 autoreload File C:\Users\SIM\AppData\Roaming\Python\Python311\site-packages\django\core\management\commands\runserver.py first seen with mtime 1730363518.9687588
DEBUG 2025-01-13 22:49:58,679 autoreload File C:\Users\SIM\AppData\Roaming\Python\Python311\site-packages\django\utils\_os.py first seen with mtime 1730363519.4856098
DEBUG 2025-01-13 22:49:58,679 autoreload File C:\Users\SIM\AppData\Roaming\Python\Python311\site-packages\django\template\loader_tags.py first seen with mtime 1730363519.4351766
DEBUG 2025-01-13 22:49:58,679 autoreload File C:\Users\SIM\AppData\Roaming\Python\Python311\site-packages\django\db\backends\base\client.py first seen with mtime 1730363519.018852
DEBUG 2025-01-13 22:49:58,679 autoreload File C:\Users\SIM\AppData\Local\Programs\Python\Python311\Lib\getpass.py first seen with mtime 1686106818.0
DEBUG 2025-01-13 22:49:58,679 autoreload File C:\Users\SIM\AppData\Local\Programs\Python\Python311\Lib\http\client.py first seen with mtime 1686106818.0
DEBUG 2025-01-13 22:49:58,679 autoreload File C:\Users\SIM\AppData\Local\Programs\Python\Python311\Lib\heapq.py first seen with mtime 1686106818.0
DEBUG 2025-01-13 22:49:58,679 autoreload File C:\Users\SIM\AppData\Roaming\Python\Python311\site-packages\django\utils\log.py first seen with mtime 1730363519.5351002
DEBUG 2025-01-13 22:49:58,679 autoreload File C:\Users\SIM\AppData\Local\Programs\Python\Python311\Lib\textwrap.py first seen with mtime 1686106818.0
DEBUG 2025-01-13 22:49:58,679 autoreload File C:\Users\SIM\AppData\Roaming\Python\Python311\site-packages\django\contrib\admin\checks.py first seen with mtime 1730363512.6853182
DEBUG 2025-01-13 22:49:58,679 autoreload File C:\Users\SIM\AppData\Local\Programs\Python\Python311\Lib\_compat_pickle.py first seen with mtime 1686106818.0
DEBUG 2025-01-13 22:49:58,679 autoreload File C:\Users\SIM\AppData\Roaming\Python\Python311\site-packages\sqlparse\filters\right_margin.py first seen with mtime 1730363510.8657744
DEBUG 2025-01-13 22:49:58,679 autoreload File C:\Users\SIM\AppData\Local\Programs\Python\Python311\Lib\asyncio\selector_events.py first seen with mtime 1686106818.0
DEBUG 2025-01-13 22:49:58,679 autoreload File C:\Users\SIM\AppData\Roaming\Python\Python311\site-packages\django\core\files\uploadhandler.py first seen with mtime 1730363518.878176
DEBUG 2025-01-13 22:49:58,679 autoreload File C:\Users\SIM\AppData\Roaming\Python\Python311\site-packages\django\db\backends\postgresql\creation.py first seen with mtime 1730363519.0819688
DEBUG 2025-01-13 22:49:58,679 autoreload File C:\Users\SIM\AppData\Local\Programs\Python\Python311\Lib\email\mime\multipart.py first seen with mtime 1686106818.0
DEBUG 2025-01-13 22:49:58,679 autoreload File C:\Users\SIM\AppData\Roaming\Python\Python311\site-packages\django\contrib\sites\__init__.py first seen with mtime 1730363518.3381288
DEBUG 2025-01-13 22:49:58,679 autoreload File C:\Users\SIM\AppData\Roaming\Python\Python311\site-packages\django\db\migrations\migration.py first seen with mtime 1730363519.1217487
DEBUG 2025-01-13 22:49:58,679 autoreload File C:\Users\SIM\AppData\Roaming\Python\Python311\site-packages\django\http\cookie.py first seen with mtime 1730363519.3856273
DEBUG 2025-01-13 22:49:58,679 autoreload File C:\Users\SIM\AppData\Roaming\Python\Python311\site-packages\django\contrib\messages\storage\base.py first seen with mtime 1730363517.0185566
DEBUG 2025-01-13 22:49:58,679 autoreload File C:\Users\SIM\AppData\Local\Programs\Python\Python311\Lib\wsgiref\util.py first seen with mtime 1686106818.0
DEBUG 2025-01-13 22:49:58,679 autoreload File C:\Users\SIM\AppData\Roaming\Python\Python311\site-packages\django\urls\resolvers.py first seen with mtime 1730363519.4856098
DEBUG 2025-01-13 22:49:58,679 autoreload File C:\Users\SIM\AppData\Roaming\Python\Python311\site-packages\django\db\models\fields\files.py first seen with mtime 1730363519.1787376
DEBUG 2025-01-13 22:49:58,679 autoreload File C:\Users\SIM\AppData\Roaming\Python\Python311\site-packages\django\core\signing.py first seen with mtime 1730363518.8134735
DEBUG 2025-01-13 22:49:58,679 autoreload File C:\Users\SIM\AppData\Roaming\Python\Python311\site-packages\django\contrib\admin\templatetags\log.py first seen with mtime 1730363514.00396
DEBUG 2025-01-13 22:49:58,679 autoreload File C:\Users\SIM\AppData\Local\Programs\Python\Python311\Lib\email\mime\message.py first seen with mtime 1686106818.0
DEBUG 2025-01-13 22:49:58,679 autoreload File C:\Users\SIM\AppData\Roaming\Python\Python311\site-packages\django\core\servers\basehttp.py first seen with mtime 1730363519.0074275
DEBUG 2025-01-13 22:49:58,679 autoreload File C:\Users\SIM\AppData\Local\Programs\Python\Python311\Lib\graphlib.py first seen with mtime 1686106818.0
DEBUG 2025-01-13 22:49:58,679 autoreload File C:\Users\SIM\Desktop\DJANGO\Proiect1\aplicatie_exemplu\views.py first seen with mtime 1736801396.9274569
DEBUG 2025-01-13 22:49:58,679 autoreload File C:\Users\SIM\AppData\Local\Programs\Python\Python311\Lib\socket.py first seen with mtime 1686106818.0
DEBUG 2025-01-13 22:49:58,679 autoreload File C:\Users\SIM\AppData\Roaming\Python\Python311\site-packages\django\forms\widgets.py first seen with mtime 1730363519.24311
DEBUG 2025-01-13 22:49:58,679 autoreload File C:\Users\SIM\AppData\Roaming\Python\Python311\site-packages\django\contrib\admin\__init__.py first seen with mtime 1730363512.6853182
DEBUG 2025-01-13 22:49:58,679 autoreload File C:\Users\SIM\AppData\Roaming\Python\Python311\site-packages\django\core\files\move.py first seen with mtime 1730363518.8701553
DEBUG 2025-01-13 22:49:58,679 autoreload File C:\Users\SIM\AppData\Roaming\Python\Python311\site-packages\django\contrib\messages\api.py first seen with mtime 1730363517.005663
DEBUG 2025-01-13 22:49:58,679 autoreload File C:\Users\SIM\AppData\Local\Programs\Python\Python311\Lib\html\parser.py first seen with mtime 1686106818.0
DEBUG 2025-01-13 22:49:58,679 autoreload File C:\Users\SIM\AppData\Local\Programs\Python\Python311\Lib\email\mime\base.py first seen with mtime 1686106818.0
DEBUG 2025-01-13 22:49:58,679 autoreload File C:\Users\SIM\AppData\Roaming\Python\Python311\site-packages\django\core\checks\urls.py first seen with mtime 1730363518.8527594
DEBUG 2025-01-13 22:49:58,679 autoreload File C:\Users\SIM\AppData\Local\Programs\Python\Python311\Lib\quopri.py first seen with mtime 1686106818.0
DEBUG 2025-01-13 22:49:58,679 autoreload File C:\Users\SIM\AppData\Local\Programs\Python\Python311\Lib\asyncio\protocols.py first seen with mtime 1686106818.0
DEBUG 2025-01-13 22:49:58,679 autoreload File C:\Users\SIM\AppData\Roaming\Python\Python311\site-packages\django\contrib\auth\admin.py first seen with mtime 1730363514.6305225
DEBUG 2025-01-13 22:49:58,679 autoreload File C:\Users\SIM\AppData\Local\Programs\Python\Python311\Lib\re\_constants.py first seen with mtime 1686106818.0
DEBUG 2025-01-13 22:49:58,679 autoreload File C:\Users\SIM\AppData\Local\Programs\Python\Python311\Lib\types.py first seen with mtime 1686106818.0
DEBUG 2025-01-13 22:49:58,679 autoreload File C:\Users\SIM\AppData\Roaming\Python\Python311\site-packages\django\contrib\admin\templatetags\base.py first seen with mtime 1730363514.0031848
DEBUG 2025-01-13 22:49:58,679 autoreload File C:\Users\SIM\AppData\Local\Programs\Python\Python311\DLLs\_ctypes.pyd first seen with mtime 1686106896.0
DEBUG 2025-01-13 22:49:58,679 autoreload File C:\Users\SIM\AppData\Roaming\Python\Python311\site-packages\django\db\backends\ddl_references.py first seen with mtime 1730363519.008809
DEBUG 2025-01-13 22:49:58,679 autoreload File C:\Users\SIM\AppData\Roaming\Python\Python311\site-packages\django\db\backends\base\features.py first seen with mtime 1730363519.02519
DEBUG 2025-01-13 22:49:58,679 autoreload File C:\Users\SIM\AppData\Roaming\Python\Python311\site-packages\django\templatetags\cache.py first seen with mtime 1730363519.4613905
DEBUG 2025-01-13 22:49:58,679 autoreload File C:\Users\SIM\AppData\Roaming\Python\Python311\site-packages\django\core\management\base.py first seen with mtime 1730363518.9188974
DEBUG 2025-01-13 22:49:58,679 autoreload File C:\Users\SIM\AppData\Local\Programs\Python\Python311\Lib\json\scanner.py first seen with mtime 1686106818.0
DEBUG 2025-01-13 22:49:58,679 autoreload File C:\Users\SIM\AppData\Local\Programs\Python\Python311\Lib\asyncio\base_futures.py first seen with mtime 1686106818.0
DEBUG 2025-01-13 22:49:58,679 autoreload File C:\Users\SIM\AppData\Roaming\Python\Python311\site-packages\django\db\migrations\state.py first seen with mtime 1730363519.1302652
DEBUG 2025-01-13 22:49:58,679 autoreload File C:\Users\SIM\AppData\Roaming\Python\Python311\site-packages\django\core\signals.py first seen with mtime 1730363518.8052104
DEBUG 2025-01-13 22:49:58,679 autoreload File C:\Users\SIM\AppData\Local\Programs\Python\Python311\Lib\decimal.py first seen with mtime 1686106818.0
DEBUG 2025-01-13 22:49:58,679 autoreload File C:\Users\SIM\AppData\Roaming\Python\Python311\site-packages\django\template\loaders\filesystem.py first seen with mtime 1730363519.4523761
DEBUG 2025-01-13 22:49:58,679 autoreload File C:\Users\SIM\AppData\Local\Programs\Python\Python311\Lib\site-packages\PIL\ImageMode.py first seen with mtime 1713199321.8341837
DEBUG 2025-01-13 22:49:58,679 autoreload File C:\Users\SIM\AppData\Local\Programs\Python\Python311\Lib\email\encoders.py first seen with mtime 1686106818.0
DEBUG 2025-01-13 22:49:58,679 autoreload File C:\Users\SIM\AppData\Roaming\Python\Python311\site-packages\django\db\backends\signals.py first seen with mtime 1730363519.0159185
DEBUG 2025-01-13 22:49:58,679 autoreload File C:\Users\SIM\AppData\Local\Programs\Python\Python311\Lib\glob.py first seen with mtime 1686106818.0
DEBUG 2025-01-13 22:49:58,679 autoreload File C:\Users\SIM\AppData\Local\Programs\Python\Python311\Lib\pickle.py first seen with mtime 1686106818.0
DEBUG 2025-01-13 22:49:58,679 autoreload File C:\Users\SIM\AppData\Local\Programs\Python\Python311\DLLs\_uuid.pyd first seen with mtime 1686106894.0
DEBUG 2025-01-13 22:49:58,679 autoreload File C:\Users\SIM\AppData\Roaming\Python\Python311\site-packages\django\shortcuts.py first seen with mtime 1730363511.8592458
DEBUG 2025-01-13 22:49:58,679 autoreload File C:\Users\SIM\AppData\Roaming\Python\Python311\site-packages\django\utils\asyncio.py first seen with mtime 1730363519.5025089
DEBUG 2025-01-13 22:49:58,679 autoreload File C:\Users\SIM\AppData\Roaming\Python\Python311\site-packages\django\contrib\sessions\backends\base.py first seen with mtime 1730363517.772861
DEBUG 2025-01-13 22:49:58,679 autoreload File C:\Users\SIM\AppData\Roaming\Python\Python311\site-packages\asgiref\sync.py first seen with mtime 1730363511.5520134
DEBUG 2025-01-13 22:49:58,679 autoreload File C:\Users\SIM\AppData\Local\Programs\Python\Python311\Lib\asyncio\exceptions.py first seen with mtime 1686106818.0
DEBUG 2025-01-13 22:49:58,679 autoreload File C:\Users\SIM\AppData\Local\Programs\Python\Python311\Lib\concurrent\futures\_base.py first seen with mtime 1686106818.0
DEBUG 2025-01-13 22:49:58,679 autoreload File C:\Users\SIM\AppData\Roaming\Python\Python311\site-packages\django\urls\base.py first seen with mtime 1730363519.4856098
DEBUG 2025-01-13 22:49:58,679 autoreload File C:\Users\SIM\AppData\Local\Programs\Python\Python311\Lib\email\base64mime.py first seen with mtime 1686106818.0
DEBUG 2025-01-13 22:49:58,679 autoreload File C:\Users\SIM\AppData\Roaming\Python\Python311\site-packages\django\contrib\admin\templatetags\admin_list.py first seen with mtime 1730363513.9955804
DEBUG 2025-01-13 22:49:58,679 autoreload File C:\Users\SIM\AppData\Roaming\Python\Python311\site-packages\sqlparse\filters\__init__.py first seen with mtime 1730363510.8522604
DEBUG 2025-01-13 22:49:58,679 autoreload File C:\Users\SIM\AppData\Roaming\Python\Python311\site-packages\django\urls\utils.py first seen with mtime 1730363519.4856098
DEBUG 2025-01-13 22:49:58,679 autoreload File C:\Users\SIM\AppData\Roaming\Python\Python311\site-packages\django\db\migrations\operations\special.py first seen with mtime 1730363519.146573
DEBUG 2025-01-13 22:49:58,679 autoreload File C:\Users\SIM\AppData\Roaming\Python\Python311\site-packages\django\views\generic\dates.py first seen with mtime 1730363519.5854342
DEBUG 2025-01-13 22:49:58,686 autoreload File C:\Users\SIM\AppData\Local\Programs\Python\Python311\Lib\email\policy.py first seen with mtime 1686106818.0
DEBUG 2025-01-13 22:49:58,686 autoreload File C:\Users\SIM\AppData\Roaming\Python\Python311\site-packages\django\contrib\sessions\apps.py first seen with mtime 1730363517.753992
DEBUG 2025-01-13 22:49:58,686 autoreload File C:\Users\SIM\AppData\Roaming\Python\Python311\site-packages\django\db\models\sql\datastructures.py first seen with mtime 1730363519.2187681
DEBUG 2025-01-13 22:49:58,686 autoreload File C:\Users\SIM\AppData\Roaming\Python\Python311\site-packages\django\utils\safestring.py first seen with mtime 1730363519.5421522
DEBUG 2025-01-13 22:49:58,686 autoreload File C:\Users\SIM\AppData\Roaming\Python\Python311\site-packages\django\utils\numberformat.py first seen with mtime 1730363519.5421522
DEBUG 2025-01-13 22:49:58,686 autoreload File C:\Users\SIM\AppData\Local\Programs\Python\Python311\Lib\gettext.py first seen with mtime 1686106818.0
DEBUG 2025-01-13 22:49:58,686 autoreload File C:\Users\SIM\AppData\Roaming\Python\Python311\site-packages\django\contrib\admin\views\main.py first seen with mtime 1730363514.0105746
DEBUG 2025-01-13 22:49:58,686 autoreload File C:\Users\SIM\AppData\Local\Programs\Python\Python311\Lib\asyncio\runners.py first seen with mtime 1686106818.0
DEBUG 2025-01-13 22:49:58,686 autoreload File C:\Users\SIM\AppData\Roaming\Python\Python311\site-packages\django\db\models\enums.py first seen with mtime 1730363519.1527572
DEBUG 2025-01-13 22:49:58,686 autoreload File C:\Users\SIM\AppData\Roaming\Python\Python311\site-packages\django\core\checks\async_checks.py first seen with mtime 1730363518.8379147
DEBUG 2025-01-13 22:49:58,686 autoreload File C:\Users\SIM\AppData\Roaming\Python\Python311\site-packages\django\core\mail\__init__.py first seen with mtime 1730363518.902088
DEBUG 2025-01-13 22:49:58,688 autoreload File C:\Users\SIM\AppData\Local\Programs\Python\Python311\Lib\inspect.py first seen with mtime 1686106818.0
DEBUG 2025-01-13 22:49:58,688 autoreload File C:\Users\SIM\AppData\Roaming\Python\Python311\site-packages\django\core\serializers\base.py first seen with mtime 1730363518.986077
DEBUG 2025-01-13 22:49:58,688 autoreload File C:\Users\SIM\AppData\Roaming\Python\Python311\site-packages\django\db\models\sql\where.py first seen with mtime 1730363519.2213213
DEBUG 2025-01-13 22:49:58,688 autoreload File C:\Users\SIM\AppData\Roaming\Python\Python311\site-packages\django\contrib\auth\management\__init__.py first seen with mtime 1730363515.1852982
DEBUG 2025-01-13 22:49:58,688 autoreload File C:\Users\SIM\AppData\Roaming\Python\Python311\site-packages\django\contrib\contenttypes\apps.py first seen with mtime 1730363515.2296836
DEBUG 2025-01-13 22:49:58,688 autoreload File C:\Users\SIM\AppData\Roaming\Python\Python311\site-packages\django\core\checks\files.py first seen with mtime 1730363518.8459451
DEBUG 2025-01-13 22:49:58,688 autoreload File C:\Users\SIM\AppData\Roaming\Python\Python311\site-packages\django\template\defaulttags.py first seen with mtime 1730363519.4187372
DEBUG 2025-01-13 22:49:58,688 autoreload File C:\Users\SIM\AppData\Roaming\Python\Python311\site-packages\django\utils\cache.py first seen with mtime 1730363519.5025089
DEBUG 2025-01-13 22:49:58,688 autoreload File C:\Users\SIM\AppData\Local\Programs\Python\Python311\Lib\email\_header_value_parser.py first seen with mtime 1686106818.0
DEBUG 2025-01-13 22:49:58,688 autoreload File C:\Users\SIM\AppData\Local\Programs\Python\Python311\Lib\encodings\__init__.py first seen with mtime 1686106818.0
DEBUG 2025-01-13 22:49:58,688 autoreload File C:\Users\SIM\AppData\Local\Programs\Python\Python311\DLLs\_overlapped.pyd first seen with mtime 1686106894.0
DEBUG 2025-01-13 22:49:58,688 autoreload File C:\Users\SIM\AppData\Local\Programs\Python\Python311\Lib\pathlib.py first seen with mtime 1686106818.0
DEBUG 2025-01-13 22:49:58,688 autoreload File C:\Users\SIM\AppData\Roaming\Python\Python311\site-packages\django\__init__.py first seen with mtime 1730363511.85427
DEBUG 2025-01-13 22:49:58,688 autoreload File C:\Users\SIM\AppData\Roaming\Python\Python311\site-packages\django\template\backends\base.py first seen with mtime 1730363519.437286
DEBUG 2025-01-13 22:49:58,688 autoreload File C:\Users\SIM\AppData\Roaming\Python\Python311\site-packages\django\core\files\locks.py first seen with mtime 1730363518.8701553
DEBUG 2025-01-13 22:49:58,688 autoreload File C:\Users\SIM\AppData\Roaming\Python\Python311\site-packages\django\template\loader.py first seen with mtime 1730363519.428758
DEBUG 2025-01-13 22:49:58,688 autoreload File C:\Users\SIM\AppData\Local\Programs\Python\Python311\Lib\email\_policybase.py first seen with mtime 1686106818.0
DEBUG 2025-01-13 22:49:58,688 autoreload File C:\Users\SIM\AppData\Roaming\Python\Python311\site-packages\django\views\generic\edit.py first seen with mtime 1730363519.5854342
DEBUG 2025-01-13 22:49:58,688 autoreload File C:\Users\SIM\AppData\Local\Programs\Python\Python311\Lib\ctypes\_endian.py first seen with mtime 1686106818.0
DEBUG 2025-01-13 22:49:58,688 autoreload File C:\Users\SIM\AppData\Roaming\Python\Python311\site-packages\django\db\models\sql\constants.py first seen with mtime 1730363519.2111301
DEBUG 2025-01-13 22:49:58,688 autoreload File C:\Users\SIM\AppData\Roaming\Python\Python311\site-packages\django\utils\deconstruct.py first seen with mtime 1730363519.5096915
DEBUG 2025-01-13 22:49:58,688 autoreload File C:\Users\SIM\AppData\Local\Programs\Python\Python311\Lib\enum.py first seen with mtime 1686106818.0
DEBUG 2025-01-13 22:49:58,688 autoreload File C:\Users\SIM\AppData\Local\Programs\Python\Python311\Lib\wsgiref\__init__.py first seen with mtime 1686106818.0
DEBUG 2025-01-13 22:49:58,688 autoreload File C:\Users\SIM\AppData\Local\Programs\Python\Python311\Lib\asyncio\threads.py first seen with mtime 1686106818.0
DEBUG 2025-01-13 22:49:58,688 autoreload File C:\Users\SIM\AppData\Local\Programs\Python\Python311\Lib\site-packages\PIL\_version.py first seen with mtime 1713199322.0304856
DEBUG 2025-01-13 22:49:58,688 autoreload File C:\Users\SIM\AppData\Roaming\Python\Python311\site-packages\django\db\backends\postgresql\psycopg_any.py first seen with mtime 1730363519.0883665
DEBUG 2025-01-13 22:49:58,688 autoreload File C:\Users\SIM\AppData\Roaming\Python\Python311\site-packages\sqlparse\filters\reindent.py first seen with mtime 1730363510.8522604
DEBUG 2025-01-13 22:49:58,688 autoreload File C:\Users\SIM\AppData\Local\Programs\Python\Python311\Lib\pkgutil.py first seen with mtime 1686106818.0
DEBUG 2025-01-13 22:49:58,688 autoreload File C:\Users\SIM\AppData\Roaming\Python\Python311\site-packages\sqlparse\filters\output.py first seen with mtime 1730363510.8522604
DEBUG 2025-01-13 22:49:58,688 autoreload File C:\Users\SIM\AppData\Roaming\Python\Python311\site-packages\django\core\checks\security\sessions.py first seen with mtime 1730363518.8617742
DEBUG 2025-01-13 22:49:58,688 autoreload File C:\Users\SIM\AppData\Roaming\Python\Python311\site-packages\django\forms\renderers.py first seen with mtime 1730363519.24311
DEBUG 2025-01-13 22:49:58,688 autoreload File C:\Users\SIM\AppData\Roaming\Python\Python311\site-packages\django\views\generic\list.py first seen with mtime 1730363519.5854342
DEBUG 2025-01-13 22:49:58,688 autoreload File C:\Users\SIM\AppData\Local\Programs\Python\Python311\Lib\secrets.py first seen with mtime 1686106818.0
DEBUG 2025-01-13 22:49:58,688 autoreload File C:\Users\SIM\AppData\Local\Programs\Python\Python311\Lib\dataclasses.py first seen with mtime 1686106818.0
DEBUG 2025-01-13 22:49:58,688 autoreload File C:\Users\SIM\AppData\Roaming\Python\Python311\site-packages\django\core\handlers\asgi.py first seen with mtime 1730363518.9017847
DEBUG 2025-01-13 22:49:58,688 autoreload File C:\Users\SIM\AppData\Roaming\Python\Python311\site-packages\django\db\migrations\operations\fields.py first seen with mtime 1730363519.1384592
DEBUG 2025-01-13 22:49:58,688 autoreload File C:\Users\SIM\AppData\Local\Programs\Python\Python311\Lib\email\_encoded_words.py first seen with mtime 1686106818.0
DEBUG 2025-01-13 22:49:58,688 autoreload File C:\Users\SIM\AppData\Roaming\Python\Python311\site-packages\django\contrib\staticfiles\checks.py first seen with mtime 1730363518.7730794
DEBUG 2025-01-13 22:49:58,688 autoreload File C:\Users\SIM\AppData\Local\Programs\Python\Python311\Lib\tempfile.py first seen with mtime 1686106818.0
DEBUG 2025-01-13 22:49:58,688 autoreload File C:\Users\SIM\AppData\Local\Programs\Python\Python311\Lib\_weakrefset.py first seen with mtime 1686106818.0
DEBUG 2025-01-13 22:49:58,688 autoreload File C:\Users\SIM\AppData\Roaming\Python\Python311\site-packages\django\utils\connection.py first seen with mtime 1730363519.5025089
DEBUG 2025-01-13 22:49:58,688 autoreload File C:\Users\SIM\AppData\Roaming\Python\Python311\site-packages\django\utils\inspect.py first seen with mtime 1730363519.5351002
DEBUG 2025-01-13 22:49:58,688 autoreload File C:\Users\SIM\Desktop\DJANGO\Proiect1\aplicatie_exemplu\admin.py first seen with mtime 1733241541.137926
DEBUG 2025-01-13 22:49:58,688 autoreload File C:\Users\SIM\AppData\Local\Programs\Python\Python311\Lib\site-packages\PIL\__init__.py first seen with mtime 1713199321.9253154
DEBUG 2025-01-13 22:49:58,688 autoreload File C:\Users\SIM\AppData\Local\Programs\Python\Python311\Lib\wsgiref\handlers.py first seen with mtime 1686106818.0
DEBUG 2025-01-13 22:49:58,688 autoreload File C:\Users\SIM\AppData\Local\Programs\Python\Python311\Lib\socketserver.py first seen with mtime 1686106818.0
DEBUG 2025-01-13 22:49:58,688 autoreload File C:\Users\SIM\AppData\Roaming\Python\Python311\site-packages\sqlparse\__init__.py first seen with mtime 1730363510.819172
DEBUG 2025-01-13 22:49:58,688 autoreload File C:\Users\SIM\AppData\Local\Programs\Python\Python311\Lib\email\charset.py first seen with mtime 1686106818.0
DEBUG 2025-01-13 22:49:58,688 autoreload File C:\Users\SIM\AppData\Local\Programs\Python\Python311\Lib\asyncio\transports.py first seen with mtime 1686106818.0
DEBUG 2025-01-13 22:49:58,688 autoreload File C:\Users\SIM\AppData\Roaming\Python\Python311\site-packages\django\contrib\admin\templatetags\admin_modify.py first seen with mtime 1730363513.9955804
DEBUG 2025-01-13 22:49:58,688 autoreload File C:\Users\SIM\AppData\Roaming\Python\Python311\site-packages\django\db\migrations\operations\base.py first seen with mtime 1730363519.1384592
DEBUG 2025-01-13 22:49:58,688 autoreload File C:\Users\SIM\AppData\Roaming\Python\Python311\site-packages\django\contrib\admin\options.py first seen with mtime 1730363512.7042537
DEBUG 2025-01-13 22:49:58,688 autoreload File C:\Users\SIM\AppData\Roaming\Python\Python311\site-packages\django\templatetags\i18n.py first seen with mtime 1730363519.4613905
DEBUG 2025-01-13 22:49:58,688 autoreload File C:\Users\SIM\AppData\Roaming\Python\Python311\site-packages\django\core\exceptions.py first seen with mtime 1730363518.8052104
DEBUG 2025-01-13 22:49:58,688 autoreload File C:\Users\SIM\AppData\Roaming\Python\Python311\site-packages\django\forms\boundfield.py first seen with mtime 1730363519.2348356
DEBUG 2025-01-13 22:49:58,688 autoreload File C:\Users\SIM\AppData\Roaming\Python\Python311\site-packages\django\utils\choices.py first seen with mtime 1730363519.5025089
DEBUG 2025-01-13 22:49:58,688 autoreload File C:\Users\SIM\AppData\Local\Programs\Python\Python311\Lib\re\_compiler.py first seen with mtime 1686106818.0
DEBUG 2025-01-13 22:49:58,688 autoreload File C:\Users\SIM\AppData\Roaming\Python\Python311\site-packages\django\core\handlers\base.py first seen with mtime 1730363518.902088
DEBUG 2025-01-13 22:49:58,688 autoreload File C:\Users\SIM\AppData\Roaming\Python\Python311\site-packages\django\db\models\constants.py first seen with mtime 1730363519.1527572
DEBUG 2025-01-13 22:49:58,688 autoreload File C:\Users\SIM\AppData\Roaming\Python\Python311\site-packages\django\contrib\admin\apps.py first seen with mtime 1730363512.6853182
DEBUG 2025-01-13 22:49:58,688 autoreload File C:\Users\SIM\AppData\Roaming\Python\Python311\site-packages\django\template\response.py first seen with mtime 1730363519.4351766
DEBUG 2025-01-13 22:49:58,688 autoreload File C:\Users\SIM\AppData\Local\Programs\Python\Python311\Lib\numbers.py first seen with mtime 1686106818.0
DEBUG 2025-01-13 22:49:58,688 autoreload File C:\Users\SIM\AppData\Roaming\Python\Python311\site-packages\django\core\files\base.py first seen with mtime 1730363518.8701553
DEBUG 2025-01-13 22:49:58,688 autoreload File C:\Users\SIM\AppData\Roaming\Python\Python311\site-packages\django\db\models\sql\__init__.py first seen with mtime 1730363519.2111301
DEBUG 2025-01-13 22:49:58,688 autoreload File C:\Users\SIM\Desktop\DJANGO\Proiect1\Proiect1\settings.py first seen with mtime 1736800779.3306959
DEBUG 2025-01-13 22:49:58,688 autoreload File C:\Users\SIM\AppData\Roaming\Python\Python311\site-packages\django\db\models\fields\related_descriptors.py first seen with mtime 1730363519.1857815
DEBUG 2025-01-13 22:49:58,688 autoreload File C:\Users\SIM\AppData\Roaming\Python\Python311\site-packages\django\contrib\staticfiles\__init__.py first seen with mtime 1730363518.768919
DEBUG 2025-01-13 22:49:58,688 autoreload File C:\Users\SIM\AppData\Local\Programs\Python\Python311\Lib\asyncio\proactor_events.py first seen with mtime 1686106818.0
DEBUG 2025-01-13 22:49:58,688 autoreload File C:\Users\SIM\AppData\Local\Programs\Python\Python311\Lib\html\entities.py first seen with mtime 1686106818.0
DEBUG 2025-01-13 22:49:58,688 autoreload File C:\Users\SIM\AppData\Roaming\Python\Python311\site-packages\django\core\files\utils.py first seen with mtime 1730363518.878176
DEBUG 2025-01-13 22:49:58,688 autoreload File C:\Users\SIM\AppData\Roaming\Python\Python311\site-packages\django\core\paginator.py first seen with mtime 1730363518.8052104
DEBUG 2025-01-13 22:49:58,688 autoreload File C:\Users\SIM\AppData\Roaming\Python\Python311\site-packages\django\core\files\storage\handler.py first seen with mtime 1730363518.8941734
DEBUG 2025-01-13 22:49:58,688 autoreload File C:\Users\SIM\AppData\Roaming\Python\Python311\site-packages\django\db\models\functions\mixins.py first seen with mtime 1730363519.2030535
DEBUG 2025-01-13 22:49:58,688 autoreload File C:\Users\SIM\AppData\Roaming\Python\Python311\site-packages\django\urls\exceptions.py first seen with mtime 1730363519.4856098
DEBUG 2025-01-13 22:49:58,688 autoreload File C:\Users\SIM\AppData\Roaming\Python\Python311\site-packages\django\db\models\constraints.py first seen with mtime 1730363519.1527572
DEBUG 2025-01-13 22:49:58,688 autoreload File C:\Users\SIM\AppData\Roaming\Python\Python311\site-packages\django\views\generic\detail.py first seen with mtime 1730363519.5854342
DEBUG 2025-01-13 22:49:58,688 autoreload File C:\Users\SIM\AppData\Local\Programs\Python\Python311\Lib\queue.py first seen with mtime 1686106818.0
DEBUG 2025-01-13 22:49:58,688 autoreload File C:\Users\SIM\AppData\Roaming\Python\Python311\site-packages\django\utils\termcolors.py first seen with mtime 1730363519.5421522
DEBUG 2025-01-13 22:49:58,688 autoreload File C:\Users\SIM\AppData\Local\Programs\Python\Python311\Lib\zoneinfo\_common.py first seen with mtime 1686106818.0
DEBUG 2025-01-13 22:49:58,688 autoreload File C:\Users\SIM\AppData\Local\Programs\Python\Python311\Lib\_compression.py first seen with mtime 1686106818.0
DEBUG 2025-01-13 22:49:58,688 autoreload File C:\Users\SIM\AppData\Roaming\Python\Python311\site-packages\django\core\handlers\exception.py first seen with mtime 1730363518.902088
DEBUG 2025-01-13 22:49:58,688 autoreload File C:\Users\SIM\AppData\Roaming\Python\Python311\site-packages\django\contrib\auth\checks.py first seen with mtime 1730363514.638802
DEBUG 2025-01-13 22:49:58,688 autoreload File C:\Users\SIM\AppData\Roaming\Python\Python311\site-packages\django\conf\global_settings.py first seen with mtime 1730363511.8686903
DEBUG 2025-01-13 22:49:58,688 autoreload File C:\Users\SIM\AppData\Local\Programs\Python\Python311\Lib\email\mime\text.py first seen with mtime 1686106818.0
DEBUG 2025-01-13 22:49:58,688 autoreload File C:\Users\SIM\AppData\Roaming\Python\Python311\site-packages\django\contrib\messages\middleware.py first seen with mtime 1730363517.0118935
DEBUG 2025-01-13 22:49:58,688 autoreload File C:\Users\SIM\AppData\Roaming\Python\Python311\site-packages\django\db\backends\base\__init__.py first seen with mtime 1730363519.018852
DEBUG 2025-01-13 22:49:58,688 autoreload File C:\Users\SIM\AppData\Local\Programs\Python\Python311\Lib\http\__init__.py first seen with mtime 1686106818.0
DEBUG 2025-01-13 22:49:58,688 autoreload File C:\Users\SIM\AppData\Local\Programs\Python\Python311\Lib\re\__init__.py first seen with mtime 1686106818.0
DEBUG 2025-01-13 22:49:58,688 autoreload File C:\Users\SIM\AppData\Roaming\Python\Python311\site-packages\django\forms\fields.py first seen with mtime 1730363519.236009
DEBUG 2025-01-13 22:49:58,688 autoreload File C:\Users\SIM\AppData\Roaming\Python\Python311\site-packages\django\db\backends\postgresql\schema.py first seen with mtime 1730363519.0883665
DEBUG 2025-01-13 22:49:58,688 autoreload File C:\Users\SIM\AppData\Roaming\Python\Python311\site-packages\django\template\loaders\base.py first seen with mtime 1730363519.4523761
DEBUG 2025-01-13 22:49:58,688 autoreload File C:\Users\SIM\AppData\Roaming\Python\Python311\site-packages\django\templatetags\l10n.py first seen with mtime 1730363519.4613905
DEBUG 2025-01-13 22:49:58,688 autoreload File C:\Users\SIM\AppData\Roaming\Python\Python311\site-packages\asgiref\__init__.py first seen with mtime 1730363511.5413363
DEBUG 2025-01-13 22:49:58,688 autoreload File C:\Users\SIM\AppData\Roaming\Python\Python311\site-packages\django\contrib\contenttypes\views.py first seen with mtime 1730363515.2428498
DEBUG 2025-01-13 22:49:58,688 autoreload File C:\Users\SIM\AppData\Roaming\Python\Python311\site-packages\sqlparse\filters\tokens.py first seen with mtime 1730363510.868614
DEBUG 2025-01-13 22:49:58,688 autoreload File C:\Users\SIM\AppData\Local\Programs\Python\Python311\Lib\asyncio\constants.py first seen with mtime 1686106818.0
DEBUG 2025-01-13 22:49:58,688 autoreload File C:\Users\SIM\AppData\Local\Programs\Python\Python311\Lib\token.py first seen with mtime 1686106818.0
DEBUG 2025-01-13 22:49:58,688 autoreload File C:\Users\SIM\AppData\Roaming\Python\Python311\site-packages\django\contrib\staticfiles\handlers.py first seen with mtime 1730363518.7730794
DEBUG 2025-01-13 22:49:58,688 autoreload File C:\Users\SIM\AppData\Local\Programs\Python\Python311\Lib\email\mime\nonmultipart.py first seen with mtime 1686106818.0
DEBUG 2025-01-13 22:49:58,688 autoreload File C:\Users\SIM\AppData\Local\Programs\Python\Python311\Lib\site-packages\colorama\__init__.py first seen with mtime 1686935914.822989
DEBUG 2025-01-13 22:49:58,688 autoreload File C:\Users\SIM\AppData\Roaming\Python\Python311\site-packages\django\db\models\functions\text.py first seen with mtime 1730363519.2030535
DEBUG 2025-01-13 22:49:58,688 autoreload File C:\Users\SIM\AppData\Roaming\Python\Python311\site-packages\django\contrib\messages\constants.py first seen with mtime 1730363517.0091832
DEBUG 2025-01-13 22:49:58,688 autoreload File C:\Users\SIM\AppData\Roaming\Python\Python311\site-packages\django\core\cache\backends\__init__.py first seen with mtime 1730363518.8194945
DEBUG 2025-01-13 22:49:58,694 autoreload File C:\Users\SIM\Desktop\DJANGO\Proiect1\Proiect1\urls.py first seen with mtime 1732800255.296215
DEBUG 2025-01-13 22:49:58,694 autoreload File C:\Users\SIM\AppData\Local\Programs\Python\Python311\DLLs\unicodedata.pyd first seen with mtime 1686106896.0
DEBUG 2025-01-13 22:49:58,694 autoreload File C:\Users\SIM\AppData\Local\Programs\Python\Python311\Lib\dis.py first seen with mtime 1686106818.0
DEBUG 2025-01-13 22:49:58,694 autoreload File C:\Users\SIM\AppData\Roaming\Python\Python311\site-packages\django\db\models\__init__.py first seen with mtime 1730363519.146573
DEBUG 2025-01-13 22:49:58,694 autoreload File C:\Users\SIM\AppData\Local\Programs\Python\Python311\Lib\site-packages\psycopg2\_json.py first seen with mtime 1731581176.263129
DEBUG 2025-01-13 22:49:58,694 autoreload File C:\Users\SIM\AppData\Roaming\Python\Python311\site-packages\django\contrib\auth\__init__.py first seen with mtime 1730363514.6305225
DEBUG 2025-01-13 22:49:58,694 autoreload File C:\Users\SIM\AppData\Roaming\Python\Python311\site-packages\django\core\files\temp.py first seen with mtime 1730363518.878176
DEBUG 2025-01-13 22:49:58,694 autoreload File C:\Users\SIM\AppData\Roaming\Python\Python311\site-packages\django\views\static.py first seen with mtime 1730363519.5688384
DEBUG 2025-01-13 22:49:58,694 autoreload File C:\Users\SIM\AppData\Roaming\Python\Python311\site-packages\django\utils\translation\reloader.py first seen with mtime 1730363519.5518892
DEBUG 2025-01-13 22:49:58,694 autoreload File C:\Users\SIM\AppData\Roaming\Python\Python311\site-packages\django\utils\tree.py first seen with mtime 1730363519.5518892
DEBUG 2025-01-13 22:49:58,694 autoreload File C:\Users\SIM\AppData\Local\Programs\Python\Python311\Lib\logging\config.py first seen with mtime 1686106818.0
DEBUG 2025-01-13 22:49:58,694 autoreload File C:\Users\SIM\AppData\Local\Programs\Python\Python311\Lib\asyncio\queues.py first seen with mtime 1686106818.0
DEBUG 2025-01-13 22:49:58,694 autoreload File C:\Users\SIM\AppData\Roaming\Python\Python311\site-packages\django\contrib\admin\actions.py first seen with mtime 1730363512.6853182
DEBUG 2025-01-13 22:49:58,694 autoreload File C:\Users\SIM\AppData\Roaming\Python\Python311\site-packages\django\db\models\query_utils.py first seen with mtime 1730363519.1707
DEBUG 2025-01-13 22:49:58,694 autoreload File C:\Users\SIM\AppData\Roaming\Python\Python311\site-packages\django\utils\http.py first seen with mtime 1730363519.5337405
DEBUG 2025-01-13 22:49:58,694 autoreload File C:\Users\SIM\AppData\Roaming\Python\Python311\site-packages\django\contrib\admin\decorators.py first seen with mtime 1730363512.6959162
DEBUG 2025-01-13 22:49:58,694 autoreload File C:\Users\SIM\AppData\Local\Programs\Python\Python311\Lib\asyncio\base_tasks.py first seen with mtime 1686106818.0
DEBUG 2025-01-13 22:49:58,694 autoreload File C:\Users\SIM\AppData\Roaming\Python\Python311\site-packages\django\views\generic\base.py first seen with mtime 1730363519.5854342
DEBUG 2025-01-13 22:49:58,694 autoreload File C:\Users\SIM\AppData\Local\Programs\Python\Python311\DLLs\_zoneinfo.pyd first seen with mtime 1686106896.0
DEBUG 2025-01-13 22:49:58,694 autoreload File C:\Users\SIM\AppData\Local\Programs\Python\Python311\Lib\re\_casefix.py first seen with mtime 1686106818.0
DEBUG 2025-01-13 22:49:58,694 autoreload File C:\Users\SIM\AppData\Roaming\Python\Python311\site-packages\django\db\models\functions\window.py first seen with mtime 1730363519.2030535
DEBUG 2025-01-13 22:49:58,694 autoreload File C:\Users\SIM\AppData\Local\Programs\Python\Python311\Lib\copyreg.py first seen with mtime 1686106818.0
DEBUG 2025-01-13 22:49:58,694 autoreload File C:\Users\SIM\AppData\Roaming\Python\Python311\site-packages\django\core\files\storage\memory.py first seen with mtime 1730363518.8955162
DEBUG 2025-01-13 22:49:58,694 autoreload File C:\Users\SIM\AppData\Roaming\Python\Python311\site-packages\django\template\base.py first seen with mtime 1730363519.4187372
DEBUG 2025-01-13 22:49:58,694 autoreload File C:\Users\SIM\AppData\Local\Programs\Python\Python311\Lib\importlib\__init__.py first seen with mtime 1686106818.0
DEBUG 2025-01-13 22:49:58,694 autoreload File C:\Users\SIM\AppData\Local\Programs\Python\Python311\Lib\asyncio\__init__.py first seen with mtime 1686106818.0
DEBUG 2025-01-13 22:49:58,694 autoreload File C:\Users\SIM\AppData\Local\Programs\Python\Python311\Lib\base64.py first seen with mtime 1686106818.0
DEBUG 2025-01-13 22:49:58,694 autoreload File C:\Users\SIM\AppData\Local\Programs\Python\Python311\Lib\site-packages\PIL\ExifTags.py first seen with mtime 1713199321.7820168
DEBUG 2025-01-13 22:49:58,694 autoreload File C:\Users\SIM\AppData\Roaming\Python\Python311\site-packages\django\template\utils.py first seen with mtime 1730363519.437286
DEBUG 2025-01-13 22:49:58,694 autoreload File C:\Users\SIM\AppData\Roaming\Python\Python311\site-packages\django\views\decorators\__init__.py first seen with mtime 1730363519.574051
DEBUG 2025-01-13 22:49:58,694 autoreload File C:\Users\SIM\AppData\Roaming\Python\Python311\site-packages\django\core\checks\security\csrf.py first seen with mtime 1730363518.8617742
DEBUG 2025-01-13 22:49:58,694 autoreload File C:\Users\SIM\AppData\Local\Programs\Python\Python311\DLLs\_lzma.pyd first seen with mtime 1686106894.0
DEBUG 2025-01-13 22:49:58,694 autoreload File C:\Users\SIM\AppData\Local\Programs\Python\Python311\Lib\email\utils.py first seen with mtime 1686106818.0
DEBUG 2025-01-13 22:49:58,694 autoreload File C:\Users\SIM\AppData\Roaming\Python\Python311\site-packages\django\db\utils.py first seen with mtime 1730363519.008809
DEBUG 2025-01-13 22:49:58,694 autoreload File C:\Users\SIM\AppData\Roaming\Python\Python311\site-packages\django\core\management\commands\__init__.py first seen with mtime 1730363518.9353774
DEBUG 2025-01-13 22:49:58,694 autoreload File C:\Users\SIM\AppData\Local\Programs\Python\Python311\Lib\urllib\request.py first seen with mtime 1686106818.0
DEBUG 2025-01-13 22:49:58,694 autoreload File C:\Users\SIM\AppData\Roaming\Python\Python311\site-packages\django\contrib\messages\__init__.py first seen with mtime 1730363517.005663
DEBUG 2025-01-13 22:49:58,694 autoreload File C:\Users\SIM\AppData\Roaming\Python\Python311\site-packages\django\http\request.py first seen with mtime 1730363519.396641
DEBUG 2025-01-13 22:49:58,694 autoreload File C:\Users\SIM\AppData\Local\Programs\Python\Python311\Lib\zoneinfo\_tzpath.py first seen with mtime 1686106818.0
DEBUG 2025-01-13 22:49:58,694 autoreload File C:\Users\SIM\AppData\Roaming\Python\Python311\site-packages\sqlparse\engine\filter_stack.py first seen with mtime 1730363510.8500051
DEBUG 2025-01-13 22:49:58,694 autoreload File C:\Users\SIM\AppData\Local\Programs\Python\Python311\Lib\asyncio\subprocess.py first seen with mtime 1686106818.0
DEBUG 2025-01-13 22:49:58,694 autoreload File C:\Users\SIM\AppData\Local\Programs\Python\Python311\Lib\site-packages\PIL\TiffTags.py first seen with mtime 1713199321.914797
DEBUG 2025-01-13 22:49:58,694 autoreload File C:\Users\SIM\AppData\Local\Programs\Python\Python311\Lib\collections\abc.py first seen with mtime 1686106818.0
DEBUG 2025-01-13 22:49:58,694 autoreload File C:\Users\SIM\AppData\Roaming\Python\Python311\site-packages\django\dispatch\dispatcher.py first seen with mtime 1730363519.2213213
DEBUG 2025-01-13 22:49:58,694 autoreload File C:\Users\SIM\AppData\Roaming\Python\Python311\site-packages\django\middleware\csrf.py first seen with mtime 1730363519.4048178
DEBUG 2025-01-13 22:49:58,694 autoreload File C:\Users\SIM\AppData\Local\Programs\Python\Python311\Lib\__future__.py first seen with mtime 1686106818.0
DEBUG 2025-01-13 22:49:58,694 autoreload File C:\Users\SIM\AppData\Roaming\Python\Python311\site-packages\django\contrib\admin\sites.py first seen with mtime 1730363512.7042537
DEBUG 2025-01-13 22:49:58,694 autoreload File C:\Users\SIM\AppData\Roaming\Python\Python311\site-packages\django\db\models\sql\query.py first seen with mtime 1730363519.2213213
DEBUG 2025-01-13 22:49:58,694 autoreload File C:\Users\SIM\AppData\Roaming\Python\Python311\site-packages\django\core\files\images.py first seen with mtime 1730363518.8701553
DEBUG 2025-01-13 22:49:58,694 autoreload File C:\Users\SIM\AppData\Local\Programs\Python\Python311\Lib\asyncio\windows_utils.py first seen with mtime 1686106818.0
DEBUG 2025-01-13 22:49:58,694 autoreload File C:\Users\SIM\AppData\Local\Programs\Python\Python311\DLLs\select.pyd first seen with mtime 1686106894.0
DEBUG 2025-01-13 22:49:58,694 autoreload File C:\Users\SIM\AppData\Roaming\Python\Python311\site-packages\sqlparse\tokens.py first seen with mtime 1730363510.8419755
DEBUG 2025-01-13 22:49:58,694 autoreload File C:\Users\SIM\AppData\Local\Programs\Python\Python311\DLLs\_bz2.pyd first seen with mtime 1686106896.0
DEBUG 2025-01-13 22:49:58,694 autoreload File C:\Users\SIM\AppData\Roaming\Python\Python311\site-packages\django\utils\encoding.py first seen with mtime 1730363519.518824
DEBUG 2025-01-13 22:49:58,694 autoreload File C:\Users\SIM\AppData\Roaming\Python\Python311\site-packages\django\utils\version.py first seen with mtime 1730363519.5518892
DEBUG 2025-01-13 22:49:58,694 autoreload File C:\Users\SIM\AppData\Roaming\Python\Python311\site-packages\django\http\multipartparser.py first seen with mtime 1730363519.3856273
DEBUG 2025-01-13 22:49:58,694 autoreload File C:\Users\SIM\AppData\Local\Programs\Python\Python311\Lib\asyncio\tasks.py first seen with mtime 1686106818.0
DEBUG 2025-01-13 22:49:58,694 autoreload File C:\Users\SIM\AppData\Local\Programs\Python\Python311\Lib\wsgiref\headers.py first seen with mtime 1686106818.0
DEBUG 2025-01-13 22:49:58,694 autoreload File C:\Users\SIM\AppData\Roaming\Python\Python311\site-packages\django\core\checks\security\base.py first seen with mtime 1730363518.8617742
DEBUG 2025-01-13 22:49:58,694 autoreload File C:\Users\SIM\AppData\Roaming\Python\Python311\site-packages\django\contrib\admin\filters.py first seen with mtime 1730363512.6959162
DEBUG 2025-01-13 22:49:58,694 autoreload File C:\Users\SIM\AppData\Roaming\Python\Python311\site-packages\django\template\context.py first seen with mtime 1730363519.4187372
DEBUG 2025-01-13 22:49:58,694 autoreload File C:\Users\SIM\AppData\Roaming\Python\Python311\site-packages\django\db\backends\base\creation.py first seen with mtime 1730363519.024365
DEBUG 2025-01-13 22:49:58,694 autoreload File C:\Users\SIM\AppData\Local\Programs\Python\Python311\DLLs\_ssl.pyd first seen with mtime 1686106894.0
DEBUG 2025-01-13 22:49:58,694 autoreload File C:\Users\SIM\AppData\Local\Programs\Python\Python311\Lib\opcode.py first seen with mtime 1686106818.0
DEBUG 2025-01-13 22:49:58,694 autoreload File C:\Users\SIM\AppData\Roaming\Python\Python311\site-packages\django\contrib\sites\requests.py first seen with mtime 1730363518.352321
DEBUG 2025-01-13 22:49:58,694 autoreload File C:\Users\SIM\AppData\Roaming\Python\Python311\site-packages\django\template\autoreload.py first seen with mtime 1730363519.4183285
DEBUG 2025-01-13 22:49:58,694 autoreload File C:\Users\SIM\AppData\Roaming\Python\Python311\site-packages\django\utils\__init__.py first seen with mtime 1730363519.4856098
DEBUG 2025-01-13 22:49:58,694 autoreload File C:\Users\SIM\AppData\Local\Programs\Python\Python311\Lib\site-packages\psycopg2\extensions.py first seen with mtime 1731581176.280461
DEBUG 2025-01-13 22:49:58,694 autoreload File C:\Users\SIM\AppData\Local\Programs\Python\Python311\Lib\site-packages\psycopg2\_ipaddress.py first seen with mtime 1731581176.263129
DEBUG 2025-01-13 22:49:58,694 autoreload File C:\Users\SIM\AppData\Local\Programs\Python\Python311\Lib\json\encoder.py first seen with mtime 1686106818.0
DEBUG 2025-01-13 22:49:58,694 autoreload File C:\Users\SIM\AppData\Local\Programs\Python\Python311\Lib\concurrent\futures\__init__.py first seen with mtime 1686106818.0
DEBUG 2025-01-13 22:49:58,694 autoreload File C:\Users\SIM\AppData\Local\Programs\Python\Python311\Lib\email\mime\__init__.py first seen with mtime 1686106818.0
DEBUG 2025-01-13 22:49:58,694 autoreload File C:\Users\SIM\AppData\Roaming\Python\Python311\site-packages\django\contrib\auth\validators.py first seen with mtime 1730363514.662934
DEBUG 2025-01-13 22:49:58,694 autoreload File C:\Users\SIM\AppData\Roaming\Python\Python311\site-packages\django\views\decorators\cache.py first seen with mtime 1730363519.574051
DEBUG 2025-01-13 22:49:58,694 autoreload File C:\Users\SIM\AppData\Local\Programs\Python\Python311\Lib\asyncio\streams.py first seen with mtime 1686106818.0
DEBUG 2025-01-13 22:49:58,694 autoreload File C:\Users\SIM\AppData\Local\Programs\Python\Python311\Lib\email\generator.py first seen with mtime 1686106818.0
DEBUG 2025-01-13 22:49:58,694 autoreload File C:\Users\SIM\AppData\Roaming\Python\Python311\site-packages\django\contrib\staticfiles\apps.py first seen with mtime 1730363518.768919
DEBUG 2025-01-13 22:49:58,694 autoreload File C:\Users\SIM\AppData\Roaming\Python\Python311\site-packages\django\db\models\fields\mixins.py first seen with mtime 1730363519.1857815
DEBUG 2025-01-13 22:49:58,694 autoreload File C:\Users\SIM\AppData\Local\Programs\Python\Python311\Lib\site-packages\PIL\Image.py first seen with mtime 1713199321.8112986
DEBUG 2025-01-13 22:49:58,694 autoreload File C:\Users\SIM\AppData\Roaming\Python\Python311\site-packages\sqlparse\cli.py first seen with mtime 1730363510.8336992
DEBUG 2025-01-13 22:49:58,694 autoreload File C:\Users\SIM\AppData\Local\Programs\Python\Python311\Lib\asyncio\base_events.py first seen with mtime 1686106818.0
DEBUG 2025-01-13 22:49:58,694 autoreload File C:\Users\SIM\AppData\Roaming\Python\Python311\site-packages\django\db\backends\base\validation.py first seen with mtime 1730363519.0328045
DEBUG 2025-01-13 22:49:58,694 autoreload File C:\Users\SIM\AppData\Local\Programs\Python\Python311\Lib\asyncio\format_helpers.py first seen with mtime 1686106818.0
DEBUG 2025-01-13 22:49:58,694 autoreload File C:\Users\SIM\AppData\Local\Programs\Python\Python311\Lib\concurrent\__init__.py first seen with mtime 1686106818.0
DEBUG 2025-01-13 22:49:58,694 autoreload File C:\Users\SIM\AppData\Roaming\Python\Python311\site-packages\django\db\models\functions\__init__.py first seen with mtime 1730363519.1947956
DEBUG 2025-01-13 22:49:58,694 autoreload File C:\Users\SIM\AppData\Local\Programs\Python\Python311\Lib\linecache.py first seen with mtime 1686106818.0
DEBUG 2025-01-13 22:49:58,694 autoreload File C:\Users\SIM\AppData\Roaming\Python\Python311\site-packages\django\contrib\contenttypes\admin.py first seen with mtime 1730363515.2296836
DEBUG 2025-01-13 22:49:58,694 autoreload File C:\Users\SIM\AppData\Roaming\Python\Python311\site-packages\django\core\checks\compatibility\__init__.py first seen with mtime 1730363518.8527594
DEBUG 2025-01-13 22:49:58,694 autoreload File C:\Users\SIM\AppData\Local\Programs\Python\Python311\Lib\traceback.py first seen with mtime 1686106818.0
DEBUG 2025-01-13 22:49:58,694 autoreload File C:\Users\SIM\AppData\Local\Programs\Python\Python311\Lib\urllib\response.py first seen with mtime 1686106818.0
DEBUG 2025-01-13 22:49:58,694 autoreload File C:\Users\SIM\AppData\Roaming\Python\Python311\site-packages\django\http\response.py first seen with mtime 1730363519.396641
DEBUG 2025-01-13 22:49:58,694 autoreload File C:\Users\SIM\AppData\Roaming\Python\Python311\site-packages\django\core\__init__.py first seen with mtime 1730363518.8052104
DEBUG 2025-01-13 22:49:58,694 autoreload File C:\Users\SIM\AppData\Roaming\Python\Python311\site-packages\django\contrib\auth\tokens.py first seen with mtime 1730363514.6519113
DEBUG 2025-01-13 22:49:58,694 autoreload File C:\Users\SIM\AppData\Local\Programs\Python\Python311\Lib\site-packages\psycopg2\_range.py first seen with mtime 1731581176.280461
DEBUG 2025-01-13 22:49:58,694 autoreload File C:\Users\SIM\AppData\Local\Programs\Python\Python311\Lib\copy.py first seen with mtime 1686106818.0
DEBUG 2025-01-13 22:49:58,694 autoreload File C:\Users\SIM\AppData\Local\Programs\Python\Python311\Lib\ctypes\__init__.py first seen with mtime 1686106818.0
DEBUG 2025-01-13 22:49:58,694 autoreload File C:\Users\SIM\AppData\Roaming\Python\Python311\site-packages\django\db\backends\__init__.py first seen with mtime 1730363519.008809
DEBUG 2025-01-13 22:49:58,694 autoreload File C:\Users\SIM\AppData\Roaming\Python\Python311\site-packages\django\utils\crypto.py first seen with mtime 1730363519.5096915
DEBUG 2025-01-13 22:49:58,694 autoreload File C:\Users\SIM\AppData\Local\Programs\Python\Python311\DLLs\_queue.pyd first seen with mtime 1686106894.0
DEBUG 2025-01-13 22:49:58,694 autoreload File C:\Users\SIM\AppData\Local\Programs\Python\Python311\Lib\site-packages\colorama\winterm.py first seen with mtime 1686935914.822989
DEBUG 2025-01-13 22:49:58,694 autoreload File C:\Users\SIM\AppData\Roaming\Python\Python311\site-packages\django\contrib\sessions\backends\__init__.py first seen with mtime 1730363517.7698474
DEBUG 2025-01-13 22:49:58,694 autoreload File C:\Users\SIM\AppData\Roaming\Python\Python311\site-packages\django\template\exceptions.py first seen with mtime 1730363519.428758
DEBUG 2025-01-13 22:49:58,694 autoreload File C:\Users\SIM\AppData\Roaming\Python\Python311\site-packages\django\urls\conf.py first seen with mtime 1730363519.4856098
DEBUG 2025-01-13 22:49:58,694 autoreload File C:\Users\SIM\AppData\Roaming\Python\Python311\site-packages\django\db\models\fields\related_lookups.py first seen with mtime 1730363519.1947956
DEBUG 2025-01-13 22:49:58,694 autoreload File C:\Users\SIM\AppData\Roaming\Python\Python311\site-packages\django\urls\__init__.py first seen with mtime 1730363519.4856098
DEBUG 2025-01-13 22:49:58,694 autoreload File C:\Users\SIM\AppData\Local\Programs\Python\Python311\Lib\asyncio\futures.py first seen with mtime 1686106818.0
DEBUG 2025-01-13 22:49:58,694 autoreload File C:\Users\SIM\AppData\Roaming\Python\Python311\site-packages\django\core\checks\caches.py first seen with mtime 1730363518.8379147
DEBUG 2025-01-13 22:49:58,694 autoreload File C:\Users\SIM\AppData\Roaming\Python\Python311\site-packages\django\db\backends\postgresql\operations.py first seen with mtime 1730363519.0883665
DEBUG 2025-01-13 22:49:58,694 autoreload File C:\Users\SIM\AppData\Roaming\Python\Python311\site-packages\django\templatetags\tz.py first seen with mtime 1730363519.4694476
DEBUG 2025-01-13 22:49:58,694 autoreload File C:\Users\SIM\AppData\Local\Programs\Python\Python311\Lib\site-packages\colorama\win32.py first seen with mtime 1686935914.822989
DEBUG 2025-01-13 22:49:58,694 autoreload File C:\Users\SIM\AppData\Roaming\Python\Python311\site-packages\django\views\__init__.py first seen with mtime 1730363519.5659022
DEBUG 2025-01-13 22:49:58,694 autoreload File C:\Users\SIM\AppData\Roaming\Python\Python311\site-packages\django\core\wsgi.py first seen with mtime 1730363518.8134735
DEBUG 2025-01-13 22:49:58,694 autoreload File C:\Users\SIM\AppData\Roaming\Python\Python311\site-packages\django\contrib\auth\backends.py first seen with mtime 1730363514.6352322
DEBUG 2025-01-13 22:49:58,694 autoreload File C:\Users\SIM\AppData\Roaming\Python\Python311\site-packages\django\db\transaction.py first seen with mtime 1730363519.008809
DEBUG 2025-01-13 22:49:58,694 autoreload File C:\Users\SIM\AppData\Local\Programs\Python\Python311\Lib\asyncio\trsock.py first seen with mtime 1686106818.0
DEBUG 2025-01-13 22:49:58,694 autoreload File C:\Users\SIM\AppData\Roaming\Python\Python311\site-packages\sqlparse\sql.py first seen with mtime 1730363510.8419755
DEBUG 2025-01-13 22:49:58,694 autoreload File C:\Users\SIM\AppData\Local\Programs\Python\Python311\Lib\asyncio\sslproto.py first seen with mtime 1686106818.0
DEBUG 2025-01-13 22:49:58,694 autoreload File C:\Users\SIM\AppData\Local\Programs\Python\Python311\Lib\random.py first seen with mtime 1686106818.0
DEBUG 2025-01-13 22:49:58,694 autoreload File C:\Users\SIM\AppData\Roaming\Python\Python311\site-packages\django\db\models\fields\generated.py first seen with mtime 1730363519.1787376
DEBUG 2025-01-13 22:49:58,694 autoreload File C:\Users\SIM\AppData\Roaming\Python\Python311\site-packages\django\core\files\storage\__init__.py first seen with mtime 1730363518.8861403
DEBUG 2025-01-13 22:49:58,694 autoreload File C:\Users\SIM\AppData\Local\Programs\Python\Python311\Lib\urllib\parse.py first seen with mtime 1686106818.0
DEBUG 2025-01-13 22:49:58,694 autoreload File C:\Users\SIM\Desktop\DJANGO\Proiect1\manage.py first seen with mtime 1730907575.2803433
DEBUG 2025-01-13 22:49:58,694 autoreload File C:\Users\SIM\AppData\Roaming\Python\Python311\site-packages\django\contrib\auth\models.py first seen with mtime 1730363514.6519113
DEBUG 2025-01-13 22:49:58,694 autoreload File C:\Users\SIM\AppData\Roaming\Python\Python311\site-packages\sqlparse\engine\grouping.py first seen with mtime 1730363510.851671
DEBUG 2025-01-13 22:49:58,694 autoreload File C:\Users\SIM\AppData\Local\Programs\Python\Python311\Lib\tokenize.py first seen with mtime 1686106818.0
DEBUG 2025-01-13 22:49:58,694 autoreload File C:\Users\SIM\AppData\Roaming\Python\Python311\site-packages\sqlparse\engine\__init__.py first seen with mtime 1730363510.8419755
DEBUG 2025-01-13 22:49:58,694 autoreload File C:\Users\SIM\AppData\Roaming\Python\Python311\site-packages\django\core\serializers\__init__.py first seen with mtime 1730363518.986077
DEBUG 2025-01-13 22:49:58,694 autoreload File C:\Users\SIM\AppData\Local\Programs\Python\Python311\Lib\site-packages\psycopg2\_psycopg.cp311-win_amd64.pyd first seen with mtime 1731581176.280461
DEBUG 2025-01-13 22:49:58,694 autoreload File C:\Users\SIM\AppData\Local\Programs\Python\Python311\Lib\reprlib.py first seen with mtime 1686106818.0
DEBUG 2025-01-13 22:49:58,694 autoreload File C:\Users\SIM\AppData\Roaming\Python\Python311\site-packages\django\template\backends\__init__.py first seen with mtime 1730363519.437286
DEBUG 2025-01-13 22:49:58,694 autoreload File C:\Users\SIM\AppData\Roaming\Python\Python311\site-packages\django\db\backends\base\operations.py first seen with mtime 1730363519.02519
DEBUG 2025-01-13 22:49:58,694 autoreload File C:\Users\SIM\AppData\Roaming\Python\Python311\site-packages\django\contrib\messages\apps.py first seen with mtime 1730363517.005663
DEBUG 2025-01-13 22:49:58,694 autoreload File C:\Users\SIM\AppData\Roaming\Python\Python311\site-packages\django\urls\converters.py first seen with mtime 1730363519.4856098
DEBUG 2025-01-13 22:49:58,694 autoreload File C:\Users\SIM\AppData\Local\Programs\Python\Python311\Lib\threading.py first seen with mtime 1686106818.0
DEBUG 2025-01-13 22:49:58,694 autoreload File C:\Users\SIM\AppData\Roaming\Python\Python311\site-packages\django\contrib\auth\middleware.py first seen with mtime 1730363514.6469238
DEBUG 2025-01-13 22:49:58,702 autoreload File C:\Users\SIM\AppData\Roaming\Python\Python311\site-packages\django\contrib\staticfiles\views.py first seen with mtime 1730363518.7855203
DEBUG 2025-01-13 22:49:58,702 autoreload File C:\Users\SIM\AppData\Roaming\Python\Python311\site-packages\django\forms\models.py first seen with mtime 1730363519.236009
DEBUG 2025-01-13 22:49:58,702 autoreload File C:\Users\SIM\AppData\Roaming\Python\Python311\site-packages\django\utils\hashable.py first seen with mtime 1730363519.518824
DEBUG 2025-01-13 22:49:58,702 autoreload File C:\Users\SIM\AppData\Local\Programs\Python\Python311\Lib\fnmatch.py first seen with mtime 1686106818.0
DEBUG 2025-01-13 22:49:58,702 autoreload File C:\Users\SIM\AppData\Local\Programs\Python\Python311\Lib\contextlib.py first seen with mtime 1686106818.0
DEBUG 2025-01-13 22:49:58,702 autoreload File C:\Users\SIM\AppData\Local\Programs\Python\Python311\Lib\ast.py first seen with mtime 1686106818.0
DEBUG 2025-01-13 22:49:58,702 autoreload File C:\Users\SIM\AppData\Roaming\Python\Python311\site-packages\django\contrib\__init__.py first seen with mtime 1730363512.6822865
DEBUG 2025-01-13 22:49:58,702 autoreload File C:\Users\SIM\AppData\Roaming\Python\Python311\site-packages\django\db\backends\postgresql\base.py first seen with mtime 1730363519.073951
DEBUG 2025-01-13 22:49:58,702 autoreload File C:\Users\SIM\AppData\Roaming\Python\Python311\site-packages\django\contrib\auth\forms.py first seen with mtime 1730363514.6469238
DEBUG 2025-01-13 22:49:58,702 autoreload File C:\Users\SIM\AppData\Roaming\Python\Python311\site-packages\django\contrib\auth\decorators.py first seen with mtime 1730363514.6418157
DEBUG 2025-01-13 22:49:58,702 autoreload File C:\Users\SIM\AppData\Local\Programs\Python\Python311\Lib\email\errors.py first seen with mtime 1686106818.0
DEBUG 2025-01-13 22:49:58,702 autoreload File C:\Users\SIM\AppData\Local\Programs\Python\Python311\Lib\email\feedparser.py first seen with mtime 1686106818.0
DEBUG 2025-01-13 22:49:58,702 autoreload File C:\Users\SIM\AppData\Local\Programs\Python\Python311\Lib\contextvars.py first seen with mtime 1686106818.0
DEBUG 2025-01-13 22:49:58,702 autoreload File C:\Users\SIM\AppData\Roaming\Python\Python311\site-packages\django\db\migrations\utils.py first seen with mtime 1730363519.1358416
DEBUG 2025-01-13 22:49:58,702 autoreload File C:\Users\SIM\AppData\Roaming\Python\Python311\site-packages\django\views\debug.py first seen with mtime 1730363519.5685668
DEBUG 2025-01-13 22:49:58,702 autoreload File C:\Users\SIM\AppData\Roaming\Python\Python311\site-packages\django\apps\__init__.py first seen with mtime 1730363511.86104
DEBUG 2025-01-13 22:49:58,702 autoreload File C:\Users\SIM\AppData\Local\Programs\Python\Python311\Lib\site-packages\psycopg2\errors.py first seen with mtime 1731581176.280461
DEBUG 2025-01-13 22:49:58,702 autoreload File C:\Users\SIM\AppData\Roaming\Python\Python311\site-packages\django\core\validators.py first seen with mtime 1730363518.8134735
DEBUG 2025-01-13 22:49:58,702 autoreload File C:\Users\SIM\AppData\Roaming\Python\Python311\site-packages\django\db\migrations\operations\__init__.py first seen with mtime 1730363519.1384592
DEBUG 2025-01-13 22:49:58,702 autoreload File C:\Users\SIM\AppData\Roaming\Python\Python311\site-packages\django\forms\forms.py first seen with mtime 1730363519.236009
DEBUG 2025-01-13 22:49:58,702 autoreload File C:\Users\SIM\AppData\Local\Programs\Python\Python311\Lib\logging\handlers.py first seen with mtime 1686106818.0
DEBUG 2025-01-13 22:49:58,702 autoreload File C:\Users\SIM\AppData\Local\Programs\Python\Python311\Lib\collections\__init__.py first seen with mtime 1686106818.0
DEBUG 2025-01-13 22:49:58,702 autoreload File C:\Users\SIM\AppData\Roaming\Python\Python311\site-packages\django\utils\lorem_ipsum.py first seen with mtime 1730363519.5421522
DEBUG 2025-01-13 22:49:58,702 autoreload File C:\Users\SIM\AppData\Roaming\Python\Python311\site-packages\django\contrib\sessions\base_session.py first seen with mtime 1730363517.753992
DEBUG 2025-01-13 22:49:58,702 autoreload File C:\Users\SIM\AppData\Roaming\Python\Python311\site-packages\django\contrib\contenttypes\management\__init__.py first seen with mtime 1730363515.649366
DEBUG 2025-01-13 22:49:58,702 autoreload File C:\Users\SIM\AppData\Roaming\Python\Python311\site-packages\django\core\files\__init__.py first seen with mtime 1730363518.8686414
DEBUG 2025-01-13 22:49:58,702 autoreload File C:\Users\SIM\Desktop\DJANGO\Proiect1\aplicatie\__init__.py first seen with mtime 1730938752.565714
DEBUG 2025-01-13 22:49:58,702 autoreload File C:\Users\SIM\AppData\Local\Programs\Python\Python311\Lib\hashlib.py first seen with mtime 1686106818.0
DEBUG 2025-01-13 22:49:58,702 autoreload File C:\Users\SIM\AppData\Roaming\Python\Python311\site-packages\django\db\backends\base\base.py first seen with mtime 1730363519.018852
DEBUG 2025-01-13 22:49:58,702 autoreload File C:\Users\SIM\AppData\Roaming\Python\Python311\site-packages\django\dispatch\__init__.py first seen with mtime 1730363519.2213213
DEBUG 2025-01-13 22:49:58,702 autoreload File C:\Users\SIM\AppData\Roaming\Python\Python311\site-packages\django\core\checks\translation.py first seen with mtime 1730363518.8527594
DEBUG 2025-01-13 22:49:58,702 autoreload File C:\Users\SIM\AppData\Roaming\Python\Python311\site-packages\django\core\cache\utils.py first seen with mtime 1730363518.8194945
DEBUG 2025-01-13 22:49:58,702 autoreload File C:\Users\SIM\AppData\Roaming\Python\Python311\site-packages\django\contrib\admin\views\autocomplete.py first seen with mtime 1730363514.00396
DEBUG 2025-01-13 22:49:58,702 autoreload File C:\Users\SIM\AppData\Local\Programs\Python\Python311\Lib\argparse.py first seen with mtime 1686106818.0
DEBUG 2025-01-13 22:49:58,702 autoreload File C:\Users\SIM\AppData\Local\Programs\Python\Python311\Lib\struct.py first seen with mtime 1686106818.0
DEBUG 2025-01-13 22:49:58,702 autoreload File C:\Users\SIM\AppData\Roaming\Python\Python311\site-packages\django\contrib\contenttypes\fields.py first seen with mtime 1730363515.2358246
DEBUG 2025-01-13 22:49:58,702 autoreload File C:\Users\SIM\AppData\Local\Programs\Python\Python311\Lib\warnings.py first seen with mtime 1686106818.0
DEBUG 2025-01-13 22:49:58,702 autoreload File C:\Users\SIM\AppData\Roaming\Python\Python311\site-packages\django\db\models\fields\__init__.py first seen with mtime 1730363519.1787376
DEBUG 2025-01-13 22:49:58,702 autoreload File C:\Users\SIM\AppData\Roaming\Python\Python311\site-packages\django\template\smartif.py first seen with mtime 1730363519.437286
DEBUG 2025-01-13 22:49:58,702 autoreload File C:\Users\SIM\AppData\Roaming\Python\Python311\site-packages\django\core\cache\backends\base.py first seen with mtime 1730363518.8194945
DEBUG 2025-01-13 22:49:58,702 autoreload File C:\Users\SIM\AppData\Roaming\Python\Python311\site-packages\django\core\handlers\wsgi.py first seen with mtime 1730363518.902088
DEBUG 2025-01-13 22:49:58,702 autoreload File C:\Users\SIM\AppData\Roaming\Python\Python311\site-packages\django\template\loaders\__init__.py first seen with mtime 1730363519.445303
DEBUG 2025-01-13 22:49:58,702 autoreload File C:\Users\SIM\AppData\Local\Programs\Python\Python311\Lib\ssl.py first seen with mtime 1686106818.0
DEBUG 2025-01-13 22:49:58,702 autoreload File C:\Users\SIM\AppData\Local\Programs\Python\Python311\Lib\typing.py first seen with mtime 1686106818.0
DEBUG 2025-01-13 22:49:58,702 autoreload File C:\Users\SIM\AppData\Local\Programs\Python\Python311\Lib\email\message.py first seen with mtime 1686106818.0
DEBUG 2025-01-13 22:49:58,702 autoreload File C:\Users\SIM\AppData\Local\Programs\Python\Python311\Lib\selectors.py first seen with mtime 1686106818.0
DEBUG 2025-01-13 22:49:58,702 autoreload File C:\Users\SIM\AppData\Local\Programs\Python\Python311\Lib\email\headerregistry.py first seen with mtime 1686106818.0
DEBUG 2025-01-13 22:49:58,702 autoreload File C:\Users\SIM\AppData\Roaming\Python\Python311\site-packages\django\contrib\contenttypes\checks.py first seen with mtime 1730363515.2296836
DEBUG 2025-01-13 22:49:58,702 autoreload File C:\Users\SIM\AppData\Roaming\Python\Python311\site-packages\django\db\models\functions\math.py first seen with mtime 1730363519.2030535
DEBUG 2025-01-13 22:49:58,702 autoreload File C:\Users\SIM\AppData\Roaming\Python\Python311\site-packages\django\db\backends\base\schema.py first seen with mtime 1730363519.02519
DEBUG 2025-01-13 22:49:58,702 autoreload File C:\Users\SIM\AppData\Roaming\Python\Python311\site-packages\django\forms\__init__.py first seen with mtime 1730363519.2213213
DEBUG 2025-01-13 22:49:58,702 autoreload File C:\Users\SIM\Desktop\DJANGO\Proiect1\aplicatie_exemplu\models.py first seen with mtime 1734456694.1404996
DEBUG 2025-01-13 22:49:58,702 autoreload File C:\Users\SIM\AppData\Roaming\Python\Python311\site-packages\django\core\checks\messages.py first seen with mtime 1730363518.8459451
DEBUG 2025-01-13 22:49:58,702 autoreload File C:\Users\SIM\AppData\Roaming\Python\Python311\site-packages\django\db\backends\postgresql\client.py first seen with mtime 1730363519.073951
DEBUG 2025-01-13 22:49:58,702 autoreload File C:\Users\SIM\AppData\Roaming\Python\Python311\site-packages\django\contrib\auth\hashers.py first seen with mtime 1730363514.6469238
DEBUG 2025-01-13 22:49:58,702 autoreload File C:\Users\SIM\AppData\Local\Programs\Python\Python311\Lib\site-packages\psycopg2\sql.py first seen with mtime 1731581176.2877078
DEBUG 2025-01-13 22:49:58,702 autoreload File C:\Users\SIM\AppData\Roaming\Python\Python311\site-packages\django\utils\decorators.py first seen with mtime 1730363519.5184324
DEBUG 2025-01-13 22:49:58,702 autoreload File C:\Users\SIM\AppData\Local\Programs\Python\Python311\Lib\platform.py first seen with mtime 1686106818.0
DEBUG 2025-01-13 22:49:58,702 autoreload File C:\Users\SIM\AppData\Roaming\Python\Python311\site-packages\django\core\checks\model_checks.py first seen with mtime 1730363518.8494656
DEBUG 2025-01-13 22:49:58,702 autoreload File C:\Users\SIM\AppData\Roaming\Python\Python311\site-packages\django\db\models\sql\subqueries.py first seen with mtime 1730363519.2213213
DEBUG 2025-01-13 22:49:58,702 autoreload File C:\Users\SIM\AppData\Local\Programs\Python\Python311\Lib\lzma.py first seen with mtime 1686106818.0
DEBUG 2025-01-13 22:49:58,702 autoreload File C:\Users\SIM\AppData\Local\Programs\Python\Python311\Lib\email\quoprimime.py first seen with mtime 1686106818.0
DEBUG 2025-01-13 22:49:58,702 autoreload File C:\Users\SIM\AppData\Local\Programs\Python\Python311\Lib\ipaddress.py first seen with mtime 1686106818.0
DEBUG 2025-01-13 22:49:58,702 autoreload File C:\Users\SIM\AppData\Roaming\Python\Python311\site-packages\django\utils\dateformat.py first seen with mtime 1730363519.5096915
DEBUG 2025-01-13 22:49:58,702 autoreload File C:\Users\SIM\AppData\Roaming\Python\Python311\site-packages\django\views\generic\__init__.py first seen with mtime 1730363519.5854342
DEBUG 2025-01-13 22:49:58,702 autoreload File C:\Users\SIM\AppData\Local\Programs\Python\Python311\Lib\sysconfig.py first seen with mtime 1686106818.0
DEBUG 2025-01-13 22:49:58,702 autoreload File C:\Users\SIM\AppData\Roaming\Python\Python311\site-packages\django\views\decorators\common.py first seen with mtime 1730363519.574051
DEBUG 2025-01-13 22:49:58,702 autoreload File C:\Users\SIM\AppData\Roaming\Python\Python311\site-packages\django\apps\registry.py first seen with mtime 1730363511.862605
DEBUG 2025-01-13 22:49:58,702 autoreload File C:\Users\SIM\AppData\Roaming\Python\Python311\site-packages\django\contrib\auth\password_validation.py first seen with mtime 1730363514.6519113
DEBUG 2025-01-13 22:49:58,702 autoreload File C:\Users\SIM\AppData\Roaming\Python\Python311\site-packages\django\utils\translation\trans_real.py first seen with mtime 1730363519.5518892
DEBUG 2025-01-13 22:49:58,702 autoreload File C:\Users\SIM\AppData\Local\Programs\Python\Python311\Lib\nturl2path.py first seen with mtime 1686106818.0
DEBUG 2025-01-13 22:49:58,702 autoreload File C:\Users\SIM\AppData\Roaming\Python\Python311\site-packages\django\template\__init__.py first seen with mtime 1730363519.412928
DEBUG 2025-01-13 22:49:58,702 autoreload File C:\Users\SIM\AppData\Roaming\Python\Python311\site-packages\django\contrib\messages\utils.py first seen with mtime 1730363517.0118935
DEBUG 2025-01-13 22:49:58,702 autoreload File C:\Users\SIM\AppData\Roaming\Python\Python311\site-packages\django\db\migrations\exceptions.py first seen with mtime 1730363519.1142695
DEBUG 2025-01-13 22:49:58,702 autoreload File C:\Users\SIM\AppData\Local\Programs\Python\Python311\Lib\email\__init__.py first seen with mtime 1686106818.0
DEBUG 2025-01-13 22:49:58,702 autoreload File C:\Users\SIM\AppData\Roaming\Python\Python311\site-packages\django\db\__init__.py first seen with mtime 1730363519.008809
DEBUG 2025-01-13 22:49:58,702 autoreload File C:\Users\SIM\AppData\Local\Programs\Python\Python311\Lib\subprocess.py first seen with mtime 1686106818.0
DEBUG 2025-01-13 22:49:58,702 autoreload File C:\Users\SIM\Desktop\DJANGO\Proiect1\aplicatie_exemplu\forms.py first seen with mtime 1736799755.31205
DEBUG 2025-01-13 22:49:58,702 autoreload File C:\Users\SIM\AppData\Local\Programs\Python\Python311\Lib\difflib.py first seen with mtime 1686106818.0
DEBUG 2025-01-13 22:49:58,702 autoreload File C:\Users\SIM\AppData\Local\Programs\Python\Python311\Lib\site-packages\psycopg2\__init__.py first seen with mtime 1731581176.263129
DEBUG 2025-01-13 22:49:58,702 autoreload File C:\Users\SIM\AppData\Roaming\Python\Python311\site-packages\django\middleware\security.py first seen with mtime 1730363519.412928
DEBUG 2025-01-13 22:49:58,702 autoreload File C:\Users\SIM\AppData\Roaming\Python\Python311\site-packages\django\utils\duration.py first seen with mtime 1730363519.518824
DEBUG 2025-01-13 22:49:58,702 autoreload File C:\Users\SIM\AppData\Roaming\Python\Python311\site-packages\sqlparse\keywords.py first seen with mtime 1730363510.8374615
DEBUG 2025-01-13 22:49:58,702 autoreload File C:\Users\SIM\AppData\Roaming\Python\Python311\site-packages\django\contrib\messages\storage\__init__.py first seen with mtime 1730363517.0174048
DEBUG 2025-01-13 22:49:58,702 autoreload File C:\Users\SIM\AppData\Local\Programs\Python\Python311\Lib\asyncio\windows_events.py first seen with mtime 1686106818.0
DEBUG 2025-01-13 22:49:58,702 autoreload File C:\Users\SIM\AppData\Roaming\Python\Python311\site-packages\django\utils\module_loading.py first seen with mtime 1730363519.5421522
DEBUG 2025-01-13 22:49:58,702 autoreload File C:\Users\SIM\AppData\Roaming\Python\Python311\site-packages\django\contrib\admin\utils.py first seen with mtime 1730363512.712351
DEBUG 2025-01-13 22:49:58,702 autoreload File C:\Users\SIM\AppData\Roaming\Python\Python311\site-packages\django\template\defaultfilters.py first seen with mtime 1730363519.4187372
DEBUG 2025-01-13 22:49:58,702 autoreload File C:\Users\SIM\AppData\Local\Programs\Python\Python311\Lib\string.py first seen with mtime 1686106818.0
DEBUG 2025-01-13 22:49:58,702 autoreload File C:\Users\SIM\AppData\Roaming\Python\Python311\site-packages\django\db\backends\postgresql\features.py first seen with mtime 1730363519.0819688
DEBUG 2025-01-13 22:49:58,702 autoreload File C:\Users\SIM\AppData\Roaming\Python\Python311\site-packages\django\views\i18n.py first seen with mtime 1730363519.5688384
DEBUG 2025-01-13 22:49:58,702 autoreload File C:\Users\SIM\AppData\Roaming\Python\Python311\site-packages\django\core\checks\templates.py first seen with mtime 1730363518.8527594
DEBUG 2025-01-13 22:49:58,702 autoreload File C:\Users\SIM\AppData\Roaming\Python\Python311\site-packages\django\contrib\admin\templatetags\admin_urls.py first seen with mtime 1730363514.0001662
DEBUG 2025-01-13 22:49:58,702 autoreload File C:\Users\SIM\AppData\Roaming\Python\Python311\site-packages\django\core\serializers\python.py first seen with mtime 1730363519.000327
DEBUG 2025-01-13 22:49:58,711 autoreload File C:\Users\SIM\AppData\Roaming\Python\Python311\site-packages\django\utils\timesince.py first seen with mtime 1730363519.5514941
DEBUG 2025-01-13 22:49:58,711 autoreload File C:\Users\SIM\AppData\Local\Programs\Python\Python311\Lib\asyncio\events.py first seen with mtime 1686106818.0
DEBUG 2025-01-13 22:49:58,711 autoreload File C:\Users\SIM\AppData\Local\Programs\Python\Python311\Lib\asyncio\taskgroups.py first seen with mtime 1686106818.0
DEBUG 2025-01-13 22:49:58,711 autoreload File C:\Users\SIM\AppData\Roaming\Python\Python311\site-packages\django\contrib\staticfiles\management\commands\runserver.py first seen with mtime 1730363518.7970405
DEBUG 2025-01-13 22:49:58,711 autoreload File C:\Users\SIM\AppData\Local\Programs\Python\Python311\Lib\asyncio\staggered.py first seen with mtime 1686106818.0
DEBUG 2025-01-13 22:49:58,711 autoreload File C:\Users\SIM\AppData\Local\Programs\Python\Python311\Lib\site-packages\colorama\initialise.py first seen with mtime 1686935914.822989
DEBUG 2025-01-13 22:49:58,711 autoreload File C:\Users\SIM\AppData\Roaming\Python\Python311\site-packages\django\contrib\sessions\exceptions.py first seen with mtime 1730363517.7646277
DEBUG 2025-01-13 22:49:58,711 autoreload File C:\Users\SIM\AppData\Roaming\Python\Python311\site-packages\django\views\decorators\debug.py first seen with mtime 1730363519.574051
DEBUG 2025-01-13 22:49:58,711 autoreload File C:\Users\SIM\AppData\Local\Programs\Python\Python311\Lib\encodings\aliases.py first seen with mtime 1686106818.0
DEBUG 2025-01-13 22:49:58,711 autoreload File C:\Users\SIM\AppData\Roaming\Python\Python311\site-packages\django\core\checks\__init__.py first seen with mtime 1730363518.8379147
DEBUG 2025-01-13 22:49:58,711 autoreload File C:\Users\SIM\AppData\Local\Programs\Python\Python311\Lib\importlib\_abc.py first seen with mtime 1686106818.0
DEBUG 2025-01-13 22:49:58,711 autoreload File C:\Users\SIM\AppData\Local\Programs\Python\Python311\Lib\bisect.py first seen with mtime 1686106818.0
DEBUG 2025-01-13 22:49:58,711 autoreload File C:\Users\SIM\AppData\Roaming\Python\Python311\site-packages\django\core\checks\security\__init__.py first seen with mtime 1730363518.8527594
DEBUG 2025-01-13 22:49:58,711 autoreload File C:\Users\SIM\AppData\Roaming\Python\Python311\site-packages\django\db\models\query.py first seen with mtime 1730363519.1707
DEBUG 2025-01-13 22:49:58,711 autoreload File C:\Users\SIM\AppData\Local\Programs\Python\Python311\Lib\site-packages\psycopg2\extras.py first seen with mtime 1731581176.280461
DEBUG 2025-01-13 22:49:58,711 autoreload File C:\Users\SIM\AppData\Roaming\Python\Python311\site-packages\django\contrib\admin\templatetags\__init__.py first seen with mtime 1730363513.9955804
DEBUG 2025-01-13 22:49:58,711 autoreload File C:\Users\SIM\AppData\Roaming\Python\Python311\site-packages\asgiref\local.py first seen with mtime 1730363511.5493543
DEBUG 2025-01-13 22:49:58,711 autoreload File C:\Users\SIM\AppData\Roaming\Python\Python311\site-packages\django\contrib\staticfiles\management\commands\__init__.py first seen with mtime 1730363518.7855203
DEBUG 2025-01-13 22:49:58,711 autoreload File C:\Users\SIM\AppData\Roaming\Python\Python311\site-packages\django\middleware\clickjacking.py first seen with mtime 1730363519.403794
DEBUG 2025-01-13 22:49:58,711 autoreload File C:\Users\SIM\AppData\Roaming\Python\Python311\site-packages\django\core\management\__init__.py first seen with mtime 1730363518.9188974
DEBUG 2025-01-13 22:49:58,711 autoreload File C:\Users\SIM\AppData\Roaming\Python\Python311\site-packages\django\contrib\auth\base_user.py first seen with mtime 1730363514.6352322
DEBUG 2025-01-13 22:49:58,711 autoreload File C:\Users\SIM\Desktop\DJANGO\Proiect1\aplicatie_exemplu\__init__.py first seen with mtime 1730907848.146318
DEBUG 2025-01-13 22:49:58,711 autoreload File C:\Users\SIM\AppData\Roaming\Python\Python311\site-packages\django\middleware\__init__.py first seen with mtime 1730363519.396641
DEBUG 2025-01-13 22:49:58,711 autoreload File C:\Users\SIM\AppData\Local\Programs\Python\Python311\Lib\site-packages\_distutils_hack\__init__.py first seen with mtime 1730365884.3330114
DEBUG 2025-01-13 22:49:58,711 autoreload File C:\Users\SIM\AppData\Local\Programs\Python\Python311\Lib\email\iterators.py first seen with mtime 1686106818.0
DEBUG 2025-01-13 22:49:58,711 autoreload File C:\Users\SIM\AppData\Local\Programs\Python\Python311\DLLs\_socket.pyd first seen with mtime 1686106894.0
DEBUG 2025-01-13 22:49:58,711 autoreload File C:\Users\SIM\AppData\Local\Programs\Python\Python311\Lib\encodings\cp1252.py first seen with mtime 1686106818.0
DEBUG 2025-01-13 22:49:58,711 autoreload File C:\Users\SIM\AppData\Roaming\Python\Python311\site-packages\django\contrib\admin\helpers.py first seen with mtime 1730363512.7032437
DEBUG 2025-01-13 22:49:58,711 autoreload File C:\Users\SIM\Desktop\DJANGO\Proiect1\aplicatie_exemplu\urls.py first seen with mtime 1736800779.3274324
DEBUG 2025-01-13 22:49:58,711 autoreload File C:\Users\SIM\AppData\Local\Programs\Python\Python311\Lib\site-packages\colorama\ansitowin32.py first seen with mtime 1686935914.822989
DEBUG 2025-01-13 22:49:58,711 autoreload File C:\Users\SIM\AppData\Roaming\Python\Python311\site-packages\django\template\loaders\app_directories.py first seen with mtime 1730363519.4523761
DEBUG 2025-01-13 22:49:58,711 autoreload File C:\Users\SIM\AppData\Roaming\Python\Python311\site-packages\django\middleware\common.py first seen with mtime 1730363519.4048178
DEBUG 2025-01-13 22:49:58,711 autoreload File C:\Users\SIM\AppData\Roaming\Python\Python311\site-packages\django\contrib\admin\widgets.py first seen with mtime 1730363512.7183719
DEBUG 2025-01-13 22:49:58,711 autoreload File C:\Users\SIM\AppData\Roaming\Python\Python311\site-packages\django\db\models\fields\related.py first seen with mtime 1730363519.1857815
DEBUG 2025-01-13 22:49:58,711 autoreload File C:\Users\SIM\AppData\Roaming\Python\Python311\site-packages\django\db\migrations\operations\models.py first seen with mtime 1730363519.1384592
DEBUG 2025-01-13 22:49:58,711 autoreload File C:\Users\SIM\AppData\Roaming\Python\Python311\site-packages\django\core\serializers\json.py first seen with mtime 1730363518.986077
DEBUG 2025-01-13 22:49:58,711 autoreload File C:\Users\SIM\AppData\Roaming\Python\Python311\site-packages\django\utils\timezone.py first seen with mtime 1730363519.5518892
DEBUG 2025-01-13 22:49:58,711 autoreload File C:\Users\SIM\AppData\Roaming\Python\Python311\site-packages\django\db\models\options.py first seen with mtime 1730363519.1691873
DEBUG 2025-01-13 22:49:58,711 autoreload File C:\Users\SIM\AppData\Local\Programs\Python\Python311\Lib\locale.py first seen with mtime 1686106818.0
DEBUG 2025-01-13 22:49:58,711 autoreload File C:\Users\SIM\AppData\Roaming\Python\Python311\site-packages\django\core\mail\message.py first seen with mtime 1730363518.9103847
DEBUG 2025-01-13 22:49:58,711 autoreload File C:\Users\SIM\AppData\Local\Programs\Python\Python311\Lib\email\header.py first seen with mtime 1686106818.0
DEBUG 2025-01-13 22:49:58,711 autoreload File C:\Users\SIM\AppData\Local\Programs\Python\Python311\Lib\json\__init__.py first seen with mtime 1686106818.0
DEBUG 2025-01-13 22:49:58,711 autoreload File C:\Users\SIM\AppData\Local\Programs\Python\Python311\Lib\hmac.py first seen with mtime 1686106818.0
DEBUG 2025-01-13 22:49:58,711 autoreload File C:\Users\SIM\AppData\Roaming\Python\Python311\site-packages\django\db\models\lookups.py first seen with mtime 1730363519.16236
DEBUG 2025-01-13 22:49:58,711 autoreload File C:\Users\SIM\AppData\Roaming\Python\Python311\site-packages\sqlparse\lexer.py first seen with mtime 1730363510.8374615
DEBUG 2025-01-13 22:49:58,711 autoreload File C:\Users\SIM\AppData\Roaming\Python\Python311\site-packages\django\contrib\auth\apps.py first seen with mtime 1730363514.6305225
DEBUG 2025-01-13 22:49:58,711 autoreload File C:\Users\SIM\AppData\Roaming\Python\Python311\site-packages\django\db\backends\utils.py first seen with mtime 1730363519.0159185
DEBUG 2025-01-13 22:49:58,711 autoreload File C:\Users\SIM\AppData\Roaming\Python\Python311\site-packages\sqlparse\formatter.py first seen with mtime 1730363510.8357532
DEBUG 2025-01-13 22:49:58,711 autoreload File C:\Users\SIM\AppData\Roaming\Python\Python311\site-packages\django\utils\autoreload.py first seen with mtime 1730363519.5025089
DEBUG 2025-01-13 22:49:58,711 autoreload File C:\Users\SIM\AppData\Roaming\Python\Python311\site-packages\django\db\models\expressions.py first seen with mtime 1730363519.16236
DEBUG 2025-01-13 22:49:58,711 autoreload File C:\Users\SIM\AppData\Local\Programs\Python\Python311\Lib\mimetypes.py first seen with mtime 1686106818.0
DEBUG 2025-01-13 22:49:58,711 autoreload File C:\Users\SIM\AppData\Roaming\Python\Python311\site-packages\django\template\engine.py first seen with mtime 1730363519.428758
DEBUG 2025-01-13 22:49:58,711 autoreload File C:\Users\SIM\AppData\Roaming\Python\Python311\site-packages\django\utils\translation\__init__.py first seen with mtime 1730363519.5518892
DEBUG 2025-01-13 22:49:58,711 autoreload File C:\Users\SIM\AppData\Roaming\Python\Python311\site-packages\django\contrib\staticfiles\management\__init__.py first seen with mtime 1730363518.7855203
DEBUG 2025-01-13 22:49:58,711 autoreload File C:\Users\SIM\AppData\Roaming\Python\Python311\site-packages\django\core\mail\utils.py first seen with mtime 1730363518.913383
DEBUG 2025-01-13 22:49:58,711 autoreload File C:\Users\SIM\AppData\Roaming\Python\Python311\site-packages\django\templatetags\static.py first seen with mtime 1730363519.4684384
DEBUG 2025-01-13 22:49:58,711 autoreload File C:\Users\SIM\AppData\Roaming\Python\Python311\site-packages\django\core\files\storage\base.py first seen with mtime 1730363518.8861403
DEBUG 2025-01-13 22:49:58,711 autoreload File C:\Users\SIM\AppData\Roaming\Python\Python311\site-packages\django\core\management\color.py first seen with mtime 1730363518.9344106
DEBUG 2025-01-13 22:49:58,711 autoreload File C:\Users\SIM\AppData\Local\Programs\Python\Python311\Lib\html\__init__.py first seen with mtime 1686106818.0
DEBUG 2025-01-13 22:49:58,711 autoreload File C:\Users\SIM\AppData\Local\Programs\Python\Python311\Lib\asyncio\mixins.py first seen with mtime 1686106818.0
DEBUG 2025-01-13 22:49:58,711 autoreload File C:\Users\SIM\AppData\Local\Programs\Python\Python311\Lib\ctypes\wintypes.py first seen with mtime 1686106818.0
DEBUG 2025-01-13 22:49:58,711 autoreload File C:\Users\SIM\AppData\Roaming\Python\Python311\site-packages\django\contrib\admin\exceptions.py first seen with mtime 1730363512.6959162
DEBUG 2025-01-13 22:49:58,711 autoreload File C:\Users\SIM\AppData\Roaming\Python\Python311\site-packages\django\contrib\sessions\models.py first seen with mtime 1730363517.768443
DEBUG 2025-01-13 22:49:58,711 autoreload File C:\Users\SIM\AppData\Roaming\Python\Python311\site-packages\django\middleware\cache.py first seen with mtime 1730363519.4017735
DEBUG 2025-01-13 22:49:58,711 autoreload File C:\Users\SIM\AppData\Local\Programs\Python\Python311\Lib\bz2.py first seen with mtime 1686106818.0
DEBUG 2025-01-13 22:49:58,711 autoreload File C:\Users\SIM\AppData\Roaming\Python\Python311\site-packages\django\utils\regex_helper.py first seen with mtime 1730363519.5421522
DEBUG 2025-01-13 22:49:58,711 autoreload File C:\Users\SIM\AppData\Roaming\Python\Python311\site-packages\django\utils\ipv6.py first seen with mtime 1730363519.5351002
DEBUG 2025-01-13 22:49:58,711 autoreload File C:\Users\SIM\AppData\Local\Programs\Python\Python311\DLLs\_decimal.pyd first seen with mtime 1686106894.0
DEBUG 2025-01-13 22:49:58,711 autoreload File C:\Users\SIM\AppData\Roaming\Python\Python311\site-packages\django\core\checks\registry.py first seen with mtime 1730363518.8494656
DEBUG 2025-01-13 22:49:58,711 autoreload File C:\Users\SIM\AppData\Roaming\Python\Python311\site-packages\django\db\models\aggregates.py first seen with mtime 1730363519.1506968
DEBUG 2025-01-13 22:49:58,711 autoreload File C:\Users\SIM\AppData\Roaming\Python\Python311\site-packages\django\core\cache\backends\filebased.py first seen with mtime 1730363518.8295124
DEBUG 2025-01-13 22:49:58,711 autoreload File C:\Users\SIM\AppData\Roaming\Python\Python311\site-packages\django\utils\dates.py first seen with mtime 1730363519.5096915
DEBUG 2025-01-13 22:49:58,711 autoreload File C:\Users\SIM\AppData\Roaming\Python\Python311\site-packages\django\forms\formsets.py first seen with mtime 1730363519.236009
DEBUG 2025-01-13 22:49:58,711 autoreload File C:\Users\SIM\AppData\Local\Programs\Python\Python311\Lib\logging\__init__.py first seen with mtime 1686106818.0
DEBUG 2025-01-13 22:49:58,711 autoreload File C:\Users\SIM\AppData\Roaming\Python\Python311\site-packages\django\db\models\fields\proxy.py first seen with mtime 1730363519.1857815
DEBUG 2025-01-13 22:49:58,711 autoreload File C:\Users\SIM\AppData\Roaming\Python\Python311\site-packages\django\contrib\sessions\middleware.py first seen with mtime 1730363517.7646277
DEBUG 2025-01-13 22:49:58,711 autoreload File C:\Users\SIM\AppData\Local\Programs\Python\Python311\Lib\datetime.py first seen with mtime 1686106818.0
DEBUG 2025-01-13 22:49:58,711 autoreload File C:\Users\SIM\AppData\Local\Programs\Python\Python311\Lib\http\cookies.py first seen with mtime 1686106818.0
DEBUG 2025-01-13 22:49:58,711 autoreload File C:\Users\SIM\AppData\Roaming\Python\Python311\site-packages\django\template\library.py first seen with mtime 1730363519.428758
DEBUG 2025-01-13 22:49:58,711 autoreload File C:\Users\SIM\AppData\Roaming\Python\Python311\site-packages\django\contrib\contenttypes\models.py first seen with mtime 1730363515.2378173
DEBUG 2025-01-13 22:49:58,711 autoreload File C:\Users\SIM\AppData\Roaming\Python\Python311\site-packages\django\template\loaders\cached.py first seen with mtime 1730363519.4523761
DEBUG 2025-01-13 22:49:58,711 autoreload File C:\Users\SIM\AppData\Local\Programs\Python\Python311\Lib\signal.py first seen with mtime 1686106818.0
DEBUG 2025-01-13 22:49:58,718 autoreload File C:\Users\SIM\AppData\Roaming\Python\Python311\site-packages\sqlparse\utils.py first seen with mtime 1730363510.8419755
DEBUG 2025-01-13 22:49:58,718 autoreload File C:\Users\SIM\AppData\Local\Programs\Python\Python311\DLLs\_hashlib.pyd first seen with mtime 1686106894.0
DEBUG 2025-01-13 22:49:58,718 autoreload File C:\Users\SIM\AppData\Roaming\Python\Python311\site-packages\django\db\models\fields\json.py first seen with mtime 1730363519.1787376
DEBUG 2025-01-13 22:49:58,718 autoreload File C:\Users\SIM\AppData\Roaming\Python\Python311\site-packages\django\db\models\manager.py first seen with mtime 1730363519.16236
DEBUG 2025-01-13 22:49:58,718 autoreload File C:\Users\SIM\AppData\Roaming\Python\Python311\site-packages\django\db\models\fields\reverse_related.py first seen with mtime 1730363519.1947956
DEBUG 2025-01-13 22:49:58,718 autoreload File C:\Users\SIM\Desktop\DJANGO\Proiect1\aplicatie\views.py first seen with mtime 1731591248.9291372
DEBUG 2025-01-13 22:49:58,718 autoreload File C:\Users\SIM\AppData\Local\Programs\Python\Python311\Lib\wsgiref\simple_server.py first seen with mtime 1686106818.0
DEBUG 2025-01-13 22:49:58,718 autoreload File C:\Users\SIM\AppData\Local\Programs\Python\Python311\Lib\asyncio\coroutines.py first seen with mtime 1686106818.0
DEBUG 2025-01-13 22:49:58,718 autoreload File C:\Users\SIM\AppData\Local\Programs\Python\Python311\Lib\urllib\__init__.py first seen with mtime 1686106818.0
DEBUG 2025-01-13 22:49:58,718 autoreload File C:\Users\SIM\AppData\Local\Programs\Python\Python311\Lib\http\server.py first seen with mtime 1686106818.0
DEBUG 2025-01-13 22:49:58,718 autoreload File C:\Users\SIM\AppData\Local\Programs\Python\Python311\Lib\concurrent\futures\thread.py first seen with mtime 1686106818.0
DEBUG 2025-01-13 22:49:58,718 autoreload File C:\Users\SIM\AppData\Roaming\Python\Python311\site-packages\django\http\__init__.py first seen with mtime 1730363519.3856273
DEBUG 2025-01-13 22:49:58,718 autoreload File C:\Users\SIM\AppData\Local\Programs\Python\Python311\Lib\asyncio\base_subprocess.py first seen with mtime 1686106818.0
DEBUG 2025-01-13 22:49:58,718 autoreload File C:\Users\SIM\AppData\Roaming\Python\Python311\site-packages\django\core\checks\database.py first seen with mtime 1730363518.8379147
DEBUG 2025-01-13 22:49:58,718 autoreload File C:\Users\SIM\AppData\Roaming\Python\Python311\site-packages\django\contrib\staticfiles\utils.py first seen with mtime 1730363518.7855203
DEBUG 2025-01-13 22:49:58,718 autoreload File C:\Users\SIM\AppData\Roaming\Python\Python311\site-packages\django\db\backends\postgresql\__init__.py first seen with mtime 1730363519.073951
DEBUG 2025-01-13 22:49:58,718 autoreload File C:\Users\SIM\AppData\Roaming\Python\Python311\site-packages\django\contrib\auth\views.py first seen with mtime 1730363514.662934
DEBUG 2025-01-13 22:49:58,718 autoreload File C:\Users\SIM\AppData\Roaming\Python\Python311\site-packages\django\core\handlers\__init__.py first seen with mtime 1730363518.8993983
DEBUG 2025-01-13 22:49:58,718 autoreload File C:\Users\SIM\AppData\Roaming\Python\Python311\site-packages\django\db\migrations\__init__.py first seen with mtime 1730363519.1061597
DEBUG 2025-01-13 22:49:58,718 autoreload File C:\Users\SIM\AppData\Roaming\Python\Python311\site-packages\django\utils\html.py first seen with mtime 1730363519.518824
DEBUG 2025-01-13 22:49:58,718 autoreload File C:\Users\SIM\AppData\Roaming\Python\Python311\site-packages\django\contrib\admin\views\__init__.py first seen with mtime 1730363514.00396
DEBUG 2025-01-13 22:49:58,718 autoreload File C:\Users\SIM\AppData\Local\Programs\Python\Python311\Lib\asyncio\timeouts.py first seen with mtime 1686106818.0
DEBUG 2025-01-13 22:49:58,718 autoreload File C:\Users\SIM\AppData\Local\Programs\Python\Python311\Lib\re\_parser.py first seen with mtime 1686106818.0
DEBUG 2025-01-13 22:49:58,718 autoreload File C:\Users\SIM\AppData\Local\Programs\Python\Python311\Lib\asyncio\locks.py first seen with mtime 1686106818.0
DEBUG 2025-01-13 22:49:58,718 autoreload File C:\Users\SIM\AppData\Local\Programs\Python\Python311\Lib\email\parser.py first seen with mtime 1686106818.0
DEBUG 2025-01-13 22:49:58,718 autoreload File C:\Users\SIM\AppData\Local\Programs\Python\Python311\Lib\shutil.py first seen with mtime 1686106818.0
DEBUG 2025-01-13 22:49:58,718 autoreload File C:\Users\SIM\AppData\Roaming\Python\Python311\site-packages\django\contrib\contenttypes\forms.py first seen with mtime 1730363515.2378173
DEBUG 2025-01-13 22:49:58,718 autoreload File C:\Users\SIM\Desktop\DJANGO\Proiect1\aplicatie\urls.py first seen with mtime 1731590821.3337376
DEBUG 2025-01-13 22:49:58,718 autoreload File C:\Users\SIM\Desktop\DJANGO\Proiect1\aplicatie\templates\operatii.html first seen with mtime 1731591295.788468
DEBUG 2025-01-13 22:49:58,718 autoreload File C:\Users\SIM\Desktop\DJANGO\Proiect1\aplicatie_exemplu\templates\adaugare_pizza.html first seen with mtime 1733405406.4156568
DEBUG 2025-01-13 22:49:58,718 autoreload File C:\Users\SIM\Desktop\DJANGO\Proiect1\aplicatie_exemplu\templates\adauga_promotie.html first seen with mtime 1734456694.1470876
DEBUG 2025-01-13 22:49:58,718 autoreload File C:\Users\SIM\Desktop\DJANGO\Proiect1\aplicatie_exemplu\templates\articole.html first seen with mtime 1732145058.6291988
DEBUG 2025-01-13 22:49:58,718 autoreload File C:\Users\SIM\Desktop\DJANGO\Proiect1\aplicatie_exemplu\templates\confirmare_email.html first seen with mtime 1734452863.3257353
DEBUG 2025-01-13 22:49:58,718 autoreload File C:\Users\SIM\Desktop\DJANGO\Proiect1\aplicatie_exemplu\templates\contact.html first seen with mtime 1733402852.2961094
DEBUG 2025-01-13 22:49:58,718 autoreload File C:\Users\SIM\Desktop\DJANGO\Proiect1\aplicatie_exemplu\templates\detalii_pizza.html first seen with mtime 1734458480.7238045
DEBUG 2025-01-13 22:49:58,718 autoreload File C:\Users\SIM\Desktop\DJANGO\Proiect1\aplicatie_exemplu\templates\email_promotie_meniu_seara.txt first seen with mtime 1736791277.0101433
DEBUG 2025-01-13 22:49:58,718 autoreload File C:\Users\SIM\Desktop\DJANGO\Proiect1\aplicatie_exemplu\templates\email_promotie_meniu_zi.txt first seen with mtime 1736790103.468267
DEBUG 2025-01-13 22:49:58,718 autoreload File C:\Users\SIM\Desktop\DJANGO\Proiect1\aplicatie_exemplu\templates\email_template.html first seen with mtime 1734453007.0543363
DEBUG 2025-01-13 22:49:58,718 autoreload File C:\Users\SIM\Desktop\DJANGO\Proiect1\aplicatie_exemplu\templates\inregistrare.html first seen with mtime 1734015717.9268386
DEBUG 2025-01-13 22:49:58,718 autoreload File C:\Users\SIM\Desktop\DJANGO\Proiect1\aplicatie_exemplu\templates\lista_promotii.html first seen with mtime 1734456694.2244902
DEBUG 2025-01-13 22:49:58,718 autoreload File C:\Users\SIM\Desktop\DJANGO\Proiect1\aplicatie_exemplu\templates\login.html first seen with mtime 1733880649.4997177
DEBUG 2025-01-13 22:49:58,718 autoreload File C:\Users\SIM\Desktop\DJANGO\Proiect1\aplicatie_exemplu\templates\mesaj_trimis.html first seen with mtime 1733403385.7844315
DEBUG 2025-01-13 22:49:58,718 autoreload File C:\Users\SIM\Desktop\DJANGO\Proiect1\aplicatie_exemplu\templates\password_change.html first seen with mtime 1734016886.585492
DEBUG 2025-01-13 22:49:58,718 autoreload File C:\Users\SIM\Desktop\DJANGO\Proiect1\aplicatie_exemplu\templates\password_change_done.html first seen with mtime 1734017321.539737
DEBUG 2025-01-13 22:49:58,718 autoreload File C:\Users\SIM\Desktop\DJANGO\Proiect1\aplicatie_exemplu\templates\pizzas.html first seen with mtime 1734458567.7909873
DEBUG 2025-01-13 22:49:58,718 autoreload File C:\Users\SIM\Desktop\DJANGO\Proiect1\aplicatie_exemplu\templates\prajituri.html first seen with mtime 1733249306.3769193
DEBUG 2025-01-13 22:49:58,718 autoreload File C:\Users\SIM\Desktop\DJANGO\Proiect1\aplicatie_exemplu\templates\profile.html first seen with mtime 1734016886.5941782
DEBUG 2025-01-13 22:49:59,836 autoreload File C:\Users\SIM\AppData\Roaming\Python\Python311\site-packages\django\contrib\auth\migrations\__init__.py first seen with mtime 1730363515.2186658
DEBUG 2025-01-13 22:49:59,836 autoreload File C:\Users\SIM\AppData\Roaming\Python\Python311\site-packages\django\contrib\admin\migrations\0001_initial.py first seen with mtime 1730363513.645662
DEBUG 2025-01-13 22:49:59,844 autoreload File C:\Users\SIM\AppData\Roaming\Python\Python311\site-packages\django\contrib\admin\migrations\__init__.py first seen with mtime 1730363513.652066
DEBUG 2025-01-13 22:49:59,844 autoreload File C:\Users\SIM\AppData\Roaming\Python\Python311\site-packages\django\contrib\auth\migrations\0002_alter_permission_name_max_length.py first seen with mtime 1730363515.2019997
DEBUG 2025-01-13 22:49:59,844 autoreload File C:\Users\SIM\AppData\Roaming\Python\Python311\site-packages\django\contrib\auth\migrations\0010_alter_group_name_max_length.py first seen with mtime 1730363515.2135768
DEBUG 2025-01-13 22:49:59,844 autoreload File C:\Users\SIM\AppData\Roaming\Python\Python311\site-packages\django\views\csrf.py first seen with mtime 1730363519.5659022
DEBUG 2025-01-13 22:49:59,844 autoreload File C:\Users\SIM\AppData\Roaming\Python\Python311\site-packages\django\contrib\auth\migrations\0008_alter_user_username_max_length.py first seen with mtime 1730363515.2055457
DEBUG 2025-01-13 22:49:59,844 autoreload File C:\Users\SIM\AppData\Roaming\Python\Python311\site-packages\django\db\migrations\executor.py first seen with mtime 1730363519.1192303
DEBUG 2025-01-13 22:49:59,844 autoreload File C:\Users\SIM\AppData\Roaming\Python\Python311\site-packages\django\contrib\admin\migrations\0003_logentry_add_action_flag_choices.py first seen with mtime 1730363513.652066
DEBUG 2025-01-13 22:49:59,844 autoreload File C:\Users\SIM\AppData\Roaming\Python\Python311\site-packages\django\contrib\auth\migrations\0011_update_proxy_permissions.py first seen with mtime 1730363515.2135768
DEBUG 2025-01-13 22:49:59,844 autoreload File C:\Users\SIM\AppData\Roaming\Python\Python311\site-packages\django\contrib\sessions\migrations\0001_initial.py first seen with mtime 1730363518.3192728
DEBUG 2025-01-13 22:49:59,844 autoreload File C:\Users\SIM\AppData\Roaming\Python\Python311\site-packages\django\contrib\sessions\backends\db.py first seen with mtime 1730363517.772861
DEBUG 2025-01-13 22:49:59,844 autoreload File C:\Users\SIM\AppData\Local\Programs\Python\Python311\Lib\stringprep.py first seen with mtime 1686106818.0
DEBUG 2025-01-13 22:49:59,844 autoreload File C:\Users\SIM\AppData\Local\Programs\Python\Python311\Lib\site-packages\PIL\_util.py first seen with mtime 1713199322.0304856
DEBUG 2025-01-13 22:49:59,844 autoreload File C:\Users\SIM\AppData\Roaming\Python\Python311\site-packages\django\contrib\sessions\migrations\__init__.py first seen with mtime 1730363518.3192728
DEBUG 2025-01-13 22:49:59,844 autoreload File C:\Users\SIM\AppData\Roaming\Python\Python311\site-packages\django\contrib\contenttypes\migrations\0001_initial.py first seen with mtime 1730363515.6521795
DEBUG 2025-01-13 22:49:59,844 autoreload File C:\Users\SIM\AppData\Roaming\Python\Python311\site-packages\django\db\models\sql\compiler.py first seen with mtime 1730363519.2111301
DEBUG 2025-01-13 22:49:59,844 autoreload File C:\Users\SIM\Desktop\DJANGO\Proiect1\aplicatie_exemplu\migrations\0001_initial.py first seen with mtime 1733881962.020991
DEBUG 2025-01-13 22:49:59,844 autoreload File C:\Users\SIM\AppData\Roaming\Python\Python311\site-packages\django\contrib\contenttypes\migrations\__init__.py first seen with mtime 1730363515.6521795
DEBUG 2025-01-13 22:49:59,844 autoreload File C:\Users\SIM\Desktop\DJANGO\Proiect1\aplicatie_exemplu\migrations\0004_customuser_adresa_customuser_data_nasterii_and_more.py first seen with mtime 1734016340.0623882
DEBUG 2025-01-13 22:49:59,844 autoreload File C:\Users\SIM\Desktop\DJANGO\Proiect1\aplicatie_exemplu\migrations\__init__.py first seen with mtime 1732801320.7642558
DEBUG 2025-01-13 22:49:59,844 autoreload File C:\Users\SIM\AppData\Roaming\Python\Python311\site-packages\django\db\migrations\loader.py first seen with mtime 1730363519.1217487
DEBUG 2025-01-13 22:49:59,844 autoreload File C:\Users\SIM\AppData\Roaming\Python\Python311\site-packages\django\contrib\admin\migrations\0002_logentry_remove_auto_add.py first seen with mtime 1730363513.652066
DEBUG 2025-01-13 22:49:59,844 autoreload File C:\Users\SIM\AppData\Roaming\Python\Python311\site-packages\django\db\migrations\graph.py first seen with mtime 1730363519.1217487
DEBUG 2025-01-13 22:49:59,844 autoreload File C:\Users\SIM\AppData\Roaming\Python\Python311\site-packages\django\contrib\auth\migrations\0009_alter_user_last_name_max_length.py first seen with mtime 1730363515.2135768
DEBUG 2025-01-13 22:49:59,844 autoreload File C:\Users\SIM\Desktop\DJANGO\Proiect1\aplicatie_exemplu\migrations\0006_promotie_vizualizari.py first seen with mtime 1734456698.5619638
DEBUG 2025-01-13 22:49:59,844 autoreload File C:\Users\SIM\AppData\Roaming\Python\Python311\site-packages\django\core\cache\backends\locmem.py first seen with mtime 1730363518.8295124
DEBUG 2025-01-13 22:49:59,844 autoreload File C:\Users\SIM\AppData\Roaming\Python\Python311\site-packages\django\contrib\auth\migrations\0012_alter_user_first_name_max_length.py first seen with mtime 1730363515.2186658
DEBUG 2025-01-13 22:49:59,844 autoreload File C:\Users\SIM\AppData\Roaming\Python\Python311\site-packages\django\contrib\contenttypes\migrations\0002_remove_content_type_name.py first seen with mtime 1730363515.6521795
DEBUG 2025-01-13 22:49:59,852 autoreload File C:\Users\SIM\AppData\Local\Programs\Python\Python311\Lib\site-packages\PIL\_imaging.cp311-win_amd64.pyd first seen with mtime 1713199321.964252
DEBUG 2025-01-13 22:49:59,852 autoreload File C:\Users\SIM\Desktop\DJANGO\Proiect1\aplicatie_exemplu\migrations\0003_remove_customuser_test_field.py first seen with mtime 1733883270.4782133
DEBUG 2025-01-13 22:49:59,852 autoreload File C:\Users\SIM\Desktop\DJANGO\Proiect1\aplicatie_exemplu\migrations\0002_customuser_test_field.py first seen with mtime 1733882372.8594377
DEBUG 2025-01-13 22:49:59,852 autoreload File C:\Users\SIM\Desktop\DJANGO\Proiect1\Proiect1\wsgi.py first seen with mtime 1730907575.288558
DEBUG 2025-01-13 22:49:59,852 autoreload File C:\Users\SIM\Desktop\DJANGO\Proiect1\aplicatie_exemplu\migrations\0005_customuser_cod_customuser_email_confirmat.py first seen with mtime 1734452382.3271067
DEBUG 2025-01-13 22:49:59,852 autoreload File C:\Users\SIM\AppData\Roaming\Python\Python311\site-packages\django\db\migrations\recorder.py first seen with mtime 1730363519.1302652
DEBUG 2025-01-13 22:49:59,852 autoreload File C:\Users\SIM\AppData\Roaming\Python\Python311\site-packages\django\conf\urls\__init__.py first seen with mtime 1730363512.6716802
DEBUG 2025-01-13 22:49:59,852 autoreload File C:\Users\SIM\AppData\Roaming\Python\Python311\site-packages\django\contrib\auth\migrations\0006_require_contenttypes_0002.py first seen with mtime 1730363515.2055457
DEBUG 2025-01-13 22:49:59,852 autoreload File C:\Users\SIM\AppData\Roaming\Python\Python311\site-packages\django\contrib\auth\migrations\0004_alter_user_username_opts.py first seen with mtime 1730363515.2035208
DEBUG 2025-01-13 22:49:59,852 autoreload File C:\Users\SIM\AppData\Roaming\Python\Python311\site-packages\django\contrib\auth\migrations\0005_alter_user_last_login_null.py first seen with mtime 1730363515.2055457
DEBUG 2025-01-13 22:49:59,852 autoreload File C:\Users\SIM\AppData\Local\Programs\Python\Python311\Lib\site-packages\PIL\_binary.py first seen with mtime 1713199321.9274669
DEBUG 2025-01-13 22:49:59,852 autoreload File C:\Users\SIM\AppData\Roaming\Python\Python311\site-packages\django\views\defaults.py first seen with mtime 1730363519.5688384
DEBUG 2025-01-13 22:49:59,852 autoreload File C:\Users\SIM\AppData\Local\Programs\Python\Python311\Lib\encodings\idna.py first seen with mtime 1686106818.0
DEBUG 2025-01-13 22:49:59,852 autoreload File C:\Users\SIM\AppData\Local\Programs\Python\Python311\Lib\site-packages\PIL\_typing.py first seen with mtime 1713199322.0304856
DEBUG 2025-01-13 22:49:59,852 autoreload File C:\Users\SIM\AppData\Roaming\Python\Python311\site-packages\django\contrib\auth\migrations\0003_alter_user_email_max_length.py first seen with mtime 1730363515.2026243
DEBUG 2025-01-13 22:49:59,852 autoreload File C:\Users\SIM\AppData\Roaming\Python\Python311\site-packages\django\contrib\auth\migrations\0007_alter_validators_add_error_messages.py first seen with mtime 1730363515.2055457
DEBUG 2025-01-13 22:49:59,852 autoreload File C:\Users\SIM\AppData\Roaming\Python\Python311\site-packages\django\contrib\auth\migrations\0001_initial.py first seen with mtime 1730363515.1973174
DEBUG 2025-01-13 22:50:03,759 utils (0.015) SELECT COUNT(*) AS "__count" FROM "aplicatie_exemplu_pizza"; args=(); alias=default
DEBUG 2025-01-13 22:50:03,775 utils (0.000) DECLARE "_django_curs_20420_sync_1" NO SCROLL CURSOR WITH HOLD FOR SELECT "aplicatie_exemplu_meniu"."id", "aplicatie_exemplu_meniu"."nume", "aplicatie_exemplu_meniu"."descriere", "aplicatie_exemplu_meniu"."data_creare" FROM "aplicatie_exemplu_meniu"; args=(); alias=default
DEBUG 2025-01-13 22:50:03,783 utils (0.000) SELECT "aplicatie_exemplu_pizza"."id", "aplicatie_exemplu_pizza"."nume", "aplicatie_exemplu_pizza"."descriere", "aplicatie_exemplu_pizza"."pret", "aplicatie_exemplu_pizza"."gramaj", "aplicatie_exemplu_pizza"."meniu_id", "aplicatie_exemplu_pizza"."ambalaj_id" FROM "aplicatie_exemplu_pizza" LIMIT 5; args=(); alias=default
INFO 2025-01-13 22:50:03,799 basehttp "GET /aplicatie_exemplu/lista_pizze/ HTTP/1.1" 200 4031
DEBUG 2025-01-13 22:50:04,044 autoreload File C:\Users\SIM\AppData\Roaming\Python\Python311\site-packages\django\contrib\auth\context_processors.py first seen with mtime 1730363514.6418157
DEBUG 2025-01-13 22:50:04,044 autoreload File C:\Users\SIM\AppData\Roaming\Python\Python311\site-packages\django\contrib\messages\storage\fallback.py first seen with mtime 1730363517.021073
DEBUG 2025-01-13 22:50:04,044 autoreload File C:\Users\SIM\AppData\Roaming\Python\Python311\site-packages\django\template\context_processors.py first seen with mtime 1730363519.4187372
DEBUG 2025-01-13 22:50:04,044 autoreload File C:\Users\SIM\AppData\Roaming\Python\Python311\site-packages\django\contrib\messages\storage\cookie.py first seen with mtime 1730363517.0199463
DEBUG 2025-01-13 22:50:04,052 autoreload File C:\Users\SIM\AppData\Roaming\Python\Python311\site-packages\django\contrib\sessions\serializers.py first seen with mtime 1730363517.7698474
DEBUG 2025-01-13 22:50:04,052 autoreload File C:\Users\SIM\AppData\Roaming\Python\Python311\site-packages\django\contrib\messages\storage\session.py first seen with mtime 1730363517.021073
DEBUG 2025-01-13 22:50:04,052 autoreload File C:\Users\SIM\AppData\Roaming\Python\Python311\site-packages\django\conf\locale\en\formats.py first seen with mtime 1730363512.0187137
DEBUG 2025-01-13 22:50:04,052 autoreload File C:\Users\SIM\AppData\Roaming\Python\Python311\site-packages\django\conf\locale\en\__init__.py first seen with mtime 1730363512.0187137
DEBUG 2025-01-13 22:50:04,052 autoreload File C:\Users\SIM\AppData\Roaming\Python\Python311\site-packages\django\contrib\messages\context_processors.py first seen with mtime 1730363517.011087
DEBUG 2025-01-13 22:51:16,410 autoreload File C:\Users\SIM\Desktop\DJANGO\Proiect1\aplicatie_exemplu\views.py previous mtime: 1736801396.9274569, current mtime: 1736801475.491477
DEBUG 2025-01-13 22:51:16,410 autoreload C:\Users\SIM\Desktop\DJANGO\Proiect1\aplicatie_exemplu\views.py notified as changed. Signal results: [(<function template_changed at 0x000001B8551F0900>, None), (<function translation_file_changed at 0x000001B8561D5760>, None)].
INFO 2025-01-13 22:51:16,410 autoreload C:\Users\SIM\Desktop\DJANGO\Proiect1\aplicatie_exemplu\views.py changed, reloading.
INFO 2025-01-13 22:51:17,378 autoreload Watching for file changes with StatReloader
DEBUG 2025-01-13 22:51:17,378 autoreload Waiting for apps ready_event.
DEBUG 2025-01-13 22:51:17,410 autoreload Apps ready_event triggered. Sending autoreload_started signal.
DEBUG 2025-01-13 22:51:17,434 autoreload Watching dir C:\Users\SIM\Desktop\DJANGO\Proiect1\aplicatie_exemplu\templates with glob **/*.
DEBUG 2025-01-13 22:51:17,434 autoreload Watching dir C:\Users\SIM\Desktop\DJANGO\Proiect1\aplicatie\templates with glob **/*.
DEBUG 2025-01-13 22:51:17,434 autoreload Watching dir C:\Users\SIM\Desktop\DJANGO\Proiect1\locale with glob **/*.mo.
DEBUG 2025-01-13 22:51:17,434 autoreload Watching dir C:\Users\SIM\Desktop\DJANGO\Proiect1\aplicatie_exemplu\locale with glob **/*.mo.
DEBUG 2025-01-13 22:51:17,590 utils (0.000) 
            SELECT
                c.relname,
                CASE
                    WHEN c.relispartition THEN 'p'
                    WHEN c.relkind IN ('m', 'v') THEN 'v'
                    ELSE 't'
                END,
                obj_description(c.oid, 'pg_class')
            FROM pg_catalog.pg_class c
            LEFT JOIN pg_catalog.pg_namespace n ON n.oid = c.relnamespace
            WHERE c.relkind IN ('f', 'm', 'p', 'r', 'v')
                AND n.nspname NOT IN ('pg_catalog', 'pg_toast')
                AND pg_catalog.pg_table_is_visible(c.oid)
        ; args=None; alias=default
DEBUG 2025-01-13 22:51:17,591 utils (0.000) SELECT "django_migrations"."id", "django_migrations"."app", "django_migrations"."name", "django_migrations"."applied" FROM "django_migrations"; args=(); alias=default
DEBUG 2025-01-13 22:51:17,616 autoreload File C:\Users\SIM\AppData\Roaming\Python\Python311\site-packages\django\urls\conf.py first seen with mtime 1730363519.4856098
DEBUG 2025-01-13 22:51:17,616 autoreload File C:\Users\SIM\AppData\Roaming\Python\Python311\site-packages\django\core\handlers\exception.py first seen with mtime 1730363518.902088
DEBUG 2025-01-13 22:51:17,616 autoreload File C:\Users\SIM\AppData\Local\Programs\Python\Python311\Lib\zoneinfo\_common.py first seen with mtime 1686106818.0
DEBUG 2025-01-13 22:51:17,616 autoreload File C:\Users\SIM\AppData\Local\Programs\Python\Python311\Lib\bz2.py first seen with mtime 1686106818.0
DEBUG 2025-01-13 22:51:17,616 autoreload File C:\Users\SIM\AppData\Roaming\Python\Python311\site-packages\django\contrib\staticfiles\management\__init__.py first seen with mtime 1730363518.7855203
DEBUG 2025-01-13 22:51:17,616 autoreload File C:\Users\SIM\AppData\Local\Programs\Python\Python311\Lib\asyncio\events.py first seen with mtime 1686106818.0
DEBUG 2025-01-13 22:51:17,616 autoreload File C:\Users\SIM\AppData\Roaming\Python\Python311\site-packages\django\contrib\staticfiles\utils.py first seen with mtime 1730363518.7855203
DEBUG 2025-01-13 22:51:17,616 autoreload File C:\Users\SIM\AppData\Local\Programs\Python\Python311\Lib\re\__init__.py first seen with mtime 1686106818.0
DEBUG 2025-01-13 22:51:17,616 autoreload File C:\Users\SIM\AppData\Local\Programs\Python\Python311\Lib\email\policy.py first seen with mtime 1686106818.0
DEBUG 2025-01-13 22:51:17,616 autoreload File C:\Users\SIM\AppData\Roaming\Python\Python311\site-packages\django\db\models\base.py first seen with mtime 1730363519.1527572
DEBUG 2025-01-13 22:51:17,616 autoreload File C:\Users\SIM\AppData\Roaming\Python\Python311\site-packages\django\utils\choices.py first seen with mtime 1730363519.5025089
DEBUG 2025-01-13 22:51:17,616 autoreload File C:\Users\SIM\AppData\Local\Programs\Python\Python311\Lib\email\mime\multipart.py first seen with mtime 1686106818.0
DEBUG 2025-01-13 22:51:17,616 autoreload File C:\Users\SIM\AppData\Local\Programs\Python\Python311\Lib\logging\config.py first seen with mtime 1686106818.0
DEBUG 2025-01-13 22:51:17,623 autoreload File C:\Users\SIM\AppData\Local\Programs\Python\Python311\Lib\opcode.py first seen with mtime 1686106818.0
DEBUG 2025-01-13 22:51:17,623 autoreload File C:\Users\SIM\AppData\Local\Programs\Python\Python311\Lib\email\quoprimime.py first seen with mtime 1686106818.0
DEBUG 2025-01-13 22:51:17,623 autoreload File C:\Users\SIM\AppData\Local\Programs\Python\Python311\Lib\site-packages\PIL\_binary.py first seen with mtime 1713199321.9274669
DEBUG 2025-01-13 22:51:17,623 autoreload File C:\Users\SIM\AppData\Roaming\Python\Python311\site-packages\django\db\backends\base\client.py first seen with mtime 1730363519.018852
DEBUG 2025-01-13 22:51:17,623 autoreload File C:\Users\SIM\AppData\Roaming\Python\Python311\site-packages\django\utils\translation\reloader.py first seen with mtime 1730363519.5518892
DEBUG 2025-01-13 22:51:17,623 autoreload File C:\Users\SIM\Desktop\DJANGO\Proiect1\aplicatie\urls.py first seen with mtime 1731590821.3337376
DEBUG 2025-01-13 22:51:17,623 autoreload File C:\Users\SIM\AppData\Roaming\Python\Python311\site-packages\django\utils\datastructures.py first seen with mtime 1730363519.5096915
DEBUG 2025-01-13 22:51:17,623 autoreload File C:\Users\SIM\AppData\Roaming\Python\Python311\site-packages\asgiref\__init__.py first seen with mtime 1730363511.5413363
DEBUG 2025-01-13 22:51:17,623 autoreload File C:\Users\SIM\AppData\Local\Programs\Python\Python311\Lib\socketserver.py first seen with mtime 1686106818.0
DEBUG 2025-01-13 22:51:17,623 autoreload File C:\Users\SIM\Desktop\DJANGO\Proiect1\aplicatie_exemplu\apps.py first seen with mtime 1730907848.1215076
DEBUG 2025-01-13 22:51:17,623 autoreload File C:\Users\SIM\AppData\Roaming\Python\Python311\site-packages\django\db\models\fields\json.py first seen with mtime 1730363519.1787376
DEBUG 2025-01-13 22:51:17,623 autoreload File C:\Users\SIM\AppData\Local\Programs\Python\Python311\DLLs\_asyncio.pyd first seen with mtime 1686106918.0
DEBUG 2025-01-13 22:51:17,623 autoreload File C:\Users\SIM\AppData\Roaming\Python\Python311\site-packages\django\db\backends\postgresql\introspection.py first seen with mtime 1730363519.0858781
DEBUG 2025-01-13 22:51:17,623 autoreload File C:\Users\SIM\AppData\Roaming\Python\Python311\site-packages\django\core\files\storage\base.py first seen with mtime 1730363518.8861403
DEBUG 2025-01-13 22:51:17,623 autoreload File C:\Users\SIM\AppData\Roaming\Python\Python311\site-packages\django\contrib\staticfiles\management\commands\__init__.py first seen with mtime 1730363518.7855203
DEBUG 2025-01-13 22:51:17,623 autoreload File C:\Users\SIM\AppData\Roaming\Python\Python311\site-packages\django\core\checks\urls.py first seen with mtime 1730363518.8527594
DEBUG 2025-01-13 22:51:17,623 autoreload File C:\Users\SIM\AppData\Roaming\Python\Python311\site-packages\django\db\backends\utils.py first seen with mtime 1730363519.0159185
DEBUG 2025-01-13 22:51:17,623 autoreload File C:\Users\SIM\AppData\Roaming\Python\Python311\site-packages\django\contrib\contenttypes\checks.py first seen with mtime 1730363515.2296836
DEBUG 2025-01-13 22:51:17,623 autoreload File C:\Users\SIM\AppData\Local\Programs\Python\Python311\Lib\inspect.py first seen with mtime 1686106818.0
DEBUG 2025-01-13 22:51:17,623 autoreload File C:\Users\SIM\AppData\Roaming\Python\Python311\site-packages\django\views\generic\base.py first seen with mtime 1730363519.5854342
DEBUG 2025-01-13 22:51:17,623 autoreload File C:\Users\SIM\AppData\Roaming\Python\Python311\site-packages\django\core\files\uploadhandler.py first seen with mtime 1730363518.878176
DEBUG 2025-01-13 22:51:17,623 autoreload File C:\Users\SIM\AppData\Local\Programs\Python\Python311\Lib\ctypes\_endian.py first seen with mtime 1686106818.0
DEBUG 2025-01-13 22:51:17,623 autoreload File C:\Users\SIM\AppData\Roaming\Python\Python311\site-packages\django\utils\inspect.py first seen with mtime 1730363519.5351002
DEBUG 2025-01-13 22:51:17,623 autoreload File C:\Users\SIM\AppData\Roaming\Python\Python311\site-packages\django\views\decorators\__init__.py first seen with mtime 1730363519.574051
DEBUG 2025-01-13 22:51:17,623 autoreload File C:\Users\SIM\AppData\Roaming\Python\Python311\site-packages\django\core\mail\__init__.py first seen with mtime 1730363518.902088
DEBUG 2025-01-13 22:51:17,623 autoreload File C:\Users\SIM\AppData\Local\Programs\Python\Python311\Lib\asyncio\windows_events.py first seen with mtime 1686106818.0
DEBUG 2025-01-13 22:51:17,623 autoreload File C:\Users\SIM\AppData\Local\Programs\Python\Python311\Lib\wsgiref\__init__.py first seen with mtime 1686106818.0
DEBUG 2025-01-13 22:51:17,623 autoreload File C:\Users\SIM\AppData\Roaming\Python\Python311\site-packages\django\core\cache\backends\__init__.py first seen with mtime 1730363518.8194945
DEBUG 2025-01-13 22:51:17,623 autoreload File C:\Users\SIM\AppData\Local\Programs\Python\Python311\Lib\html\__init__.py first seen with mtime 1686106818.0
DEBUG 2025-01-13 22:51:17,623 autoreload File C:\Users\SIM\AppData\Roaming\Python\Python311\site-packages\django\core\cache\__init__.py first seen with mtime 1730363518.8194945
DEBUG 2025-01-13 22:51:17,623 autoreload File C:\Users\SIM\AppData\Roaming\Python\Python311\site-packages\django\core\checks\security\__init__.py first seen with mtime 1730363518.8527594
DEBUG 2025-01-13 22:51:17,623 autoreload File C:\Users\SIM\AppData\Roaming\Python\Python311\site-packages\django\core\serializers\base.py first seen with mtime 1730363518.986077
DEBUG 2025-01-13 22:51:17,623 autoreload File C:\Users\SIM\AppData\Roaming\Python\Python311\site-packages\django\db\models\fields\generated.py first seen with mtime 1730363519.1787376
DEBUG 2025-01-13 22:51:17,623 autoreload File C:\Users\SIM\AppData\Roaming\Python\Python311\site-packages\django\utils\lorem_ipsum.py first seen with mtime 1730363519.5421522
DEBUG 2025-01-13 22:51:17,623 autoreload File C:\Users\SIM\AppData\Local\Programs\Python\Python311\Lib\secrets.py first seen with mtime 1686106818.0
DEBUG 2025-01-13 22:51:17,623 autoreload File C:\Users\SIM\AppData\Local\Programs\Python\Python311\Lib\email\_encoded_words.py first seen with mtime 1686106818.0
DEBUG 2025-01-13 22:51:17,623 autoreload File C:\Users\SIM\AppData\Roaming\Python\Python311\site-packages\django\template\context.py first seen with mtime 1730363519.4187372
DEBUG 2025-01-13 22:51:17,623 autoreload File C:\Users\SIM\AppData\Local\Programs\Python\Python311\Lib\http\__init__.py first seen with mtime 1686106818.0
DEBUG 2025-01-13 22:51:17,623 autoreload File C:\Users\SIM\AppData\Roaming\Python\Python311\site-packages\django\db\transaction.py first seen with mtime 1730363519.008809
DEBUG 2025-01-13 22:51:17,623 autoreload File C:\Users\SIM\AppData\Local\Programs\Python\Python311\Lib\asyncio\streams.py first seen with mtime 1686106818.0
DEBUG 2025-01-13 22:51:17,623 autoreload File C:\Users\SIM\AppData\Roaming\Python\Python311\site-packages\django\db\models\indexes.py first seen with mtime 1730363519.16236
DEBUG 2025-01-13 22:51:17,623 autoreload File C:\Users\SIM\AppData\Roaming\Python\Python311\site-packages\django\views\decorators\debug.py first seen with mtime 1730363519.574051
DEBUG 2025-01-13 22:51:17,623 autoreload File C:\Users\SIM\AppData\Local\Programs\Python\Python311\Lib\asyncio\format_helpers.py first seen with mtime 1686106818.0
DEBUG 2025-01-13 22:51:17,623 autoreload File C:\Users\SIM\AppData\Local\Programs\Python\Python311\Lib\email\iterators.py first seen with mtime 1686106818.0
DEBUG 2025-01-13 22:51:17,623 autoreload File C:\Users\SIM\AppData\Roaming\Python\Python311\site-packages\django\views\i18n.py first seen with mtime 1730363519.5688384
DEBUG 2025-01-13 22:51:17,623 autoreload File C:\Users\SIM\AppData\Roaming\Python\Python311\site-packages\django\db\models\enums.py first seen with mtime 1730363519.1527572
DEBUG 2025-01-13 22:51:17,623 autoreload File C:\Users\SIM\AppData\Local\Programs\Python\Python311\Lib\keyword.py first seen with mtime 1686106818.0
DEBUG 2025-01-13 22:51:17,623 autoreload File C:\Users\SIM\AppData\Roaming\Python\Python311\site-packages\sqlparse\formatter.py first seen with mtime 1730363510.8357532
DEBUG 2025-01-13 22:51:17,623 autoreload File C:\Users\SIM\AppData\Roaming\Python\Python311\site-packages\django\utils\autoreload.py first seen with mtime 1730363519.5025089
DEBUG 2025-01-13 22:51:17,623 autoreload File C:\Users\SIM\AppData\Local\Programs\Python\Python311\Lib\queue.py first seen with mtime 1686106818.0
DEBUG 2025-01-13 22:51:17,623 autoreload File C:\Users\SIM\AppData\Roaming\Python\Python311\site-packages\sqlparse\keywords.py first seen with mtime 1730363510.8374615
DEBUG 2025-01-13 22:51:17,623 autoreload File C:\Users\SIM\AppData\Roaming\Python\Python311\site-packages\django\core\paginator.py first seen with mtime 1730363518.8052104
DEBUG 2025-01-13 22:51:17,623 autoreload File C:\Users\SIM\AppData\Roaming\Python\Python311\site-packages\django\contrib\auth\forms.py first seen with mtime 1730363514.6469238
DEBUG 2025-01-13 22:51:17,623 autoreload File C:\Users\SIM\AppData\Roaming\Python\Python311\site-packages\django\db\models\deletion.py first seen with mtime 1730363519.1527572
DEBUG 2025-01-13 22:51:17,623 autoreload File C:\Users\SIM\AppData\Local\Programs\Python\Python311\Lib\sysconfig.py first seen with mtime 1686106818.0
DEBUG 2025-01-13 22:51:17,623 autoreload File C:\Users\SIM\AppData\Roaming\Python\Python311\site-packages\django\middleware\cache.py first seen with mtime 1730363519.4017735
DEBUG 2025-01-13 22:51:17,623 autoreload File C:\Users\SIM\AppData\Roaming\Python\Python311\site-packages\django\utils\http.py first seen with mtime 1730363519.5337405
DEBUG 2025-01-13 22:51:17,623 autoreload File C:\Users\SIM\AppData\Roaming\Python\Python311\site-packages\django\http\multipartparser.py first seen with mtime 1730363519.3856273
DEBUG 2025-01-13 22:51:17,623 autoreload File C:\Users\SIM\AppData\Roaming\Python\Python311\site-packages\django\contrib\auth\validators.py first seen with mtime 1730363514.662934
DEBUG 2025-01-13 22:51:17,623 autoreload File C:\Users\SIM\AppData\Roaming\Python\Python311\site-packages\django\utils\numberformat.py first seen with mtime 1730363519.5421522
DEBUG 2025-01-13 22:51:17,623 autoreload File C:\Users\SIM\AppData\Local\Programs\Python\Python311\Lib\selectors.py first seen with mtime 1686106818.0
DEBUG 2025-01-13 22:51:17,623 autoreload File C:\Users\SIM\AppData\Local\Programs\Python\Python311\Lib\ctypes\wintypes.py first seen with mtime 1686106818.0
DEBUG 2025-01-13 22:51:17,623 autoreload File C:\Users\SIM\AppData\Local\Programs\Python\Python311\Lib\textwrap.py first seen with mtime 1686106818.0
DEBUG 2025-01-13 22:51:17,623 autoreload File C:\Users\SIM\AppData\Roaming\Python\Python311\site-packages\django\middleware\security.py first seen with mtime 1730363519.412928
DEBUG 2025-01-13 22:51:17,623 autoreload File C:\Users\SIM\AppData\Roaming\Python\Python311\site-packages\django\contrib\auth\password_validation.py first seen with mtime 1730363514.6519113
DEBUG 2025-01-13 22:51:17,623 autoreload File C:\Users\SIM\AppData\Roaming\Python\Python311\site-packages\django\forms\utils.py first seen with mtime 1730363519.24311
DEBUG 2025-01-13 22:51:17,623 autoreload File C:\Users\SIM\AppData\Roaming\Python\Python311\site-packages\django\utils\asyncio.py first seen with mtime 1730363519.5025089
DEBUG 2025-01-13 22:51:17,623 autoreload File C:\Users\SIM\AppData\Roaming\Python\Python311\site-packages\django\db\backends\base\validation.py first seen with mtime 1730363519.0328045
DEBUG 2025-01-13 22:51:17,623 autoreload File C:\Users\SIM\AppData\Roaming\Python\Python311\site-packages\django\db\models\sql\where.py first seen with mtime 1730363519.2213213
DEBUG 2025-01-13 22:51:17,623 autoreload File C:\Users\SIM\AppData\Roaming\Python\Python311\site-packages\django\utils\translation\trans_real.py first seen with mtime 1730363519.5518892
DEBUG 2025-01-13 22:51:17,623 autoreload File C:\Users\SIM\AppData\Roaming\Python\Python311\site-packages\django\contrib\auth\hashers.py first seen with mtime 1730363514.6469238
DEBUG 2025-01-13 22:51:17,623 autoreload File C:\Users\SIM\Desktop\DJANGO\Proiect1\aplicatie_exemplu\forms.py first seen with mtime 1736799755.31205
DEBUG 2025-01-13 22:51:17,623 autoreload File C:\Users\SIM\AppData\Roaming\Python\Python311\site-packages\django\contrib\auth\checks.py first seen with mtime 1730363514.638802
DEBUG 2025-01-13 22:51:17,623 autoreload File C:\Users\SIM\AppData\Local\Programs\Python\Python311\Lib\ssl.py first seen with mtime 1686106818.0
DEBUG 2025-01-13 22:51:17,623 autoreload File C:\Users\SIM\AppData\Roaming\Python\Python311\site-packages\django\template\loaders\__init__.py first seen with mtime 1730363519.445303
DEBUG 2025-01-13 22:51:17,623 autoreload File C:\Users\SIM\AppData\Roaming\Python\Python311\site-packages\django\template\loaders\cached.py first seen with mtime 1730363519.4523761
DEBUG 2025-01-13 22:51:17,623 autoreload File C:\Users\SIM\AppData\Local\Programs\Python\Python311\Lib\json\encoder.py first seen with mtime 1686106818.0
DEBUG 2025-01-13 22:51:17,623 autoreload File C:\Users\SIM\AppData\Roaming\Python\Python311\site-packages\django\db\backends\base\features.py first seen with mtime 1730363519.02519
DEBUG 2025-01-13 22:51:17,623 autoreload File C:\Users\SIM\AppData\Local\Programs\Python\Python311\Lib\email\parser.py first seen with mtime 1686106818.0
DEBUG 2025-01-13 22:51:17,623 autoreload File C:\Users\SIM\AppData\Roaming\Python\Python311\site-packages\django\utils\html.py first seen with mtime 1730363519.518824
DEBUG 2025-01-13 22:51:17,623 autoreload File C:\Users\SIM\AppData\Local\Programs\Python\Python311\Lib\email\generator.py first seen with mtime 1686106818.0
DEBUG 2025-01-13 22:51:17,623 autoreload File C:\Users\SIM\AppData\Roaming\Python\Python311\site-packages\django\db\migrations\exceptions.py first seen with mtime 1730363519.1142695
DEBUG 2025-01-13 22:51:17,623 autoreload File C:\Users\SIM\AppData\Local\Programs\Python\Python311\Lib\pkgutil.py first seen with mtime 1686106818.0
DEBUG 2025-01-13 22:51:17,623 autoreload File C:\Users\SIM\AppData\Local\Programs\Python\Python311\Lib\email\mime\nonmultipart.py first seen with mtime 1686106818.0
DEBUG 2025-01-13 22:51:17,623 autoreload File C:\Users\SIM\AppData\Roaming\Python\Python311\site-packages\django\contrib\auth\admin.py first seen with mtime 1730363514.6305225
DEBUG 2025-01-13 22:51:17,623 autoreload File C:\Users\SIM\AppData\Roaming\Python\Python311\site-packages\django\core\checks\caches.py first seen with mtime 1730363518.8379147
DEBUG 2025-01-13 22:51:17,623 autoreload File C:\Users\SIM\AppData\Local\Programs\Python\Python311\Lib\site-packages\psycopg2\errors.py first seen with mtime 1731581176.280461
DEBUG 2025-01-13 22:51:17,623 autoreload File C:\Users\SIM\AppData\Local\Programs\Python\Python311\Lib\site-packages\psycopg2\extras.py first seen with mtime 1731581176.280461
DEBUG 2025-01-13 22:51:17,623 autoreload File C:\Users\SIM\AppData\Roaming\Python\Python311\site-packages\django\contrib\admin\models.py first seen with mtime 1730363512.7042537
DEBUG 2025-01-13 22:51:17,623 autoreload File C:\Users\SIM\AppData\Local\Programs\Python\Python311\Lib\datetime.py first seen with mtime 1686106818.0
DEBUG 2025-01-13 22:51:17,623 autoreload File C:\Users\SIM\AppData\Roaming\Python\Python311\site-packages\django\db\migrations\operations\fields.py first seen with mtime 1730363519.1384592
DEBUG 2025-01-13 22:51:17,623 autoreload File C:\Users\SIM\AppData\Roaming\Python\Python311\site-packages\django\core\management\commands\__init__.py first seen with mtime 1730363518.9353774
DEBUG 2025-01-13 22:51:17,623 autoreload File C:\Users\SIM\AppData\Roaming\Python\Python311\site-packages\django\core\checks\translation.py first seen with mtime 1730363518.8527594
DEBUG 2025-01-13 22:51:17,623 autoreload File C:\Users\SIM\AppData\Local\Programs\Python\Python311\Lib\pathlib.py first seen with mtime 1686106818.0
DEBUG 2025-01-13 22:51:17,623 autoreload File C:\Users\SIM\AppData\Local\Programs\Python\Python311\Lib\shutil.py first seen with mtime 1686106818.0
DEBUG 2025-01-13 22:51:17,623 autoreload File C:\Users\SIM\AppData\Roaming\Python\Python311\site-packages\django\contrib\admin\__init__.py first seen with mtime 1730363512.6853182
DEBUG 2025-01-13 22:51:17,623 autoreload File C:\Users\SIM\AppData\Roaming\Python\Python311\site-packages\django\contrib\contenttypes\apps.py first seen with mtime 1730363515.2296836
DEBUG 2025-01-13 22:51:17,623 autoreload File C:\Users\SIM\AppData\Local\Programs\Python\Python311\Lib\site-packages\psycopg2\__init__.py first seen with mtime 1731581176.263129
DEBUG 2025-01-13 22:51:17,623 autoreload File C:\Users\SIM\AppData\Roaming\Python\Python311\site-packages\django\template\backends\base.py first seen with mtime 1730363519.437286
DEBUG 2025-01-13 22:51:17,623 autoreload File C:\Users\SIM\AppData\Roaming\Python\Python311\site-packages\django\contrib\auth\signals.py first seen with mtime 1730363514.6519113
DEBUG 2025-01-13 22:51:17,623 autoreload File C:\Users\SIM\AppData\Local\Programs\Python\Python311\Lib\asyncio\base_tasks.py first seen with mtime 1686106818.0
DEBUG 2025-01-13 22:51:17,623 autoreload File C:\Users\SIM\AppData\Local\Programs\Python\Python311\Lib\asyncio\taskgroups.py first seen with mtime 1686106818.0
DEBUG 2025-01-13 22:51:17,623 autoreload File C:\Users\SIM\AppData\Roaming\Python\Python311\site-packages\django\db\__init__.py first seen with mtime 1730363519.008809
DEBUG 2025-01-13 22:51:17,623 autoreload File C:\Users\SIM\Desktop\DJANGO\Proiect1\aplicatie\views.py first seen with mtime 1731591248.9291372
DEBUG 2025-01-13 22:51:17,623 autoreload File C:\Users\SIM\AppData\Local\Programs\Python\Python311\Lib\pprint.py first seen with mtime 1686106818.0
DEBUG 2025-01-13 22:51:17,623 autoreload File C:\Users\SIM\Desktop\DJANGO\Proiect1\aplicatie_exemplu\admin.py first seen with mtime 1733241541.137926
DEBUG 2025-01-13 22:51:17,623 autoreload File C:\Users\SIM\AppData\Local\Programs\Python\Python311\Lib\site-packages\psycopg2\_psycopg.cp311-win_amd64.pyd first seen with mtime 1731581176.280461
DEBUG 2025-01-13 22:51:17,623 autoreload File C:\Users\SIM\AppData\Roaming\Python\Python311\site-packages\django\db\models\functions\window.py first seen with mtime 1730363519.2030535
DEBUG 2025-01-13 22:51:17,623 autoreload File C:\Users\SIM\AppData\Roaming\Python\Python311\site-packages\django\middleware\common.py first seen with mtime 1730363519.4048178
DEBUG 2025-01-13 22:51:17,623 autoreload File C:\Users\SIM\AppData\Local\Programs\Python\Python311\Lib\quopri.py first seen with mtime 1686106818.0
DEBUG 2025-01-13 22:51:17,623 autoreload File C:\Users\SIM\AppData\Roaming\Python\Python311\site-packages\django\core\serializers\json.py first seen with mtime 1730363518.986077
DEBUG 2025-01-13 22:51:17,623 autoreload File C:\Users\SIM\AppData\Roaming\Python\Python311\site-packages\django\core\validators.py first seen with mtime 1730363518.8134735
DEBUG 2025-01-13 22:51:17,623 autoreload File C:\Users\SIM\AppData\Roaming\Python\Python311\site-packages\django\contrib\contenttypes\fields.py first seen with mtime 1730363515.2358246
DEBUG 2025-01-13 22:51:17,623 autoreload File C:\Users\SIM\AppData\Roaming\Python\Python311\site-packages\django\views\generic\list.py first seen with mtime 1730363519.5854342
DEBUG 2025-01-13 22:51:17,623 autoreload File C:\Users\SIM\AppData\Local\Programs\Python\Python311\Lib\site-packages\colorama\ansitowin32.py first seen with mtime 1686935914.822989
DEBUG 2025-01-13 22:51:17,623 autoreload File C:\Users\SIM\AppData\Roaming\Python\Python311\site-packages\django\utils\dateformat.py first seen with mtime 1730363519.5096915
DEBUG 2025-01-13 22:51:17,623 autoreload File C:\Users\SIM\AppData\Local\Programs\Python\Python311\Lib\functools.py first seen with mtime 1686106818.0
DEBUG 2025-01-13 22:51:17,623 autoreload File C:\Users\SIM\AppData\Local\Programs\Python\Python311\Lib\ctypes\__init__.py first seen with mtime 1686106818.0
DEBUG 2025-01-13 22:51:17,631 autoreload File C:\Users\SIM\Desktop\DJANGO\Proiect1\aplicatie_exemplu\urls.py first seen with mtime 1736800779.3274324
DEBUG 2025-01-13 22:51:17,631 autoreload File C:\Users\SIM\AppData\Local\Programs\Python\Python311\Lib\urllib\error.py first seen with mtime 1686106818.0
DEBUG 2025-01-13 22:51:17,631 autoreload File C:\Users\SIM\AppData\Local\Programs\Python\Python311\DLLs\_queue.pyd first seen with mtime 1686106894.0
DEBUG 2025-01-13 22:51:17,631 autoreload File C:\Users\SIM\AppData\Roaming\Python\Python311\site-packages\django\db\models\__init__.py first seen with mtime 1730363519.146573
DEBUG 2025-01-13 22:51:17,631 autoreload File C:\Users\SIM\AppData\Local\Programs\Python\Python311\Lib\site-packages\PIL\Image.py first seen with mtime 1713199321.8112986
DEBUG 2025-01-13 22:51:17,631 autoreload File C:\Users\SIM\AppData\Local\Programs\Python\Python311\Lib\site-packages\colorama\__init__.py first seen with mtime 1686935914.822989
DEBUG 2025-01-13 22:51:17,631 autoreload File C:\Users\SIM\AppData\Local\Programs\Python\Python311\Lib\__future__.py first seen with mtime 1686106818.0
DEBUG 2025-01-13 22:51:17,631 autoreload File C:\Users\SIM\AppData\Local\Programs\Python\Python311\Lib\zoneinfo\_tzpath.py first seen with mtime 1686106818.0
DEBUG 2025-01-13 22:51:17,631 autoreload File C:\Users\SIM\AppData\Roaming\Python\Python311\site-packages\django\core\files\storage\memory.py first seen with mtime 1730363518.8955162
DEBUG 2025-01-13 22:51:17,631 autoreload File C:\Users\SIM\AppData\Local\Programs\Python\Python311\Lib\asyncio\selector_events.py first seen with mtime 1686106818.0
DEBUG 2025-01-13 22:51:17,631 autoreload File C:\Users\SIM\AppData\Roaming\Python\Python311\site-packages\django\contrib\messages\__init__.py first seen with mtime 1730363517.005663
DEBUG 2025-01-13 22:51:17,631 autoreload File C:\Users\SIM\AppData\Roaming\Python\Python311\site-packages\django\contrib\messages\middleware.py first seen with mtime 1730363517.0118935
DEBUG 2025-01-13 22:51:17,631 autoreload File C:\Users\SIM\AppData\Roaming\Python\Python311\site-packages\django\contrib\messages\storage\base.py first seen with mtime 1730363517.0185566
DEBUG 2025-01-13 22:51:17,631 autoreload File C:\Users\SIM\AppData\Local\Programs\Python\Python311\Lib\http\server.py first seen with mtime 1686106818.0
DEBUG 2025-01-13 22:51:17,631 autoreload File C:\Users\SIM\AppData\Local\Programs\Python\Python311\Lib\site-packages\psycopg2\sql.py first seen with mtime 1731581176.2877078
DEBUG 2025-01-13 22:51:17,631 autoreload File C:\Users\SIM\AppData\Roaming\Python\Python311\site-packages\django\core\management\__init__.py first seen with mtime 1730363518.9188974
DEBUG 2025-01-13 22:51:17,631 autoreload File C:\Users\SIM\AppData\Roaming\Python\Python311\site-packages\asgiref\current_thread_executor.py first seen with mtime 1730363511.5413363
DEBUG 2025-01-13 22:51:17,631 autoreload File C:\Users\SIM\AppData\Roaming\Python\Python311\site-packages\django\template\loader.py first seen with mtime 1730363519.428758
DEBUG 2025-01-13 22:51:17,631 autoreload File C:\Users\SIM\AppData\Local\Programs\Python\Python311\Lib\asyncio\coroutines.py first seen with mtime 1686106818.0
DEBUG 2025-01-13 22:51:17,631 autoreload File C:\Users\SIM\AppData\Roaming\Python\Python311\site-packages\django\core\files\storage\__init__.py first seen with mtime 1730363518.8861403
DEBUG 2025-01-13 22:51:17,631 autoreload File C:\Users\SIM\AppData\Roaming\Python\Python311\site-packages\django\core\mail\utils.py first seen with mtime 1730363518.913383
DEBUG 2025-01-13 22:51:17,631 autoreload File C:\Users\SIM\AppData\Local\Programs\Python\Python311\Lib\urllib\request.py first seen with mtime 1686106818.0
DEBUG 2025-01-13 22:51:17,631 autoreload File C:\Users\SIM\AppData\Roaming\Python\Python311\site-packages\django\utils\connection.py first seen with mtime 1730363519.5025089
DEBUG 2025-01-13 22:51:17,631 autoreload File C:\Users\SIM\AppData\Local\Programs\Python\Python311\Lib\nturl2path.py first seen with mtime 1686106818.0
DEBUG 2025-01-13 22:51:17,631 autoreload File C:\Users\SIM\AppData\Roaming\Python\Python311\site-packages\django\contrib\admin\decorators.py first seen with mtime 1730363512.6959162
DEBUG 2025-01-13 22:51:17,631 autoreload File C:\Users\SIM\AppData\Local\Programs\Python\Python311\DLLs\select.pyd first seen with mtime 1686106894.0
DEBUG 2025-01-13 22:51:17,631 autoreload File C:\Users\SIM\AppData\Local\Programs\Python\Python311\Lib\asyncio\futures.py first seen with mtime 1686106818.0
DEBUG 2025-01-13 22:51:17,631 autoreload File C:\Users\SIM\AppData\Local\Programs\Python\Python311\Lib\concurrent\__init__.py first seen with mtime 1686106818.0
DEBUG 2025-01-13 22:51:17,631 autoreload File C:\Users\SIM\AppData\Local\Programs\Python\Python311\DLLs\_socket.pyd first seen with mtime 1686106894.0
DEBUG 2025-01-13 22:51:17,631 autoreload File C:\Users\SIM\AppData\Local\Programs\Python\Python311\Lib\wsgiref\headers.py first seen with mtime 1686106818.0
DEBUG 2025-01-13 22:51:17,631 autoreload File C:\Users\SIM\AppData\Roaming\Python\Python311\site-packages\django\core\checks\compatibility\django_4_0.py first seen with mtime 1730363518.8527594
DEBUG 2025-01-13 22:51:17,631 autoreload File C:\Users\SIM\AppData\Local\Programs\Python\Python311\Lib\email\message.py first seen with mtime 1686106818.0
DEBUG 2025-01-13 22:51:17,631 autoreload File C:\Users\SIM\AppData\Roaming\Python\Python311\site-packages\django\contrib\admin\options.py first seen with mtime 1730363512.7042537
DEBUG 2025-01-13 22:51:17,631 autoreload File C:\Users\SIM\AppData\Roaming\Python\Python311\site-packages\django\apps\config.py first seen with mtime 1730363511.862605
DEBUG 2025-01-13 22:51:17,631 autoreload File C:\Users\SIM\Desktop\DJANGO\Proiect1\Proiect1\settings.py first seen with mtime 1736800779.3306959
DEBUG 2025-01-13 22:51:17,631 autoreload File C:\Users\SIM\AppData\Roaming\Python\Python311\site-packages\django\db\backends\postgresql\schema.py first seen with mtime 1730363519.0883665
DEBUG 2025-01-13 22:51:17,631 autoreload File C:\Users\SIM\AppData\Roaming\Python\Python311\site-packages\django\utils\dateparse.py first seen with mtime 1730363519.5096915
DEBUG 2025-01-13 22:51:17,631 autoreload File C:\Users\SIM\AppData\Roaming\Python\Python311\site-packages\django\db\models\fields\proxy.py first seen with mtime 1730363519.1857815
DEBUG 2025-01-13 22:51:17,631 autoreload File C:\Users\SIM\AppData\Roaming\Python\Python311\site-packages\django\urls\base.py first seen with mtime 1730363519.4856098
DEBUG 2025-01-13 22:51:17,631 autoreload File C:\Users\SIM\AppData\Roaming\Python\Python311\site-packages\django\db\models\fields\reverse_related.py first seen with mtime 1730363519.1947956
DEBUG 2025-01-13 22:51:17,631 autoreload File C:\Users\SIM\AppData\Local\Programs\Python\Python311\Lib\site-packages\PIL\ExifTags.py first seen with mtime 1713199321.7820168
DEBUG 2025-01-13 22:51:17,637 autoreload File C:\Users\SIM\AppData\Roaming\Python\Python311\site-packages\django\core\serializers\__init__.py first seen with mtime 1730363518.986077
DEBUG 2025-01-13 22:51:17,637 autoreload File C:\Users\SIM\AppData\Roaming\Python\Python311\site-packages\django\urls\exceptions.py first seen with mtime 1730363519.4856098
DEBUG 2025-01-13 22:51:17,637 autoreload File C:\Users\SIM\AppData\Roaming\Python\Python311\site-packages\django\core\signals.py first seen with mtime 1730363518.8052104
DEBUG 2025-01-13 22:51:17,637 autoreload File C:\Users\SIM\AppData\Roaming\Python\Python311\site-packages\django\db\backends\base\base.py first seen with mtime 1730363519.018852
DEBUG 2025-01-13 22:51:17,637 autoreload File C:\Users\SIM\AppData\Local\Programs\Python\Python311\Lib\weakref.py first seen with mtime 1686106818.0
DEBUG 2025-01-13 22:51:17,637 autoreload File C:\Users\SIM\AppData\Roaming\Python\Python311\site-packages\django\utils\decorators.py first seen with mtime 1730363519.5184324
DEBUG 2025-01-13 22:51:17,637 autoreload File C:\Users\SIM\AppData\Roaming\Python\Python311\site-packages\django\core\checks\compatibility\__init__.py first seen with mtime 1730363518.8527594
DEBUG 2025-01-13 22:51:17,637 autoreload File C:\Users\SIM\AppData\Roaming\Python\Python311\site-packages\django\core\handlers\wsgi.py first seen with mtime 1730363518.902088
DEBUG 2025-01-13 22:51:17,637 autoreload File C:\Users\SIM\AppData\Local\Programs\Python\Python311\Lib\email\mime\message.py first seen with mtime 1686106818.0
DEBUG 2025-01-13 22:51:17,637 autoreload File C:\Users\SIM\AppData\Roaming\Python\Python311\site-packages\django\db\backends\postgresql\operations.py first seen with mtime 1730363519.0883665
DEBUG 2025-01-13 22:51:17,637 autoreload File C:\Users\SIM\AppData\Roaming\Python\Python311\site-packages\django\template\defaulttags.py first seen with mtime 1730363519.4187372
DEBUG 2025-01-13 22:51:17,637 autoreload File C:\Users\SIM\AppData\Roaming\Python\Python311\site-packages\django\db\models\query.py first seen with mtime 1730363519.1707
DEBUG 2025-01-13 22:51:17,637 autoreload File C:\Users\SIM\AppData\Roaming\Python\Python311\site-packages\sqlparse\filters\right_margin.py first seen with mtime 1730363510.8657744
DEBUG 2025-01-13 22:51:17,640 autoreload File C:\Users\SIM\AppData\Local\Programs\Python\Python311\Lib\email\mime\text.py first seen with mtime 1686106818.0
DEBUG 2025-01-13 22:51:17,640 autoreload File C:\Users\SIM\AppData\Roaming\Python\Python311\site-packages\sqlparse\filters\tokens.py first seen with mtime 1730363510.868614
DEBUG 2025-01-13 22:51:17,640 autoreload File C:\Users\SIM\AppData\Roaming\Python\Python311\site-packages\django\db\migrations\state.py first seen with mtime 1730363519.1302652
DEBUG 2025-01-13 22:51:17,640 autoreload File C:\Users\SIM\AppData\Roaming\Python\Python311\site-packages\django\contrib\auth\middleware.py first seen with mtime 1730363514.6469238
DEBUG 2025-01-13 22:51:17,640 autoreload File C:\Users\SIM\AppData\Roaming\Python\Python311\site-packages\django\contrib\auth\apps.py first seen with mtime 1730363514.6305225
DEBUG 2025-01-13 22:51:17,641 autoreload File C:\Users\SIM\AppData\Local\Programs\Python\Python311\Lib\site-packages\psycopg2\extensions.py first seen with mtime 1731581176.280461
DEBUG 2025-01-13 22:51:17,641 autoreload File C:\Users\SIM\AppData\Roaming\Python\Python311\site-packages\django\contrib\admin\views\__init__.py first seen with mtime 1730363514.00396
DEBUG 2025-01-13 22:51:17,641 autoreload File C:\Users\SIM\AppData\Local\Programs\Python\Python311\DLLs\_bz2.pyd first seen with mtime 1686106896.0
DEBUG 2025-01-13 22:51:17,641 autoreload File C:\Users\SIM\AppData\Local\Programs\Python\Python311\Lib\contextlib.py first seen with mtime 1686106818.0
DEBUG 2025-01-13 22:51:17,641 autoreload File C:\Users\SIM\AppData\Roaming\Python\Python311\site-packages\django\contrib\admin\views\main.py first seen with mtime 1730363514.0105746
DEBUG 2025-01-13 22:51:17,641 autoreload File C:\Users\SIM\AppData\Roaming\Python\Python311\site-packages\django\core\checks\async_checks.py first seen with mtime 1730363518.8379147
DEBUG 2025-01-13 22:51:17,641 autoreload File C:\Users\SIM\AppData\Roaming\Python\Python311\site-packages\django\db\backends\postgresql\client.py first seen with mtime 1730363519.073951
DEBUG 2025-01-13 22:51:17,641 autoreload File C:\Users\SIM\AppData\Local\Programs\Python\Python311\Lib\tempfile.py first seen with mtime 1686106818.0
DEBUG 2025-01-13 22:51:17,641 autoreload File C:\Users\SIM\AppData\Roaming\Python\Python311\site-packages\django\contrib\contenttypes\forms.py first seen with mtime 1730363515.2378173
DEBUG 2025-01-13 22:51:17,641 autoreload File C:\Users\SIM\AppData\Roaming\Python\Python311\site-packages\django\contrib\staticfiles\checks.py first seen with mtime 1730363518.7730794
DEBUG 2025-01-13 22:51:17,641 autoreload File C:\Users\SIM\AppData\Roaming\Python\Python311\site-packages\django\urls\resolvers.py first seen with mtime 1730363519.4856098
DEBUG 2025-01-13 22:51:17,641 autoreload File C:\Users\SIM\Desktop\DJANGO\Proiect1\aplicatie_exemplu\models.py first seen with mtime 1734456694.1404996
DEBUG 2025-01-13 22:51:17,641 autoreload File C:\Users\SIM\AppData\Roaming\Python\Python311\site-packages\django\db\models\functions\text.py first seen with mtime 1730363519.2030535
DEBUG 2025-01-13 22:51:17,641 autoreload File C:\Users\SIM\AppData\Roaming\Python\Python311\site-packages\django\forms\renderers.py first seen with mtime 1730363519.24311
DEBUG 2025-01-13 22:51:17,641 autoreload File C:\Users\SIM\AppData\Local\Programs\Python\Python311\Lib\_compression.py first seen with mtime 1686106818.0
DEBUG 2025-01-13 22:51:17,641 autoreload File C:\Users\SIM\AppData\Roaming\Python\Python311\site-packages\sqlparse\engine\grouping.py first seen with mtime 1730363510.851671
DEBUG 2025-01-13 22:51:17,641 autoreload File C:\Users\SIM\AppData\Roaming\Python\Python311\site-packages\django\core\management\base.py first seen with mtime 1730363518.9188974
DEBUG 2025-01-13 22:51:17,641 autoreload File C:\Users\SIM\AppData\Roaming\Python\Python311\site-packages\django\middleware\__init__.py first seen with mtime 1730363519.396641
DEBUG 2025-01-13 22:51:17,641 autoreload File C:\Users\SIM\AppData\Roaming\Python\Python311\site-packages\django\views\decorators\csrf.py first seen with mtime 1730363519.574051
DEBUG 2025-01-13 22:51:17,641 autoreload File C:\Users\SIM\AppData\Roaming\Python\Python311\site-packages\django\template\base.py first seen with mtime 1730363519.4187372
DEBUG 2025-01-13 22:51:17,641 autoreload File C:\Users\SIM\AppData\Roaming\Python\Python311\site-packages\django\template\exceptions.py first seen with mtime 1730363519.428758
DEBUG 2025-01-13 22:51:17,641 autoreload File C:\Users\SIM\Desktop\DJANGO\Proiect1\aplicatie_exemplu\__init__.py first seen with mtime 1730907848.146318
DEBUG 2025-01-13 22:51:17,641 autoreload File C:\Users\SIM\AppData\Roaming\Python\Python311\site-packages\django\utils\encoding.py first seen with mtime 1730363519.518824
DEBUG 2025-01-13 22:51:17,641 autoreload File C:\Users\SIM\AppData\Local\Programs\Python\Python311\Lib\asyncio\protocols.py first seen with mtime 1686106818.0
DEBUG 2025-01-13 22:51:17,641 autoreload File C:\Users\SIM\AppData\Local\Programs\Python\Python311\Lib\asyncio\constants.py first seen with mtime 1686106818.0
DEBUG 2025-01-13 22:51:17,641 autoreload File C:\Users\SIM\AppData\Local\Programs\Python\Python311\Lib\gzip.py first seen with mtime 1686106818.0
DEBUG 2025-01-13 22:51:17,641 autoreload File C:\Users\SIM\AppData\Local\Programs\Python\Python311\Lib\bisect.py first seen with mtime 1686106818.0
DEBUG 2025-01-13 22:51:17,641 autoreload File C:\Users\SIM\AppData\Local\Programs\Python\Python311\Lib\string.py first seen with mtime 1686106818.0
DEBUG 2025-01-13 22:51:17,641 autoreload File C:\Users\SIM\AppData\Roaming\Python\Python311\site-packages\django\core\checks\security\csrf.py first seen with mtime 1730363518.8617742
DEBUG 2025-01-13 22:51:17,641 autoreload File C:\Users\SIM\AppData\Local\Programs\Python\Python311\Lib\ipaddress.py first seen with mtime 1686106818.0
DEBUG 2025-01-13 22:51:17,641 autoreload File C:\Users\SIM\AppData\Local\Programs\Python\Python311\Lib\wsgiref\util.py first seen with mtime 1686106818.0
DEBUG 2025-01-13 22:51:17,641 autoreload File C:\Users\SIM\AppData\Roaming\Python\Python311\site-packages\django\utils\timesince.py first seen with mtime 1730363519.5514941
DEBUG 2025-01-13 22:51:17,641 autoreload File C:\Users\SIM\AppData\Roaming\Python\Python311\site-packages\django\core\signing.py first seen with mtime 1730363518.8134735
DEBUG 2025-01-13 22:51:17,641 autoreload File C:\Users\SIM\AppData\Local\Programs\Python\Python311\Lib\_weakrefset.py first seen with mtime 1686106818.0
DEBUG 2025-01-13 22:51:17,641 autoreload File C:\Users\SIM\AppData\Roaming\Python\Python311\site-packages\django\db\models\fields\related_descriptors.py first seen with mtime 1730363519.1857815
DEBUG 2025-01-13 22:51:17,641 autoreload File C:\Users\SIM\AppData\Local\Programs\Python\Python311\Lib\site-packages\PIL\__init__.py first seen with mtime 1713199321.9253154
DEBUG 2025-01-13 22:51:17,641 autoreload File C:\Users\SIM\AppData\Roaming\Python\Python311\site-packages\django\db\backends\postgresql\creation.py first seen with mtime 1730363519.0819688
DEBUG 2025-01-13 22:51:17,641 autoreload File C:\Users\SIM\AppData\Roaming\Python\Python311\site-packages\django\core\servers\basehttp.py first seen with mtime 1730363519.0074275
DEBUG 2025-01-13 22:51:17,641 autoreload File C:\Users\SIM\AppData\Local\Programs\Python\Python311\Lib\_compat_pickle.py first seen with mtime 1686106818.0
DEBUG 2025-01-13 22:51:17,641 autoreload File C:\Users\SIM\AppData\Roaming\Python\Python311\site-packages\django\template\loader_tags.py first seen with mtime 1730363519.4351766
DEBUG 2025-01-13 22:51:17,641 autoreload File C:\Users\SIM\AppData\Local\Programs\Python\Python311\Lib\re\_compiler.py first seen with mtime 1686106818.0
DEBUG 2025-01-13 22:51:17,641 autoreload File C:\Users\SIM\AppData\Roaming\Python\Python311\site-packages\django\contrib\contenttypes\admin.py first seen with mtime 1730363515.2296836
DEBUG 2025-01-13 22:51:17,641 autoreload File C:\Users\SIM\AppData\Roaming\Python\Python311\site-packages\django\shortcuts.py first seen with mtime 1730363511.8592458
DEBUG 2025-01-13 22:51:17,641 autoreload File C:\Users\SIM\AppData\Roaming\Python\Python311\site-packages\django\apps\registry.py first seen with mtime 1730363511.862605
DEBUG 2025-01-13 22:51:17,641 autoreload File C:\Users\SIM\AppData\Local\Programs\Python\Python311\Lib\email\charset.py first seen with mtime 1686106818.0
DEBUG 2025-01-13 22:51:17,641 autoreload File C:\Users\SIM\AppData\Local\Programs\Python\Python311\Lib\concurrent\futures\__init__.py first seen with mtime 1686106818.0
DEBUG 2025-01-13 22:51:17,641 autoreload File C:\Users\SIM\AppData\Roaming\Python\Python311\site-packages\django\db\migrations\__init__.py first seen with mtime 1730363519.1061597
DEBUG 2025-01-13 22:51:17,641 autoreload File C:\Users\SIM\AppData\Roaming\Python\Python311\site-packages\django\db\backends\ddl_references.py first seen with mtime 1730363519.008809
DEBUG 2025-01-13 22:51:17,641 autoreload File C:\Users\SIM\AppData\Roaming\Python\Python311\site-packages\django\core\checks\templates.py first seen with mtime 1730363518.8527594
DEBUG 2025-01-13 22:51:17,641 autoreload File C:\Users\SIM\AppData\Roaming\Python\Python311\site-packages\django\contrib\admin\templatetags\admin_modify.py first seen with mtime 1730363513.9955804
DEBUG 2025-01-13 22:51:17,641 autoreload File C:\Users\SIM\AppData\Local\Programs\Python\Python311\Lib\encodings\__init__.py first seen with mtime 1686106818.0
DEBUG 2025-01-13 22:51:17,641 autoreload File C:\Users\SIM\AppData\Local\Programs\Python\Python311\Lib\site-packages\colorama\win32.py first seen with mtime 1686935914.822989
DEBUG 2025-01-13 22:51:17,641 autoreload File C:\Users\SIM\AppData\Roaming\Python\Python311\site-packages\django\contrib\admin\utils.py first seen with mtime 1730363512.712351
DEBUG 2025-01-13 22:51:17,641 autoreload File C:\Users\SIM\AppData\Local\Programs\Python\Python311\Lib\decimal.py first seen with mtime 1686106818.0
DEBUG 2025-01-13 22:51:17,641 autoreload File C:\Users\SIM\AppData\Roaming\Python\Python311\site-packages\django\contrib\admin\widgets.py first seen with mtime 1730363512.7183719
DEBUG 2025-01-13 22:51:17,641 autoreload File C:\Users\SIM\AppData\Local\Programs\Python\Python311\Lib\email\headerregistry.py first seen with mtime 1686106818.0
DEBUG 2025-01-13 22:51:17,641 autoreload File C:\Users\SIM\AppData\Roaming\Python\Python311\site-packages\django\db\backends\postgresql\psycopg_any.py first seen with mtime 1730363519.0883665
DEBUG 2025-01-13 22:51:17,641 autoreload File C:\Users\SIM\AppData\Roaming\Python\Python311\site-packages\django\db\migrations\migration.py first seen with mtime 1730363519.1217487
DEBUG 2025-01-13 22:51:17,641 autoreload File C:\Users\SIM\AppData\Roaming\Python\Python311\site-packages\django\dispatch\__init__.py first seen with mtime 1730363519.2213213
DEBUG 2025-01-13 22:51:17,641 autoreload File C:\Users\SIM\AppData\Roaming\Python\Python311\site-packages\django\utils\hashable.py first seen with mtime 1730363519.518824
DEBUG 2025-01-13 22:51:17,641 autoreload File C:\Users\SIM\Desktop\DJANGO\Proiect1\aplicatie_exemplu\views.py first seen with mtime 1736801475.491477
DEBUG 2025-01-13 22:51:17,641 autoreload File C:\Users\SIM\AppData\Local\Programs\Python\Python311\Lib\socket.py first seen with mtime 1686106818.0
DEBUG 2025-01-13 22:51:17,641 autoreload File C:\Users\SIM\AppData\Roaming\Python\Python311\site-packages\django\db\backends\signals.py first seen with mtime 1730363519.0159185
DEBUG 2025-01-13 22:51:17,641 autoreload File C:\Users\SIM\AppData\Roaming\Python\Python311\site-packages\django\db\utils.py first seen with mtime 1730363519.008809
DEBUG 2025-01-13 22:51:17,641 autoreload File C:\Users\SIM\AppData\Local\Programs\Python\Python311\Lib\hmac.py first seen with mtime 1686106818.0
DEBUG 2025-01-13 22:51:17,641 autoreload File C:\Users\SIM\AppData\Local\Programs\Python\Python311\Lib\logging\__init__.py first seen with mtime 1686106818.0
DEBUG 2025-01-13 22:51:17,641 autoreload File C:\Users\SIM\AppData\Local\Programs\Python\Python311\Lib\logging\handlers.py first seen with mtime 1686106818.0
DEBUG 2025-01-13 22:51:17,641 autoreload File C:\Users\SIM\AppData\Roaming\Python\Python311\site-packages\sqlparse\filters\output.py first seen with mtime 1730363510.8522604
DEBUG 2025-01-13 22:51:17,641 autoreload File C:\Users\SIM\AppData\Local\Programs\Python\Python311\Lib\traceback.py first seen with mtime 1686106818.0
DEBUG 2025-01-13 22:51:17,641 autoreload File C:\Users\SIM\AppData\Roaming\Python\Python311\site-packages\django\template\backends\__init__.py first seen with mtime 1730363519.437286
DEBUG 2025-01-13 22:51:17,641 autoreload File C:\Users\SIM\AppData\Roaming\Python\Python311\site-packages\django\db\models\expressions.py first seen with mtime 1730363519.16236
DEBUG 2025-01-13 22:51:17,641 autoreload File C:\Users\SIM\AppData\Roaming\Python\Python311\site-packages\django\template\backends\django.py first seen with mtime 1730363519.445303
DEBUG 2025-01-13 22:51:17,641 autoreload File C:\Users\SIM\AppData\Roaming\Python\Python311\site-packages\django\utils\text.py first seen with mtime 1730363519.5501654
DEBUG 2025-01-13 22:51:17,648 autoreload File C:\Users\SIM\AppData\Roaming\Python\Python311\site-packages\sqlparse\filters\__init__.py first seen with mtime 1730363510.8522604
DEBUG 2025-01-13 22:51:17,648 autoreload File C:\Users\SIM\AppData\Roaming\Python\Python311\site-packages\django\db\models\utils.py first seen with mtime 1730363519.1707
DEBUG 2025-01-13 22:51:17,648 autoreload File C:\Users\SIM\AppData\Local\Programs\Python\Python311\Lib\asyncio\windows_utils.py first seen with mtime 1686106818.0
DEBUG 2025-01-13 22:51:17,648 autoreload File C:\Users\SIM\AppData\Local\Programs\Python\Python311\Lib\urllib\__init__.py first seen with mtime 1686106818.0
DEBUG 2025-01-13 22:51:17,648 autoreload File C:\Users\SIM\AppData\Local\Programs\Python\Python311\Lib\email\errors.py first seen with mtime 1686106818.0
DEBUG 2025-01-13 22:51:17,648 autoreload File C:\Users\SIM\AppData\Roaming\Python\Python311\site-packages\django\utils\functional.py first seen with mtime 1730363519.518824
DEBUG 2025-01-13 22:51:17,648 autoreload File C:\Users\SIM\AppData\Local\Programs\Python\Python311\Lib\numbers.py first seen with mtime 1686106818.0
DEBUG 2025-01-13 22:51:17,648 autoreload File C:\Users\SIM\AppData\Roaming\Python\Python311\site-packages\django\contrib\messages\utils.py first seen with mtime 1730363517.0118935
DEBUG 2025-01-13 22:51:17,648 autoreload File C:\Users\SIM\AppData\Local\Programs\Python\Python311\Lib\struct.py first seen with mtime 1686106818.0
DEBUG 2025-01-13 22:51:17,648 autoreload File C:\Users\SIM\AppData\Roaming\Python\Python311\site-packages\django\dispatch\dispatcher.py first seen with mtime 1730363519.2213213
DEBUG 2025-01-13 22:51:17,648 autoreload File C:\Users\SIM\AppData\Local\Programs\Python\Python311\Lib\html\entities.py first seen with mtime 1686106818.0
DEBUG 2025-01-13 22:51:17,648 autoreload File C:\Users\SIM\AppData\Roaming\Python\Python311\site-packages\django\core\checks\security\sessions.py first seen with mtime 1730363518.8617742
DEBUG 2025-01-13 22:51:17,648 autoreload File C:\Users\SIM\AppData\Roaming\Python\Python311\site-packages\django\core\files\storage\mixins.py first seen with mtime 1730363518.8974378
DEBUG 2025-01-13 22:51:17,648 autoreload File C:\Users\SIM\AppData\Roaming\Python\Python311\site-packages\django\core\files\temp.py first seen with mtime 1730363518.878176
DEBUG 2025-01-13 22:51:17,648 autoreload File C:\Users\SIM\AppData\Roaming\Python\Python311\site-packages\django\templatetags\i18n.py first seen with mtime 1730363519.4613905
DEBUG 2025-01-13 22:51:17,648 autoreload File C:\Users\SIM\AppData\Roaming\Python\Python311\site-packages\django\forms\widgets.py first seen with mtime 1730363519.24311
DEBUG 2025-01-13 22:51:17,648 autoreload File C:\Users\SIM\AppData\Local\Programs\Python\Python311\Lib\email\__init__.py first seen with mtime 1686106818.0
DEBUG 2025-01-13 22:51:17,648 autoreload File C:\Users\SIM\AppData\Roaming\Python\Python311\site-packages\django\contrib\messages\storage\__init__.py first seen with mtime 1730363517.0174048
DEBUG 2025-01-13 22:51:17,648 autoreload File C:\Users\SIM\AppData\Local\Programs\Python\Python311\Lib\fnmatch.py first seen with mtime 1686106818.0
DEBUG 2025-01-13 22:51:17,648 autoreload File C:\Users\SIM\AppData\Local\Programs\Python\Python311\Lib\asyncio\staggered.py first seen with mtime 1686106818.0
DEBUG 2025-01-13 22:51:17,648 autoreload File C:\Users\SIM\AppData\Roaming\Python\Python311\site-packages\django\contrib\admin\filters.py first seen with mtime 1730363512.6959162
DEBUG 2025-01-13 22:51:17,648 autoreload File C:\Users\SIM\AppData\Local\Programs\Python\Python311\Lib\html\parser.py first seen with mtime 1686106818.0
DEBUG 2025-01-13 22:51:17,648 autoreload File C:\Users\SIM\AppData\Roaming\Python\Python311\site-packages\django\template\engine.py first seen with mtime 1730363519.428758
DEBUG 2025-01-13 22:51:17,648 autoreload File C:\Users\SIM\AppData\Local\Programs\Python\Python311\Lib\tokenize.py first seen with mtime 1686106818.0
DEBUG 2025-01-13 22:51:17,648 autoreload File C:\Users\SIM\AppData\Roaming\Python\Python311\site-packages\django\utils\_os.py first seen with mtime 1730363519.4856098
DEBUG 2025-01-13 22:51:17,648 autoreload File C:\Users\SIM\AppData\Local\Programs\Python\Python311\Lib\threading.py first seen with mtime 1686106818.0
DEBUG 2025-01-13 22:51:17,648 autoreload File C:\Users\SIM\AppData\Roaming\Python\Python311\site-packages\django\utils\module_loading.py first seen with mtime 1730363519.5421522
DEBUG 2025-01-13 22:51:17,648 autoreload File C:\Users\SIM\AppData\Local\Programs\Python\Python311\Lib\platform.py first seen with mtime 1686106818.0
DEBUG 2025-01-13 22:51:17,648 autoreload File C:\Users\SIM\AppData\Local\Programs\Python\Python311\Lib\asyncio\base_subprocess.py first seen with mtime 1686106818.0
DEBUG 2025-01-13 22:51:17,648 autoreload File C:\Users\SIM\AppData\Roaming\Python\Python311\site-packages\django\contrib\admin\templatetags\admin_list.py first seen with mtime 1730363513.9955804
DEBUG 2025-01-13 22:51:17,648 autoreload File C:\Users\SIM\AppData\Roaming\Python\Python311\site-packages\django\contrib\staticfiles\handlers.py first seen with mtime 1730363518.7730794
DEBUG 2025-01-13 22:51:17,648 autoreload File C:\Users\SIM\AppData\Roaming\Python\Python311\site-packages\django\utils\termcolors.py first seen with mtime 1730363519.5421522
DEBUG 2025-01-13 22:51:17,648 autoreload File C:\Users\SIM\AppData\Roaming\Python\Python311\site-packages\django\contrib\staticfiles\apps.py first seen with mtime 1730363518.768919
DEBUG 2025-01-13 22:51:17,648 autoreload File C:\Users\SIM\AppData\Local\Programs\Python\Python311\Lib\http\cookies.py first seen with mtime 1686106818.0
DEBUG 2025-01-13 22:51:17,648 autoreload File C:\Users\SIM\AppData\Local\Programs\Python\Python311\Lib\concurrent\futures\_base.py first seen with mtime 1686106818.0
DEBUG 2025-01-13 22:51:17,648 autoreload File C:\Users\SIM\AppData\Local\Programs\Python\Python311\Lib\json\__init__.py first seen with mtime 1686106818.0
DEBUG 2025-01-13 22:51:17,648 autoreload File C:\Users\SIM\AppData\Roaming\Python\Python311\site-packages\django\utils\duration.py first seen with mtime 1730363519.518824
DEBUG 2025-01-13 22:51:17,648 autoreload File C:\Users\SIM\AppData\Local\Programs\Python\Python311\Lib\urllib\parse.py first seen with mtime 1686106818.0
DEBUG 2025-01-13 22:51:17,648 autoreload File C:\Users\SIM\AppData\Local\Programs\Python\Python311\Lib\email\_header_value_parser.py first seen with mtime 1686106818.0
DEBUG 2025-01-13 22:51:17,648 autoreload File C:\Users\SIM\AppData\Roaming\Python\Python311\site-packages\django\core\exceptions.py first seen with mtime 1730363518.8052104
DEBUG 2025-01-13 22:51:17,648 autoreload File C:\Users\SIM\AppData\Roaming\Python\Python311\site-packages\django\contrib\contenttypes\models.py first seen with mtime 1730363515.2378173
DEBUG 2025-01-13 22:51:17,648 autoreload File C:\Users\SIM\AppData\Roaming\Python\Python311\site-packages\django\db\models\functions\__init__.py first seen with mtime 1730363519.1947956
DEBUG 2025-01-13 22:51:17,648 autoreload File C:\Users\SIM\AppData\Local\Programs\Python\Python311\Lib\re\_casefix.py first seen with mtime 1686106818.0
DEBUG 2025-01-13 22:51:17,648 autoreload File C:\Users\SIM\AppData\Roaming\Python\Python311\site-packages\django\contrib\auth\tokens.py first seen with mtime 1730363514.6519113
DEBUG 2025-01-13 22:51:17,652 autoreload File C:\Users\SIM\AppData\Roaming\Python\Python311\site-packages\django\views\__init__.py first seen with mtime 1730363519.5659022
DEBUG 2025-01-13 22:51:17,652 autoreload File C:\Users\SIM\AppData\Roaming\Python\Python311\site-packages\sqlparse\filters\others.py first seen with mtime 1730363510.8522604
DEBUG 2025-01-13 22:51:17,652 autoreload File C:\Users\SIM\AppData\Roaming\Python\Python311\site-packages\django\core\files\locks.py first seen with mtime 1730363518.8701553
DEBUG 2025-01-13 22:51:17,652 autoreload File C:\Users\SIM\AppData\Roaming\Python\Python311\site-packages\django\urls\__init__.py first seen with mtime 1730363519.4856098
DEBUG 2025-01-13 22:51:17,652 autoreload File C:\Users\SIM\AppData\Roaming\Python\Python311\site-packages\django\contrib\contenttypes\__init__.py first seen with mtime 1730363515.2186658
DEBUG 2025-01-13 22:51:17,652 autoreload File C:\Users\SIM\AppData\Roaming\Python\Python311\site-packages\django\db\backends\base\__init__.py first seen with mtime 1730363519.018852
DEBUG 2025-01-13 22:51:17,652 autoreload File C:\Users\SIM\AppData\Roaming\Python\Python311\site-packages\django\templatetags\tz.py first seen with mtime 1730363519.4694476
DEBUG 2025-01-13 22:51:17,652 autoreload File C:\Users\SIM\AppData\Roaming\Python\Python311\site-packages\django\utils\tree.py first seen with mtime 1730363519.5518892
DEBUG 2025-01-13 22:51:17,652 autoreload File C:\Users\SIM\AppData\Roaming\Python\Python311\site-packages\django\contrib\sessions\backends\__init__.py first seen with mtime 1730363517.7698474
DEBUG 2025-01-13 22:51:17,652 autoreload File C:\Users\SIM\AppData\Roaming\Python\Python311\site-packages\django\db\models\functions\math.py first seen with mtime 1730363519.2030535
DEBUG 2025-01-13 22:51:17,652 autoreload File C:\Users\SIM\AppData\Roaming\Python\Python311\site-packages\django\db\models\fields\related.py first seen with mtime 1730363519.1857815
DEBUG 2025-01-13 22:51:17,652 autoreload File C:\Users\SIM\AppData\Roaming\Python\Python311\site-packages\django\core\files\base.py first seen with mtime 1730363518.8701553
DEBUG 2025-01-13 22:51:17,652 autoreload File C:\Users\SIM\AppData\Local\Programs\Python\Python311\Lib\dataclasses.py first seen with mtime 1686106818.0
DEBUG 2025-01-13 22:51:17,652 autoreload File C:\Users\SIM\AppData\Local\Programs\Python\Python311\Lib\encodings\utf_8.py first seen with mtime 1686106818.0
DEBUG 2025-01-13 22:51:17,652 autoreload File C:\Users\SIM\AppData\Roaming\Python\Python311\site-packages\django\core\files\uploadedfile.py first seen with mtime 1730363518.878176
DEBUG 2025-01-13 22:51:17,652 autoreload File C:\Users\SIM\AppData\Roaming\Python\Python311\site-packages\django\forms\formsets.py first seen with mtime 1730363519.236009
DEBUG 2025-01-13 22:51:17,652 autoreload File C:\Users\SIM\AppData\Roaming\Python\Python311\site-packages\django\template\library.py first seen with mtime 1730363519.428758
DEBUG 2025-01-13 22:51:17,652 autoreload File C:\Users\SIM\AppData\Roaming\Python\Python311\site-packages\django\forms\boundfield.py first seen with mtime 1730363519.2348356
DEBUG 2025-01-13 22:51:17,656 autoreload File C:\Users\SIM\AppData\Roaming\Python\Python311\site-packages\django\views\static.py first seen with mtime 1730363519.5688384
DEBUG 2025-01-13 22:51:17,656 autoreload File C:\Users\SIM\AppData\Local\Programs\Python\Python311\Lib\json\scanner.py first seen with mtime 1686106818.0
DEBUG 2025-01-13 22:51:17,656 autoreload File C:\Users\SIM\AppData\Local\Programs\Python\Python311\Lib\site-packages\psycopg2\_json.py first seen with mtime 1731581176.263129
DEBUG 2025-01-13 22:51:17,656 autoreload File C:\Users\SIM\AppData\Local\Programs\Python\Python311\DLLs\_ssl.pyd first seen with mtime 1686106894.0
DEBUG 2025-01-13 22:51:17,656 autoreload File C:\Users\SIM\AppData\Roaming\Python\Python311\site-packages\django\contrib\auth\management\__init__.py first seen with mtime 1730363515.1852982
DEBUG 2025-01-13 22:51:17,656 autoreload File C:\Users\SIM\AppData\Roaming\Python\Python311\site-packages\django\views\debug.py first seen with mtime 1730363519.5685668
DEBUG 2025-01-13 22:51:17,656 autoreload File C:\Users\SIM\AppData\Roaming\Python\Python311\site-packages\sqlparse\exceptions.py first seen with mtime 1730363510.8352342
DEBUG 2025-01-13 22:51:17,656 autoreload File C:\Users\SIM\AppData\Local\Programs\Python\Python311\Lib\wsgiref\simple_server.py first seen with mtime 1686106818.0
DEBUG 2025-01-13 22:51:17,656 autoreload File C:\Users\SIM\Desktop\DJANGO\Proiect1\manage.py first seen with mtime 1730907575.2803433
DEBUG 2025-01-13 22:51:17,656 autoreload File C:\Users\SIM\AppData\Local\Programs\Python\Python311\Lib\getpass.py first seen with mtime 1686106818.0
DEBUG 2025-01-13 22:51:17,656 autoreload File C:\Users\SIM\AppData\Local\Programs\Python\Python311\DLLs\_uuid.pyd first seen with mtime 1686106894.0
DEBUG 2025-01-13 22:51:17,656 autoreload File C:\Users\SIM\AppData\Roaming\Python\Python311\site-packages\django\core\mail\message.py first seen with mtime 1730363518.9103847
DEBUG 2025-01-13 22:51:17,656 autoreload File C:\Users\SIM\AppData\Roaming\Python\Python311\site-packages\django\db\models\sql\datastructures.py first seen with mtime 1730363519.2187681
DEBUG 2025-01-13 22:51:17,656 autoreload File C:\Users\SIM\AppData\Roaming\Python\Python311\site-packages\django\template\defaultfilters.py first seen with mtime 1730363519.4187372
DEBUG 2025-01-13 22:51:17,656 autoreload File C:\Users\SIM\AppData\Roaming\Python\Python311\site-packages\django\core\handlers\asgi.py first seen with mtime 1730363518.9017847
DEBUG 2025-01-13 22:51:17,656 autoreload File C:\Users\SIM\AppData\Roaming\Python\Python311\site-packages\django\contrib\admin\templatetags\admin_urls.py first seen with mtime 1730363514.0001662
DEBUG 2025-01-13 22:51:17,656 autoreload File C:\Users\SIM\AppData\Local\Programs\Python\Python311\Lib\locale.py first seen with mtime 1686106818.0
DEBUG 2025-01-13 22:51:17,656 autoreload File C:\Users\SIM\AppData\Roaming\Python\Python311\site-packages\django\template\__init__.py first seen with mtime 1730363519.412928
DEBUG 2025-01-13 22:51:17,656 autoreload File C:\Users\SIM\AppData\Roaming\Python\Python311\site-packages\django\utils\safestring.py first seen with mtime 1730363519.5421522
DEBUG 2025-01-13 22:51:17,656 autoreload File C:\Users\SIM\AppData\Local\Programs\Python\Python311\Lib\email\feedparser.py first seen with mtime 1686106818.0
DEBUG 2025-01-13 22:51:17,656 autoreload File C:\Users\SIM\AppData\Local\Programs\Python\Python311\Lib\asyncio\queues.py first seen with mtime 1686106818.0
DEBUG 2025-01-13 22:51:17,656 autoreload File C:\Users\SIM\AppData\Local\Programs\Python\Python311\Lib\email\mime\base.py first seen with mtime 1686106818.0
DEBUG 2025-01-13 22:51:17,656 autoreload File C:\Users\SIM\AppData\Roaming\Python\Python311\site-packages\django\contrib\admin\sites.py first seen with mtime 1730363512.7042537
DEBUG 2025-01-13 22:51:17,656 autoreload File C:\Users\SIM\AppData\Roaming\Python\Python311\site-packages\django\db\migrations\operations\base.py first seen with mtime 1730363519.1384592
DEBUG 2025-01-13 22:51:17,656 autoreload File C:\Users\SIM\AppData\Roaming\Python\Python311\site-packages\django\http\request.py first seen with mtime 1730363519.396641
DEBUG 2025-01-13 22:51:17,656 autoreload File C:\Users\SIM\AppData\Roaming\Python\Python311\site-packages\django\utils\timezone.py first seen with mtime 1730363519.5518892
DEBUG 2025-01-13 22:51:17,656 autoreload File C:\Users\SIM\AppData\Roaming\Python\Python311\site-packages\django\contrib\contenttypes\views.py first seen with mtime 1730363515.2428498
DEBUG 2025-01-13 22:51:17,656 autoreload File C:\Users\SIM\AppData\Roaming\Python\Python311\site-packages\sqlparse\engine\filter_stack.py first seen with mtime 1730363510.8500051
DEBUG 2025-01-13 22:51:17,656 autoreload File C:\Users\SIM\AppData\Roaming\Python\Python311\site-packages\django\core\cache\utils.py first seen with mtime 1730363518.8194945
DEBUG 2025-01-13 22:51:17,656 autoreload File C:\Users\SIM\AppData\Roaming\Python\Python311\site-packages\django\middleware\clickjacking.py first seen with mtime 1730363519.403794
DEBUG 2025-01-13 22:51:17,656 autoreload File C:\Users\SIM\AppData\Roaming\Python\Python311\site-packages\django\contrib\staticfiles\management\commands\runserver.py first seen with mtime 1730363518.7970405
DEBUG 2025-01-13 22:51:17,656 autoreload File C:\Users\SIM\AppData\Roaming\Python\Python311\site-packages\django\db\backends\postgresql\base.py first seen with mtime 1730363519.073951
DEBUG 2025-01-13 22:51:17,656 autoreload File C:\Users\SIM\AppData\Roaming\Python\Python311\site-packages\django\core\files\storage\handler.py first seen with mtime 1730363518.8941734
DEBUG 2025-01-13 22:51:17,656 autoreload File C:\Users\SIM\AppData\Roaming\Python\Python311\site-packages\django\db\migrations\utils.py first seen with mtime 1730363519.1358416
DEBUG 2025-01-13 22:51:17,656 autoreload File C:\Users\SIM\AppData\Local\Programs\Python\Python311\Lib\encodings\cp1252.py first seen with mtime 1686106818.0
DEBUG 2025-01-13 22:51:17,656 autoreload File C:\Users\SIM\AppData\Local\Programs\Python\Python311\Lib\site-packages\colorama\initialise.py first seen with mtime 1686935914.822989
DEBUG 2025-01-13 22:51:17,656 autoreload File C:\Users\SIM\AppData\Roaming\Python\Python311\site-packages\django\contrib\sessions\apps.py first seen with mtime 1730363517.753992
DEBUG 2025-01-13 22:51:17,661 autoreload File C:\Users\SIM\AppData\Local\Programs\Python\Python311\Lib\contextvars.py first seen with mtime 1686106818.0
DEBUG 2025-01-13 22:51:17,661 autoreload File C:\Users\SIM\AppData\Roaming\Python\Python311\site-packages\asgiref\sync.py first seen with mtime 1730363511.5520134
DEBUG 2025-01-13 22:51:17,661 autoreload File C:\Users\SIM\AppData\Local\Programs\Python\Python311\DLLs\_decimal.pyd first seen with mtime 1686106894.0
DEBUG 2025-01-13 22:51:17,661 autoreload File C:\Users\SIM\AppData\Roaming\Python\Python311\site-packages\django\contrib\auth\models.py first seen with mtime 1730363514.6519113
DEBUG 2025-01-13 22:51:17,661 autoreload File C:\Users\SIM\AppData\Roaming\Python\Python311\site-packages\django\contrib\auth\base_user.py first seen with mtime 1730363514.6352322
DEBUG 2025-01-13 22:51:17,661 autoreload File C:\Users\SIM\AppData\Roaming\Python\Python311\site-packages\django\views\decorators\common.py first seen with mtime 1730363519.574051
DEBUG 2025-01-13 22:51:17,661 autoreload File C:\Users\SIM\Desktop\DJANGO\Proiect1\Proiect1\__init__.py first seen with mtime 1730907575.288558
DEBUG 2025-01-13 22:51:17,661 autoreload File C:\Users\SIM\AppData\Roaming\Python\Python311\site-packages\django\contrib\admin\templatetags\__init__.py first seen with mtime 1730363513.9955804
DEBUG 2025-01-13 22:51:17,661 autoreload File C:\Users\SIM\AppData\Roaming\Python\Python311\site-packages\django\contrib\sessions\backends\base.py first seen with mtime 1730363517.772861
DEBUG 2025-01-13 22:51:17,661 autoreload File C:\Users\SIM\AppData\Roaming\Python\Python311\site-packages\django\templatetags\l10n.py first seen with mtime 1730363519.4613905
DEBUG 2025-01-13 22:51:17,661 autoreload File C:\Users\SIM\AppData\Roaming\Python\Python311\site-packages\django\urls\converters.py first seen with mtime 1730363519.4856098
DEBUG 2025-01-13 22:51:17,661 autoreload File C:\Users\SIM\AppData\Roaming\Python\Python311\site-packages\django\core\checks\model_checks.py first seen with mtime 1730363518.8494656
DEBUG 2025-01-13 22:51:17,661 autoreload File C:\Users\SIM\AppData\Roaming\Python\Python311\site-packages\django\conf\locale\__init__.py first seen with mtime 1730363511.8850079
DEBUG 2025-01-13 22:51:17,661 autoreload File C:\Users\SIM\AppData\Roaming\Python\Python311\site-packages\django\db\models\options.py first seen with mtime 1730363519.1691873
DEBUG 2025-01-13 22:51:17,661 autoreload File C:\Users\SIM\AppData\Roaming\Python\Python311\site-packages\django\middleware\csrf.py first seen with mtime 1730363519.4048178
DEBUG 2025-01-13 22:51:17,661 autoreload File C:\Users\SIM\AppData\Roaming\Python\Python311\site-packages\django\contrib\auth\__init__.py first seen with mtime 1730363514.6305225
DEBUG 2025-01-13 22:51:17,661 autoreload File C:\Users\SIM\AppData\Local\Programs\Python\Python311\Lib\token.py first seen with mtime 1686106818.0
DEBUG 2025-01-13 22:51:17,661 autoreload File C:\Users\SIM\AppData\Local\Programs\Python\Python311\Lib\zoneinfo\__init__.py first seen with mtime 1686106818.0
DEBUG 2025-01-13 22:51:17,661 autoreload File C:\Users\SIM\AppData\Roaming\Python\Python311\site-packages\django\contrib\sites\__init__.py first seen with mtime 1730363518.3381288
DEBUG 2025-01-13 22:51:17,665 autoreload File C:\Users\SIM\AppData\Roaming\Python\Python311\site-packages\django\core\servers\__init__.py first seen with mtime 1730363519.000327
DEBUG 2025-01-13 22:51:17,665 autoreload File C:\Users\SIM\AppData\Roaming\Python\Python311\site-packages\django\template\smartif.py first seen with mtime 1730363519.437286
DEBUG 2025-01-13 22:51:17,665 autoreload File C:\Users\SIM\AppData\Local\Programs\Python\Python311\Lib\urllib\response.py first seen with mtime 1686106818.0
DEBUG 2025-01-13 22:51:17,665 autoreload File C:\Users\SIM\AppData\Roaming\Python\Python311\site-packages\django\forms\fields.py first seen with mtime 1730363519.236009
DEBUG 2025-01-13 22:51:17,665 autoreload File C:\Users\SIM\AppData\Roaming\Python\Python311\site-packages\django\templatetags\cache.py first seen with mtime 1730363519.4613905
DEBUG 2025-01-13 22:51:17,665 autoreload File C:\Users\SIM\AppData\Local\Programs\Python\Python311\Lib\asyncio\trsock.py first seen with mtime 1686106818.0
DEBUG 2025-01-13 22:51:17,665 autoreload File C:\Users\SIM\AppData\Local\Programs\Python\Python311\DLLs\_zoneinfo.pyd first seen with mtime 1686106896.0
DEBUG 2025-01-13 22:51:17,665 autoreload File C:\Users\SIM\AppData\Local\Programs\Python\Python311\Lib\site-packages\_distutils_hack\__init__.py first seen with mtime 1730365884.3330114
DEBUG 2025-01-13 22:51:17,665 autoreload File C:\Users\SIM\AppData\Local\Programs\Python\Python311\Lib\ast.py first seen with mtime 1686106818.0
DEBUG 2025-01-13 22:51:17,665 autoreload File C:\Users\SIM\AppData\Roaming\Python\Python311\site-packages\django\utils\dates.py first seen with mtime 1730363519.5096915
DEBUG 2025-01-13 22:51:17,665 autoreload File C:\Users\SIM\AppData\Local\Programs\Python\Python311\Lib\importlib\_abc.py first seen with mtime 1686106818.0
DEBUG 2025-01-13 22:51:17,665 autoreload File C:\Users\SIM\AppData\Local\Programs\Python\Python311\Lib\_markupbase.py first seen with mtime 1686106818.0
DEBUG 2025-01-13 22:51:17,665 autoreload File C:\Users\SIM\AppData\Local\Programs\Python\Python311\Lib\asyncio\locks.py first seen with mtime 1686106818.0
DEBUG 2025-01-13 22:51:17,665 autoreload File C:\Users\SIM\AppData\Local\Programs\Python\Python311\Lib\site-packages\psycopg2\_ipaddress.py first seen with mtime 1731581176.263129
DEBUG 2025-01-13 22:51:17,665 autoreload File C:\Users\SIM\AppData\Local\Programs\Python\Python311\Lib\email\utils.py first seen with mtime 1686106818.0
DEBUG 2025-01-13 22:51:17,665 autoreload File C:\Users\SIM\AppData\Local\Programs\Python\Python311\Lib\asyncio\runners.py first seen with mtime 1686106818.0
DEBUG 2025-01-13 22:51:17,665 autoreload File C:\Users\SIM\AppData\Roaming\Python\Python311\site-packages\django\db\models\sql\subqueries.py first seen with mtime 1730363519.2213213
DEBUG 2025-01-13 22:51:17,665 autoreload File C:\Users\SIM\AppData\Roaming\Python\Python311\site-packages\django\db\backends\base\schema.py first seen with mtime 1730363519.02519
DEBUG 2025-01-13 22:51:17,665 autoreload File C:\Users\SIM\AppData\Roaming\Python\Python311\site-packages\django\db\models\constants.py first seen with mtime 1730363519.1527572
DEBUG 2025-01-13 22:51:17,665 autoreload File C:\Users\SIM\AppData\Roaming\Python\Python311\site-packages\django\db\models\fields\mixins.py first seen with mtime 1730363519.1857815
DEBUG 2025-01-13 22:51:17,665 autoreload File C:\Users\SIM\AppData\Local\Programs\Python\Python311\Lib\asyncio\log.py first seen with mtime 1686106818.0
DEBUG 2025-01-13 22:51:17,665 autoreload File C:\Users\SIM\AppData\Local\Programs\Python\Python311\Lib\site-packages\PIL\ImageMode.py first seen with mtime 1713199321.8341837
DEBUG 2025-01-13 22:51:17,665 autoreload File C:\Users\SIM\AppData\Roaming\Python\Python311\site-packages\django\core\management\color.py first seen with mtime 1730363518.9344106
DEBUG 2025-01-13 22:51:17,665 autoreload File C:\Users\SIM\AppData\Roaming\Python\Python311\site-packages\django\views\generic\dates.py first seen with mtime 1730363519.5854342
DEBUG 2025-01-13 22:51:17,665 autoreload File C:\Users\SIM\AppData\Roaming\Python\Python311\site-packages\django\contrib\contenttypes\management\__init__.py first seen with mtime 1730363515.649366
DEBUG 2025-01-13 22:51:17,665 autoreload File C:\Users\SIM\AppData\Roaming\Python\Python311\site-packages\django\contrib\admin\actions.py first seen with mtime 1730363512.6853182
DEBUG 2025-01-13 22:51:17,665 autoreload File C:\Users\SIM\AppData\Roaming\Python\Python311\site-packages\django\contrib\messages\constants.py first seen with mtime 1730363517.0091832
DEBUG 2025-01-13 22:51:17,665 autoreload File C:\Users\SIM\AppData\Local\Programs\Python\Python311\DLLs\_hashlib.pyd first seen with mtime 1686106894.0
DEBUG 2025-01-13 22:51:17,665 autoreload File C:\Users\SIM\AppData\Roaming\Python\Python311\site-packages\django\db\backends\base\operations.py first seen with mtime 1730363519.02519
DEBUG 2025-01-13 22:51:17,665 autoreload File C:\Users\SIM\AppData\Local\Programs\Python\Python311\Lib\asyncio\exceptions.py first seen with mtime 1686106818.0
DEBUG 2025-01-13 22:51:17,665 autoreload File C:\Users\SIM\AppData\Roaming\Python\Python311\site-packages\django\apps\__init__.py first seen with mtime 1730363511.86104
DEBUG 2025-01-13 22:51:17,665 autoreload File C:\Users\SIM\AppData\Roaming\Python\Python311\site-packages\django\utils\log.py first seen with mtime 1730363519.5351002
DEBUG 2025-01-13 22:51:17,665 autoreload File C:\Users\SIM\AppData\Roaming\Python\Python311\site-packages\django\contrib\auth\decorators.py first seen with mtime 1730363514.6418157
DEBUG 2025-01-13 22:51:17,665 autoreload File C:\Users\SIM\AppData\Local\Programs\Python\Python311\Lib\reprlib.py first seen with mtime 1686106818.0
DEBUG 2025-01-13 22:51:17,665 autoreload File C:\Users\SIM\AppData\Local\Programs\Python\Python311\Lib\email\base64mime.py first seen with mtime 1686106818.0
DEBUG 2025-01-13 22:51:17,665 autoreload File C:\Users\SIM\AppData\Roaming\Python\Python311\site-packages\django\db\models\functions\mixins.py first seen with mtime 1730363519.2030535
DEBUG 2025-01-13 22:51:17,665 autoreload File C:\Users\SIM\AppData\Roaming\Python\Python311\site-packages\django\contrib\auth\views.py first seen with mtime 1730363514.662934
DEBUG 2025-01-13 22:51:17,665 autoreload File C:\Users\SIM\AppData\Roaming\Python\Python311\site-packages\django\contrib\admin\templatetags\log.py first seen with mtime 1730363514.00396
DEBUG 2025-01-13 22:51:17,665 autoreload File C:\Users\SIM\AppData\Roaming\Python\Python311\site-packages\django\contrib\sessions\exceptions.py first seen with mtime 1730363517.7646277
DEBUG 2025-01-13 22:51:17,665 autoreload File C:\Users\SIM\AppData\Roaming\Python\Python311\site-packages\django\utils\cache.py first seen with mtime 1730363519.5025089
DEBUG 2025-01-13 22:51:17,665 autoreload File C:\Users\SIM\AppData\Local\Programs\Python\Python311\Lib\site-packages\colorama\ansi.py first seen with mtime 1686935914.822989
DEBUG 2025-01-13 22:51:17,665 autoreload File C:\Users\SIM\AppData\Local\Programs\Python\Python311\Lib\asyncio\proactor_events.py first seen with mtime 1686106818.0
DEBUG 2025-01-13 22:51:17,665 autoreload File C:\Users\SIM\AppData\Roaming\Python\Python311\site-packages\django\db\models\query_utils.py first seen with mtime 1730363519.1707
DEBUG 2025-01-13 22:51:17,665 autoreload File C:\Users\SIM\AppData\Roaming\Python\Python311\site-packages\django\contrib\admin\templatetags\base.py first seen with mtime 1730363514.0031848
DEBUG 2025-01-13 22:51:17,665 autoreload File C:\Users\SIM\AppData\Local\Programs\Python\Python311\Lib\operator.py first seen with mtime 1686106818.0
DEBUG 2025-01-13 22:51:17,665 autoreload File C:\Users\SIM\AppData\Local\Programs\Python\Python311\Lib\email\_policybase.py first seen with mtime 1686106818.0
DEBUG 2025-01-13 22:51:17,665 autoreload File C:\Users\SIM\AppData\Local\Programs\Python\Python311\Lib\dis.py first seen with mtime 1686106818.0
DEBUG 2025-01-13 22:51:17,665 autoreload File C:\Users\SIM\AppData\Local\Programs\Python\Python311\Lib\types.py first seen with mtime 1686106818.0
DEBUG 2025-01-13 22:51:17,665 autoreload File C:\Users\SIM\AppData\Roaming\Python\Python311\site-packages\django\core\__init__.py first seen with mtime 1730363518.8052104
DEBUG 2025-01-13 22:51:17,673 autoreload File C:\Users\SIM\AppData\Roaming\Python\Python311\site-packages\django\urls\utils.py first seen with mtime 1730363519.4856098
DEBUG 2025-01-13 22:51:17,673 autoreload File C:\Users\SIM\AppData\Roaming\Python\Python311\site-packages\django\http\cookie.py first seen with mtime 1730363519.3856273
DEBUG 2025-01-13 22:51:17,673 autoreload File C:\Users\SIM\AppData\Local\Programs\Python\Python311\Lib\email\header.py first seen with mtime 1686106818.0
DEBUG 2025-01-13 22:51:17,673 autoreload File C:\Users\SIM\AppData\Roaming\Python\Python311\site-packages\sqlparse\engine\statement_splitter.py first seen with mtime 1730363510.8522604
DEBUG 2025-01-13 22:51:17,673 autoreload File C:\Users\SIM\AppData\Roaming\Python\Python311\site-packages\django\contrib\admin\checks.py first seen with mtime 1730363512.6853182
DEBUG 2025-01-13 22:51:17,673 autoreload File C:\Users\SIM\AppData\Local\Programs\Python\Python311\Lib\site-packages\PIL\TiffTags.py first seen with mtime 1713199321.914797
DEBUG 2025-01-13 22:51:17,673 autoreload File C:\Users\SIM\AppData\Local\Programs\Python\Python311\Lib\site-packages\PIL\_version.py first seen with mtime 1713199322.0304856
DEBUG 2025-01-13 22:51:17,673 autoreload File C:\Users\SIM\AppData\Local\Programs\Python\Python311\Lib\collections\__init__.py first seen with mtime 1686106818.0
DEBUG 2025-01-13 22:51:17,673 autoreload File C:\Users\SIM\AppData\Local\Programs\Python\Python311\Lib\pickle.py first seen with mtime 1686106818.0
DEBUG 2025-01-13 22:51:17,673 autoreload File C:\Users\SIM\AppData\Roaming\Python\Python311\site-packages\django\db\backends\base\introspection.py first seen with mtime 1730363519.02519
DEBUG 2025-01-13 22:51:17,673 autoreload File C:\Users\SIM\AppData\Roaming\Python\Python311\site-packages\django\contrib\sessions\base_session.py first seen with mtime 1730363517.753992
DEBUG 2025-01-13 22:51:17,673 autoreload File C:\Users\SIM\AppData\Local\Programs\Python\Python311\Lib\email\encoders.py first seen with mtime 1686106818.0
DEBUG 2025-01-13 22:51:17,673 autoreload File C:\Users\SIM\AppData\Roaming\Python\Python311\site-packages\django\forms\forms.py first seen with mtime 1730363519.236009
DEBUG 2025-01-13 22:51:17,673 autoreload File C:\Users\SIM\AppData\Roaming\Python\Python311\site-packages\django\contrib\admin\helpers.py first seen with mtime 1730363512.7032437
DEBUG 2025-01-13 22:51:17,673 autoreload File C:\Users\SIM\AppData\Roaming\Python\Python311\site-packages\sqlparse\filters\aligned_indent.py first seen with mtime 1730363510.8522604
DEBUG 2025-01-13 22:51:17,673 autoreload File C:\Users\SIM\AppData\Roaming\Python\Python311\site-packages\django\core\management\commands\runserver.py first seen with mtime 1730363518.9687588
DEBUG 2025-01-13 22:51:17,673 autoreload File C:\Users\SIM\AppData\Local\Programs\Python\Python311\Lib\copy.py first seen with mtime 1686106818.0
DEBUG 2025-01-13 22:51:17,673 autoreload File C:\Users\SIM\AppData\Roaming\Python\Python311\site-packages\django\conf\__init__.py first seen with mtime 1730363511.862605
DEBUG 2025-01-13 22:51:17,673 autoreload File C:\Users\SIM\AppData\Local\Programs\Python\Python311\Lib\wsgiref\handlers.py first seen with mtime 1686106818.0
DEBUG 2025-01-13 22:51:17,673 autoreload File C:\Users\SIM\AppData\Roaming\Python\Python311\site-packages\django\core\files\__init__.py first seen with mtime 1730363518.8686414
DEBUG 2025-01-13 22:51:17,673 autoreload File C:\Users\SIM\AppData\Roaming\Python\Python311\site-packages\django\db\backends\base\creation.py first seen with mtime 1730363519.024365
DEBUG 2025-01-13 22:51:17,673 autoreload File C:\Users\SIM\AppData\Roaming\Python\Python311\site-packages\django\http\__init__.py first seen with mtime 1730363519.3856273
DEBUG 2025-01-13 22:51:17,673 autoreload File C:\Users\SIM\AppData\Roaming\Python\Python311\site-packages\django\template\autoreload.py first seen with mtime 1730363519.4183285
DEBUG 2025-01-13 22:51:17,673 autoreload File C:\Users\SIM\AppData\Local\Programs\Python\Python311\Lib\collections\abc.py first seen with mtime 1686106818.0
DEBUG 2025-01-13 22:51:17,673 autoreload File C:\Users\SIM\AppData\Roaming\Python\Python311\site-packages\django\contrib\sites\shortcuts.py first seen with mtime 1730363518.352321
DEBUG 2025-01-13 22:51:17,673 autoreload File C:\Users\SIM\AppData\Roaming\Python\Python311\site-packages\django\template\response.py first seen with mtime 1730363519.4351766
DEBUG 2025-01-13 22:51:17,673 autoreload File C:\Users\SIM\AppData\Roaming\Python\Python311\site-packages\django\db\models\functions\datetime.py first seen with mtime 1730363519.2030535
DEBUG 2025-01-13 22:51:17,673 autoreload File C:\Users\SIM\AppData\Roaming\Python\Python311\site-packages\sqlparse\__init__.py first seen with mtime 1730363510.819172
DEBUG 2025-01-13 22:51:17,673 autoreload File C:\Users\SIM\AppData\Roaming\Python\Python311\site-packages\django\db\models\sql\__init__.py first seen with mtime 1730363519.2111301
DEBUG 2025-01-13 22:51:17,673 autoreload File C:\Users\SIM\AppData\Roaming\Python\Python311\site-packages\sqlparse\cli.py first seen with mtime 1730363510.8336992
DEBUG 2025-01-13 22:51:17,673 autoreload File C:\Users\SIM\AppData\Roaming\Python\Python311\site-packages\django\template\utils.py first seen with mtime 1730363519.437286
DEBUG 2025-01-13 22:51:17,673 autoreload File C:\Users\SIM\AppData\Local\Programs\Python\Python311\Lib\difflib.py first seen with mtime 1686106818.0
DEBUG 2025-01-13 22:51:17,673 autoreload File C:\Users\SIM\AppData\Roaming\Python\Python311\site-packages\django\core\handlers\__init__.py first seen with mtime 1730363518.8993983
DEBUG 2025-01-13 22:51:17,673 autoreload File C:\Users\SIM\AppData\Roaming\Python\Python311\site-packages\django\db\migrations\operations\models.py first seen with mtime 1730363519.1384592
DEBUG 2025-01-13 22:51:17,673 autoreload File C:\Users\SIM\AppData\Roaming\Python\Python311\site-packages\django\db\backends\postgresql\features.py first seen with mtime 1730363519.0819688
DEBUG 2025-01-13 22:51:17,673 autoreload File C:\Users\SIM\AppData\Roaming\Python\Python311\site-packages\django\utils\version.py first seen with mtime 1730363519.5518892
DEBUG 2025-01-13 22:51:17,673 autoreload File C:\Users\SIM\AppData\Local\Programs\Python\Python311\Lib\asyncio\mixins.py first seen with mtime 1686106818.0
DEBUG 2025-01-13 22:51:17,673 autoreload File C:\Users\SIM\AppData\Roaming\Python\Python311\site-packages\django\contrib\sites\requests.py first seen with mtime 1730363518.352321
DEBUG 2025-01-13 22:51:17,673 autoreload File C:\Users\SIM\AppData\Local\Programs\Python\Python311\Lib\lzma.py first seen with mtime 1686106818.0
DEBUG 2025-01-13 22:51:17,673 autoreload File C:\Users\SIM\AppData\Roaming\Python\Python311\site-packages\django\db\models\fields\__init__.py first seen with mtime 1730363519.1787376
DEBUG 2025-01-13 22:51:17,673 autoreload File C:\Users\SIM\AppData\Roaming\Python\Python311\site-packages\django\views\generic\detail.py first seen with mtime 1730363519.5854342
DEBUG 2025-01-13 22:51:17,673 autoreload File C:\Users\SIM\AppData\Local\Programs\Python\Python311\Lib\email\mime\__init__.py first seen with mtime 1686106818.0
DEBUG 2025-01-13 22:51:17,673 autoreload File C:\Users\SIM\AppData\Local\Programs\Python\Python311\DLLs\unicodedata.pyd first seen with mtime 1686106896.0
DEBUG 2025-01-13 22:51:17,673 autoreload File C:\Users\SIM\AppData\Roaming\Python\Python311\site-packages\django\contrib\staticfiles\__init__.py first seen with mtime 1730363518.768919
DEBUG 2025-01-13 22:51:17,673 autoreload File C:\Users\SIM\AppData\Roaming\Python\Python311\site-packages\django\db\migrations\operations\__init__.py first seen with mtime 1730363519.1384592
DEBUG 2025-01-13 22:51:17,673 autoreload File C:\Users\SIM\AppData\Local\Programs\Python\Python311\Lib\asyncio\sslproto.py first seen with mtime 1686106818.0
DEBUG 2025-01-13 22:51:17,673 autoreload File C:\Users\SIM\AppData\Local\Programs\Python\Python311\Lib\asyncio\tasks.py first seen with mtime 1686106818.0
DEBUG 2025-01-13 22:51:17,673 autoreload File C:\Users\SIM\AppData\Roaming\Python\Python311\site-packages\django\utils\formats.py first seen with mtime 1730363519.518824
DEBUG 2025-01-13 22:51:17,673 autoreload File C:\Users\SIM\AppData\Roaming\Python\Python311\site-packages\sqlparse\filters\reindent.py first seen with mtime 1730363510.8522604
DEBUG 2025-01-13 22:51:17,673 autoreload File C:\Users\SIM\AppData\Roaming\Python\Python311\site-packages\django\db\models\signals.py first seen with mtime 1730363519.1707
DEBUG 2025-01-13 22:51:17,673 autoreload File C:\Users\SIM\AppData\Roaming\Python\Python311\site-packages\sqlparse\sql.py first seen with mtime 1730363510.8419755
DEBUG 2025-01-13 22:51:17,673 autoreload File C:\Users\SIM\Desktop\DJANGO\Proiect1\Proiect1\urls.py first seen with mtime 1732800255.296215
DEBUG 2025-01-13 22:51:17,673 autoreload File C:\Users\SIM\AppData\Local\Programs\Python\Python311\Lib\encodings\aliases.py first seen with mtime 1686106818.0
DEBUG 2025-01-13 22:51:17,673 autoreload File C:\Users\SIM\AppData\Roaming\Python\Python311\site-packages\django\db\backends\postgresql\__init__.py first seen with mtime 1730363519.073951
DEBUG 2025-01-13 22:51:17,673 autoreload File C:\Users\SIM\AppData\Local\Programs\Python\Python311\Lib\base64.py first seen with mtime 1686106818.0
DEBUG 2025-01-13 22:51:17,673 autoreload File C:\Users\SIM\AppData\Local\Programs\Python\Python311\DLLs\_ctypes.pyd first seen with mtime 1686106896.0
DEBUG 2025-01-13 22:51:17,673 autoreload File C:\Users\SIM\AppData\Local\Programs\Python\Python311\Lib\argparse.py first seen with mtime 1686106818.0
DEBUG 2025-01-13 22:51:17,673 autoreload File C:\Users\SIM\AppData\Roaming\Python\Python311\site-packages\django\db\models\aggregates.py first seen with mtime 1730363519.1506968
DEBUG 2025-01-13 22:51:17,673 autoreload File C:\Users\SIM\AppData\Roaming\Python\Python311\site-packages\django\utils\translation\__init__.py first seen with mtime 1730363519.5518892
DEBUG 2025-01-13 22:51:17,673 autoreload File C:\Users\SIM\Desktop\DJANGO\Proiect1\aplicatie\__init__.py first seen with mtime 1730938752.565714
DEBUG 2025-01-13 22:51:17,673 autoreload File C:\Users\SIM\AppData\Roaming\Python\Python311\site-packages\django\utils\ipv6.py first seen with mtime 1730363519.5351002
DEBUG 2025-01-13 22:51:17,673 autoreload File C:\Users\SIM\AppData\Roaming\Python\Python311\site-packages\django\contrib\messages\api.py first seen with mtime 1730363517.005663
DEBUG 2025-01-13 22:51:17,673 autoreload File C:\Users\SIM\AppData\Local\Programs\Python\Python311\Lib\asyncio\transports.py first seen with mtime 1686106818.0
DEBUG 2025-01-13 22:51:17,673 autoreload File C:\Users\SIM\AppData\Roaming\Python\Python311\site-packages\django\core\serializers\python.py first seen with mtime 1730363519.000327
DEBUG 2025-01-13 22:51:17,673 autoreload File C:\Users\SIM\AppData\Roaming\Python\Python311\site-packages\django\db\backends\__init__.py first seen with mtime 1730363519.008809
DEBUG 2025-01-13 22:51:17,673 autoreload File C:\Users\SIM\AppData\Roaming\Python\Python311\site-packages\django\views\decorators\cache.py first seen with mtime 1730363519.574051
DEBUG 2025-01-13 22:51:17,673 autoreload File C:\Users\SIM\AppData\Roaming\Python\Python311\site-packages\django\utils\deconstruct.py first seen with mtime 1730363519.5096915
DEBUG 2025-01-13 22:51:17,673 autoreload File C:\Users\SIM\AppData\Roaming\Python\Python311\site-packages\sqlparse\engine\__init__.py first seen with mtime 1730363510.8419755
DEBUG 2025-01-13 22:51:17,673 autoreload File C:\Users\SIM\AppData\Roaming\Python\Python311\site-packages\django\db\models\sql\query.py first seen with mtime 1730363519.2213213
DEBUG 2025-01-13 22:51:17,673 autoreload File C:\Users\SIM\AppData\Roaming\Python\Python311\site-packages\django\contrib\staticfiles\finders.py first seen with mtime 1730363518.7730794
DEBUG 2025-01-13 22:51:17,673 autoreload File C:\Users\SIM\AppData\Local\Programs\Python\Python311\Lib\uuid.py first seen with mtime 1686106818.0
DEBUG 2025-01-13 22:51:17,673 autoreload File C:\Users\SIM\AppData\Roaming\Python\Python311\site-packages\django\core\checks\__init__.py first seen with mtime 1730363518.8379147
DEBUG 2025-01-13 22:51:17,673 autoreload File C:\Users\SIM\AppData\Local\Programs\Python\Python311\Lib\mimetypes.py first seen with mtime 1686106818.0
DEBUG 2025-01-13 22:51:17,673 autoreload File C:\Users\SIM\AppData\Roaming\Python\Python311\site-packages\django\core\cache\backends\base.py first seen with mtime 1730363518.8194945
DEBUG 2025-01-13 22:51:17,673 autoreload File C:\Users\SIM\AppData\Roaming\Python\Python311\site-packages\django\contrib\__init__.py first seen with mtime 1730363512.6822865
DEBUG 2025-01-13 22:51:17,681 autoreload File C:\Users\SIM\AppData\Local\Programs\Python\Python311\Lib\hashlib.py first seen with mtime 1686106818.0
DEBUG 2025-01-13 22:51:17,681 autoreload File C:\Users\SIM\AppData\Roaming\Python\Python311\site-packages\django\conf\global_settings.py first seen with mtime 1730363511.8686903
DEBUG 2025-01-13 22:51:17,681 autoreload File C:\Users\SIM\AppData\Roaming\Python\Python311\site-packages\django\core\checks\security\base.py first seen with mtime 1730363518.8617742
DEBUG 2025-01-13 22:51:17,681 autoreload File C:\Users\SIM\AppData\Local\Programs\Python\Python311\Lib\calendar.py first seen with mtime 1686106818.0
DEBUG 2025-01-13 22:51:17,681 autoreload File C:\Users\SIM\AppData\Local\Programs\Python\Python311\Lib\concurrent\futures\thread.py first seen with mtime 1686106818.0
DEBUG 2025-01-13 22:51:17,681 autoreload File C:\Users\SIM\AppData\Local\Programs\Python\Python311\Lib\glob.py first seen with mtime 1686106818.0
DEBUG 2025-01-13 22:51:17,681 autoreload File C:\Users\SIM\AppData\Roaming\Python\Python311\site-packages\django\templatetags\__init__.py first seen with mtime 1730363519.4523761
DEBUG 2025-01-13 22:51:17,681 autoreload File C:\Users\SIM\AppData\Roaming\Python\Python311\site-packages\django\core\checks\registry.py first seen with mtime 1730363518.8494656
DEBUG 2025-01-13 22:51:17,681 autoreload File C:\Users\SIM\AppData\Roaming\Python\Python311\site-packages\django\core\cache\backends\filebased.py first seen with mtime 1730363518.8295124
DEBUG 2025-01-13 22:51:17,681 autoreload File C:\Users\SIM\AppData\Roaming\Python\Python311\site-packages\django\contrib\staticfiles\views.py first seen with mtime 1730363518.7855203
DEBUG 2025-01-13 22:51:17,681 autoreload File C:\Users\SIM\AppData\Roaming\Python\Python311\site-packages\django\core\handlers\base.py first seen with mtime 1730363518.902088
DEBUG 2025-01-13 22:51:17,681 autoreload File C:\Users\SIM\AppData\Roaming\Python\Python311\site-packages\django\contrib\auth\backends.py first seen with mtime 1730363514.6352322
DEBUG 2025-01-13 22:51:17,681 autoreload File C:\Users\SIM\AppData\Roaming\Python\Python311\site-packages\django\core\checks\messages.py first seen with mtime 1730363518.8459451
DEBUG 2025-01-13 22:51:17,681 autoreload File C:\Users\SIM\AppData\Local\Programs\Python\Python311\Lib\warnings.py first seen with mtime 1686106818.0
DEBUG 2025-01-13 22:51:17,681 autoreload File C:\Users\SIM\AppData\Roaming\Python\Python311\site-packages\django\db\models\lookups.py first seen with mtime 1730363519.16236
DEBUG 2025-01-13 22:51:17,681 autoreload File C:\Users\SIM\AppData\Roaming\Python\Python311\site-packages\django\utils\regex_helper.py first seen with mtime 1730363519.5421522
DEBUG 2025-01-13 22:51:17,681 autoreload File C:\Users\SIM\AppData\Local\Programs\Python\Python311\Lib\asyncio\subprocess.py first seen with mtime 1686106818.0
DEBUG 2025-01-13 22:51:17,681 autoreload File C:\Users\SIM\AppData\Roaming\Python\Python311\site-packages\django\template\loaders\filesystem.py first seen with mtime 1730363519.4523761
DEBUG 2025-01-13 22:51:17,681 autoreload File C:\Users\SIM\AppData\Roaming\Python\Python311\site-packages\django\template\loaders\app_directories.py first seen with mtime 1730363519.4523761
DEBUG 2025-01-13 22:51:17,681 autoreload File C:\Users\SIM\AppData\Roaming\Python\Python311\site-packages\asgiref\local.py first seen with mtime 1730363511.5493543
DEBUG 2025-01-13 22:51:17,681 autoreload File C:\Users\SIM\AppData\Roaming\Python\Python311\site-packages\django\db\models\fields\files.py first seen with mtime 1730363519.1787376
DEBUG 2025-01-13 22:51:17,681 autoreload File C:\Users\SIM\AppData\Roaming\Python\Python311\site-packages\django\contrib\admin\apps.py first seen with mtime 1730363512.6853182
DEBUG 2025-01-13 22:51:17,681 autoreload File C:\Users\SIM\AppData\Local\Programs\Python\Python311\Lib\linecache.py first seen with mtime 1686106818.0
DEBUG 2025-01-13 22:51:17,681 autoreload File C:\Users\SIM\AppData\Roaming\Python\Python311\site-packages\django\db\models\constraints.py first seen with mtime 1730363519.1527572
DEBUG 2025-01-13 22:51:17,681 autoreload File C:\Users\SIM\AppData\Local\Programs\Python\Python311\Lib\subprocess.py first seen with mtime 1686106818.0
DEBUG 2025-01-13 22:51:17,681 autoreload File C:\Users\SIM\AppData\Roaming\Python\Python311\site-packages\django\templatetags\static.py first seen with mtime 1730363519.4684384
DEBUG 2025-01-13 22:51:17,681 autoreload File C:\Users\SIM\AppData\Local\Programs\Python\Python311\DLLs\_overlapped.pyd first seen with mtime 1686106894.0
DEBUG 2025-01-13 22:51:17,681 autoreload File C:\Users\SIM\AppData\Local\Programs\Python\Python311\Lib\enum.py first seen with mtime 1686106818.0
DEBUG 2025-01-13 22:51:17,681 autoreload File C:\Users\SIM\AppData\Roaming\Python\Python311\site-packages\django\db\models\sql\constants.py first seen with mtime 1730363519.2111301
DEBUG 2025-01-13 22:51:17,681 autoreload File C:\Users\SIM\AppData\Local\Programs\Python\Python311\Lib\re\_constants.py first seen with mtime 1686106818.0
DEBUG 2025-01-13 22:51:17,681 autoreload File C:\Users\SIM\AppData\Roaming\Python\Python311\site-packages\django\contrib\sessions\models.py first seen with mtime 1730363517.768443
DEBUG 2025-01-13 22:51:17,681 autoreload File C:\Users\SIM\AppData\Roaming\Python\Python311\site-packages\sqlparse\lexer.py first seen with mtime 1730363510.8374615
DEBUG 2025-01-13 22:51:17,681 autoreload File C:\Users\SIM\AppData\Local\Programs\Python\Python311\Lib\asyncio\__init__.py first seen with mtime 1686106818.0
DEBUG 2025-01-13 22:51:17,681 autoreload File C:\Users\SIM\AppData\Local\Programs\Python\Python311\Lib\importlib\__init__.py first seen with mtime 1686106818.0
DEBUG 2025-01-13 22:51:17,681 autoreload File C:\Users\SIM\AppData\Local\Programs\Python\Python311\Lib\graphlib.py first seen with mtime 1686106818.0
DEBUG 2025-01-13 22:51:17,681 autoreload File C:\Users\SIM\AppData\Roaming\Python\Python311\site-packages\django\contrib\admin\views\autocomplete.py first seen with mtime 1730363514.00396
DEBUG 2025-01-13 22:51:17,681 autoreload File C:\Users\SIM\AppData\Local\Programs\Python\Python311\Lib\http\client.py first seen with mtime 1686106818.0
DEBUG 2025-01-13 22:51:17,681 autoreload File C:\Users\SIM\AppData\Local\Programs\Python\Python311\Lib\copyreg.py first seen with mtime 1686106818.0
DEBUG 2025-01-13 22:51:17,681 autoreload File C:\Users\SIM\AppData\Local\Programs\Python\Python311\Lib\typing.py first seen with mtime 1686106818.0
DEBUG 2025-01-13 22:51:17,681 autoreload File C:\Users\SIM\AppData\Roaming\Python\Python311\site-packages\django\forms\models.py first seen with mtime 1730363519.236009
DEBUG 2025-01-13 22:51:17,681 autoreload File C:\Users\SIM\AppData\Roaming\Python\Python311\site-packages\django\utils\__init__.py first seen with mtime 1730363519.4856098
DEBUG 2025-01-13 22:51:17,681 autoreload File C:\Users\SIM\AppData\Roaming\Python\Python311\site-packages\django\contrib\sessions\__init__.py first seen with mtime 1730363517.753992
DEBUG 2025-01-13 22:51:17,681 autoreload File C:\Users\SIM\AppData\Roaming\Python\Python311\site-packages\django\contrib\sessions\middleware.py first seen with mtime 1730363517.7646277
DEBUG 2025-01-13 22:51:17,681 autoreload File C:\Users\SIM\AppData\Local\Programs\Python\Python311\Lib\site-packages\psycopg2\_range.py first seen with mtime 1731581176.280461
DEBUG 2025-01-13 22:51:17,681 autoreload File C:\Users\SIM\AppData\Local\Programs\Python\Python311\Lib\signal.py first seen with mtime 1686106818.0
DEBUG 2025-01-13 22:51:17,681 autoreload File C:\Users\SIM\AppData\Roaming\Python\Python311\site-packages\django\db\models\functions\comparison.py first seen with mtime 1730363519.201999
DEBUG 2025-01-13 22:51:17,681 autoreload File C:\Users\SIM\AppData\Roaming\Python\Python311\site-packages\django\contrib\messages\apps.py first seen with mtime 1730363517.005663
DEBUG 2025-01-13 22:51:17,681 autoreload File C:\Users\SIM\AppData\Local\Programs\Python\Python311\Lib\asyncio\threads.py first seen with mtime 1686106818.0
DEBUG 2025-01-13 22:51:17,681 autoreload File C:\Users\SIM\AppData\Roaming\Python\Python311\site-packages\django\db\models\fields\related_lookups.py first seen with mtime 1730363519.1947956
DEBUG 2025-01-13 22:51:17,681 autoreload File C:\Users\SIM\AppData\Roaming\Python\Python311\site-packages\django\core\wsgi.py first seen with mtime 1730363518.8134735
DEBUG 2025-01-13 22:51:17,681 autoreload File C:\Users\SIM\AppData\Local\Programs\Python\Python311\Lib\email\_parseaddr.py first seen with mtime 1686106818.0
DEBUG 2025-01-13 22:51:17,681 autoreload File C:\Users\SIM\AppData\Local\Programs\Python\Python311\Lib\json\decoder.py first seen with mtime 1686106818.0
DEBUG 2025-01-13 22:51:17,681 autoreload File C:\Users\SIM\AppData\Local\Programs\Python\Python311\Lib\email\contentmanager.py first seen with mtime 1686106818.0
DEBUG 2025-01-13 22:51:17,681 autoreload File C:\Users\SIM\AppData\Local\Programs\Python\Python311\Lib\asyncio\base_events.py first seen with mtime 1686106818.0
DEBUG 2025-01-13 22:51:17,681 autoreload File C:\Users\SIM\AppData\Roaming\Python\Python311\site-packages\django\views\generic\edit.py first seen with mtime 1730363519.5854342
DEBUG 2025-01-13 22:51:17,681 autoreload File C:\Users\SIM\AppData\Roaming\Python\Python311\site-packages\django\forms\__init__.py first seen with mtime 1730363519.2213213
DEBUG 2025-01-13 22:51:17,681 autoreload File C:\Users\SIM\AppData\Roaming\Python\Python311\site-packages\django\core\checks\files.py first seen with mtime 1730363518.8459451
DEBUG 2025-01-13 22:51:17,681 autoreload File C:\Users\SIM\AppData\Roaming\Python\Python311\site-packages\django\core\files\move.py first seen with mtime 1730363518.8701553
DEBUG 2025-01-13 22:51:17,681 autoreload File C:\Users\SIM\AppData\Roaming\Python\Python311\site-packages\django\template\loaders\base.py first seen with mtime 1730363519.4523761
DEBUG 2025-01-13 22:51:17,681 autoreload File C:\Users\SIM\AppData\Local\Programs\Python\Python311\DLLs\_lzma.pyd first seen with mtime 1686106894.0
DEBUG 2025-01-13 22:51:17,681 autoreload File C:\Users\SIM\AppData\Roaming\Python\Python311\site-packages\django\core\files\images.py first seen with mtime 1730363518.8701553
DEBUG 2025-01-13 22:51:17,681 autoreload File C:\Users\SIM\AppData\Roaming\Python\Python311\site-packages\django\__init__.py first seen with mtime 1730363511.85427
DEBUG 2025-01-13 22:51:17,681 autoreload File C:\Users\SIM\AppData\Local\Programs\Python\Python311\Lib\re\_parser.py first seen with mtime 1686106818.0
DEBUG 2025-01-13 22:51:17,681 autoreload File C:\Users\SIM\AppData\Roaming\Python\Python311\site-packages\django\views\generic\__init__.py first seen with mtime 1730363519.5854342
DEBUG 2025-01-13 22:51:17,681 autoreload File C:\Users\SIM\AppData\Local\Programs\Python\Python311\Lib\random.py first seen with mtime 1686106818.0
DEBUG 2025-01-13 22:51:17,681 autoreload File C:\Users\SIM\AppData\Roaming\Python\Python311\site-packages\django\http\response.py first seen with mtime 1730363519.396641
DEBUG 2025-01-13 22:51:17,681 autoreload File C:\Users\SIM\AppData\Roaming\Python\Python311\site-packages\django\core\files\utils.py first seen with mtime 1730363518.878176
DEBUG 2025-01-13 22:51:17,681 autoreload File C:\Users\SIM\AppData\Roaming\Python\Python311\site-packages\sqlparse\tokens.py first seen with mtime 1730363510.8419755
DEBUG 2025-01-13 22:51:17,681 autoreload File C:\Users\SIM\AppData\Local\Programs\Python\Python311\Lib\asyncio\base_futures.py first seen with mtime 1686106818.0
DEBUG 2025-01-13 22:51:17,681 autoreload File C:\Users\SIM\AppData\Roaming\Python\Python311\site-packages\django\utils\crypto.py first seen with mtime 1730363519.5096915
DEBUG 2025-01-13 22:51:17,681 autoreload File C:\Users\SIM\AppData\Local\Programs\Python\Python311\Lib\gettext.py first seen with mtime 1686106818.0
DEBUG 2025-01-13 22:51:17,681 autoreload File C:\Users\SIM\AppData\Roaming\Python\Python311\site-packages\django\db\models\manager.py first seen with mtime 1730363519.16236
DEBUG 2025-01-13 22:51:17,681 autoreload File C:\Users\SIM\AppData\Roaming\Python\Python311\site-packages\sqlparse\utils.py first seen with mtime 1730363510.8419755
DEBUG 2025-01-13 22:51:17,681 autoreload File C:\Users\SIM\AppData\Local\Programs\Python\Python311\Lib\heapq.py first seen with mtime 1686106818.0
DEBUG 2025-01-13 22:51:17,681 autoreload File C:\Users\SIM\AppData\Roaming\Python\Python311\site-packages\django\core\files\storage\filesystem.py first seen with mtime 1730363518.8861403
DEBUG 2025-01-13 22:51:17,681 autoreload File C:\Users\SIM\AppData\Roaming\Python\Python311\site-packages\django\utils\deprecation.py first seen with mtime 1730363519.518824
DEBUG 2025-01-13 22:51:17,681 autoreload File C:\Users\SIM\AppData\Local\Programs\Python\Python311\Lib\asyncio\timeouts.py first seen with mtime 1686106818.0
DEBUG 2025-01-13 22:51:17,681 autoreload File C:\Users\SIM\AppData\Roaming\Python\Python311\site-packages\django\db\migrations\operations\special.py first seen with mtime 1730363519.146573
DEBUG 2025-01-13 22:51:17,681 autoreload File C:\Users\SIM\AppData\Roaming\Python\Python311\site-packages\django\core\checks\database.py first seen with mtime 1730363518.8379147
DEBUG 2025-01-13 22:51:17,681 autoreload File C:\Users\SIM\AppData\Roaming\Python\Python311\site-packages\django\contrib\admin\exceptions.py first seen with mtime 1730363512.6959162
DEBUG 2025-01-13 22:51:17,681 autoreload File C:\Users\SIM\AppData\Local\Programs\Python\Python311\Lib\site-packages\colorama\winterm.py first seen with mtime 1686935914.822989
DEBUG 2025-01-13 22:51:17,681 autoreload File C:\Users\SIM\Desktop\DJANGO\Proiect1\aplicatie_exemplu\templates\adaugare_pizza.html first seen with mtime 1733405406.4156568
DEBUG 2025-01-13 22:51:17,689 autoreload File C:\Users\SIM\Desktop\DJANGO\Proiect1\aplicatie_exemplu\templates\adauga_promotie.html first seen with mtime 1734456694.1470876
DEBUG 2025-01-13 22:51:17,689 autoreload File C:\Users\SIM\Desktop\DJANGO\Proiect1\aplicatie_exemplu\templates\articole.html first seen with mtime 1732145058.6291988
DEBUG 2025-01-13 22:51:17,689 autoreload File C:\Users\SIM\Desktop\DJANGO\Proiect1\aplicatie_exemplu\templates\confirmare_email.html first seen with mtime 1734452863.3257353
DEBUG 2025-01-13 22:51:17,689 autoreload File C:\Users\SIM\Desktop\DJANGO\Proiect1\aplicatie_exemplu\templates\contact.html first seen with mtime 1733402852.2961094
DEBUG 2025-01-13 22:51:17,689 autoreload File C:\Users\SIM\Desktop\DJANGO\Proiect1\aplicatie_exemplu\templates\detalii_pizza.html first seen with mtime 1734458480.7238045
DEBUG 2025-01-13 22:51:17,689 autoreload File C:\Users\SIM\Desktop\DJANGO\Proiect1\aplicatie_exemplu\templates\email_promotie_meniu_seara.txt first seen with mtime 1736791277.0101433
DEBUG 2025-01-13 22:51:17,689 autoreload File C:\Users\SIM\Desktop\DJANGO\Proiect1\aplicatie_exemplu\templates\email_promotie_meniu_zi.txt first seen with mtime 1736790103.468267
DEBUG 2025-01-13 22:51:17,689 autoreload File C:\Users\SIM\Desktop\DJANGO\Proiect1\aplicatie_exemplu\templates\email_template.html first seen with mtime 1734453007.0543363
DEBUG 2025-01-13 22:51:17,689 autoreload File C:\Users\SIM\Desktop\DJANGO\Proiect1\aplicatie_exemplu\templates\inregistrare.html first seen with mtime 1734015717.9268386
DEBUG 2025-01-13 22:51:17,689 autoreload File C:\Users\SIM\Desktop\DJANGO\Proiect1\aplicatie_exemplu\templates\lista_promotii.html first seen with mtime 1734456694.2244902
DEBUG 2025-01-13 22:51:17,689 autoreload File C:\Users\SIM\Desktop\DJANGO\Proiect1\aplicatie_exemplu\templates\login.html first seen with mtime 1733880649.4997177
DEBUG 2025-01-13 22:51:17,689 autoreload File C:\Users\SIM\Desktop\DJANGO\Proiect1\aplicatie_exemplu\templates\mesaj_trimis.html first seen with mtime 1733403385.7844315
DEBUG 2025-01-13 22:51:17,689 autoreload File C:\Users\SIM\Desktop\DJANGO\Proiect1\aplicatie_exemplu\templates\password_change.html first seen with mtime 1734016886.585492
DEBUG 2025-01-13 22:51:17,689 autoreload File C:\Users\SIM\Desktop\DJANGO\Proiect1\aplicatie_exemplu\templates\password_change_done.html first seen with mtime 1734017321.539737
DEBUG 2025-01-13 22:51:17,689 autoreload File C:\Users\SIM\Desktop\DJANGO\Proiect1\aplicatie_exemplu\templates\pizzas.html first seen with mtime 1734458567.7909873
DEBUG 2025-01-13 22:51:17,689 autoreload File C:\Users\SIM\Desktop\DJANGO\Proiect1\aplicatie_exemplu\templates\prajituri.html first seen with mtime 1733249306.3769193
DEBUG 2025-01-13 22:51:17,689 autoreload File C:\Users\SIM\Desktop\DJANGO\Proiect1\aplicatie_exemplu\templates\profile.html first seen with mtime 1734016886.5941782
DEBUG 2025-01-13 22:51:17,689 autoreload File C:\Users\SIM\Desktop\DJANGO\Proiect1\aplicatie\templates\operatii.html first seen with mtime 1731591295.788468
DEBUG 2025-01-13 22:51:18,794 autoreload File C:\Users\SIM\AppData\Roaming\Python\Python311\site-packages\django\contrib\admin\migrations\0001_initial.py first seen with mtime 1730363513.645662
DEBUG 2025-01-13 22:51:18,794 autoreload File C:\Users\SIM\AppData\Roaming\Python\Python311\site-packages\django\contrib\auth\migrations\0007_alter_validators_add_error_messages.py first seen with mtime 1730363515.2055457
DEBUG 2025-01-13 22:51:18,794 autoreload File C:\Users\SIM\AppData\Local\Programs\Python\Python311\Lib\site-packages\PIL\_typing.py first seen with mtime 1713199322.0304856
DEBUG 2025-01-13 22:51:18,794 autoreload File C:\Users\SIM\AppData\Roaming\Python\Python311\site-packages\django\db\migrations\graph.py first seen with mtime 1730363519.1217487
DEBUG 2025-01-13 22:51:18,794 autoreload File C:\Users\SIM\Desktop\DJANGO\Proiect1\aplicatie_exemplu\migrations\0006_promotie_vizualizari.py first seen with mtime 1734456698.5619638
DEBUG 2025-01-13 22:51:18,794 autoreload File C:\Users\SIM\AppData\Roaming\Python\Python311\site-packages\django\contrib\auth\migrations\0003_alter_user_email_max_length.py first seen with mtime 1730363515.2026243
DEBUG 2025-01-13 22:51:18,794 autoreload File C:\Users\SIM\AppData\Roaming\Python\Python311\site-packages\django\db\migrations\loader.py first seen with mtime 1730363519.1217487
DEBUG 2025-01-13 22:51:18,794 autoreload File C:\Users\SIM\AppData\Roaming\Python\Python311\site-packages\django\contrib\admin\migrations\__init__.py first seen with mtime 1730363513.652066
DEBUG 2025-01-13 22:51:18,794 autoreload File C:\Users\SIM\Desktop\DJANGO\Proiect1\aplicatie_exemplu\migrations\0004_customuser_adresa_customuser_data_nasterii_and_more.py first seen with mtime 1734016340.0623882
DEBUG 2025-01-13 22:51:18,794 autoreload File C:\Users\SIM\Desktop\DJANGO\Proiect1\Proiect1\wsgi.py first seen with mtime 1730907575.288558
DEBUG 2025-01-13 22:51:18,794 autoreload File C:\Users\SIM\Desktop\DJANGO\Proiect1\aplicatie_exemplu\migrations\0003_remove_customuser_test_field.py first seen with mtime 1733883270.4782133
DEBUG 2025-01-13 22:51:18,794 autoreload File C:\Users\SIM\AppData\Local\Programs\Python\Python311\Lib\site-packages\PIL\_imaging.cp311-win_amd64.pyd first seen with mtime 1713199321.964252
DEBUG 2025-01-13 22:51:18,794 autoreload File C:\Users\SIM\AppData\Roaming\Python\Python311\site-packages\django\contrib\auth\migrations\0009_alter_user_last_name_max_length.py first seen with mtime 1730363515.2135768
DEBUG 2025-01-13 22:51:18,794 autoreload File C:\Users\SIM\AppData\Roaming\Python\Python311\site-packages\django\contrib\sessions\migrations\0001_initial.py first seen with mtime 1730363518.3192728
DEBUG 2025-01-13 22:51:18,794 autoreload File C:\Users\SIM\AppData\Roaming\Python\Python311\site-packages\django\db\models\sql\compiler.py first seen with mtime 1730363519.2111301
DEBUG 2025-01-13 22:51:18,794 autoreload File C:\Users\SIM\AppData\Roaming\Python\Python311\site-packages\django\contrib\auth\migrations\0012_alter_user_first_name_max_length.py first seen with mtime 1730363515.2186658
DEBUG 2025-01-13 22:51:18,794 autoreload File C:\Users\SIM\AppData\Local\Programs\Python\Python311\Lib\site-packages\PIL\_util.py first seen with mtime 1713199322.0304856
DEBUG 2025-01-13 22:51:18,802 autoreload File C:\Users\SIM\AppData\Roaming\Python\Python311\site-packages\django\conf\urls\__init__.py first seen with mtime 1730363512.6716802
DEBUG 2025-01-13 22:51:18,802 autoreload File C:\Users\SIM\AppData\Roaming\Python\Python311\site-packages\django\contrib\sessions\migrations\__init__.py first seen with mtime 1730363518.3192728
DEBUG 2025-01-13 22:51:18,802 autoreload File C:\Users\SIM\AppData\Roaming\Python\Python311\site-packages\django\contrib\auth\migrations\0011_update_proxy_permissions.py first seen with mtime 1730363515.2135768
DEBUG 2025-01-13 22:51:18,802 autoreload File C:\Users\SIM\AppData\Roaming\Python\Python311\site-packages\django\contrib\auth\migrations\0006_require_contenttypes_0002.py first seen with mtime 1730363515.2055457
DEBUG 2025-01-13 22:51:18,802 autoreload File C:\Users\SIM\AppData\Roaming\Python\Python311\site-packages\django\views\csrf.py first seen with mtime 1730363519.5659022
DEBUG 2025-01-13 22:51:18,802 autoreload File C:\Users\SIM\AppData\Roaming\Python\Python311\site-packages\django\contrib\auth\migrations\0001_initial.py first seen with mtime 1730363515.1973174
DEBUG 2025-01-13 22:51:18,802 autoreload File C:\Users\SIM\AppData\Roaming\Python\Python311\site-packages\django\contrib\admin\migrations\0002_logentry_remove_auto_add.py first seen with mtime 1730363513.652066
DEBUG 2025-01-13 22:51:18,802 autoreload File C:\Users\SIM\AppData\Roaming\Python\Python311\site-packages\django\core\cache\backends\locmem.py first seen with mtime 1730363518.8295124
DEBUG 2025-01-13 22:51:18,802 autoreload File C:\Users\SIM\AppData\Roaming\Python\Python311\site-packages\django\contrib\contenttypes\migrations\0001_initial.py first seen with mtime 1730363515.6521795
DEBUG 2025-01-13 22:51:18,802 autoreload File C:\Users\SIM\AppData\Roaming\Python\Python311\site-packages\django\db\migrations\recorder.py first seen with mtime 1730363519.1302652
DEBUG 2025-01-13 22:51:18,802 autoreload File C:\Users\SIM\AppData\Roaming\Python\Python311\site-packages\django\contrib\auth\migrations\__init__.py first seen with mtime 1730363515.2186658
DEBUG 2025-01-13 22:51:18,802 autoreload File C:\Users\SIM\AppData\Roaming\Python\Python311\site-packages\django\contrib\auth\migrations\0005_alter_user_last_login_null.py first seen with mtime 1730363515.2055457
DEBUG 2025-01-13 22:51:18,802 autoreload File C:\Users\SIM\Desktop\DJANGO\Proiect1\aplicatie_exemplu\migrations\0001_initial.py first seen with mtime 1733881962.020991
DEBUG 2025-01-13 22:51:18,802 autoreload File C:\Users\SIM\AppData\Roaming\Python\Python311\site-packages\django\views\defaults.py first seen with mtime 1730363519.5688384
DEBUG 2025-01-13 22:51:18,802 autoreload File C:\Users\SIM\AppData\Roaming\Python\Python311\site-packages\django\contrib\auth\migrations\0008_alter_user_username_max_length.py first seen with mtime 1730363515.2055457
DEBUG 2025-01-13 22:51:18,802 autoreload File C:\Users\SIM\AppData\Roaming\Python\Python311\site-packages\django\contrib\contenttypes\migrations\__init__.py first seen with mtime 1730363515.6521795
DEBUG 2025-01-13 22:51:18,802 autoreload File C:\Users\SIM\Desktop\DJANGO\Proiect1\aplicatie_exemplu\migrations\__init__.py first seen with mtime 1732801320.7642558
DEBUG 2025-01-13 22:51:18,810 autoreload File C:\Users\SIM\Desktop\DJANGO\Proiect1\aplicatie_exemplu\migrations\0005_customuser_cod_customuser_email_confirmat.py first seen with mtime 1734452382.3271067
DEBUG 2025-01-13 22:51:18,810 autoreload File C:\Users\SIM\AppData\Roaming\Python\Python311\site-packages\django\contrib\admin\migrations\0003_logentry_add_action_flag_choices.py first seen with mtime 1730363513.652066
DEBUG 2025-01-13 22:51:18,810 autoreload File C:\Users\SIM\AppData\Roaming\Python\Python311\site-packages\django\contrib\auth\migrations\0002_alter_permission_name_max_length.py first seen with mtime 1730363515.2019997
DEBUG 2025-01-13 22:51:18,810 autoreload File C:\Users\SIM\AppData\Local\Programs\Python\Python311\Lib\stringprep.py first seen with mtime 1686106818.0
DEBUG 2025-01-13 22:51:18,810 autoreload File C:\Users\SIM\AppData\Roaming\Python\Python311\site-packages\django\db\migrations\executor.py first seen with mtime 1730363519.1192303
DEBUG 2025-01-13 22:51:18,810 autoreload File C:\Users\SIM\AppData\Roaming\Python\Python311\site-packages\django\contrib\auth\migrations\0004_alter_user_username_opts.py first seen with mtime 1730363515.2035208
DEBUG 2025-01-13 22:51:18,810 autoreload File C:\Users\SIM\AppData\Roaming\Python\Python311\site-packages\django\contrib\auth\migrations\0010_alter_group_name_max_length.py first seen with mtime 1730363515.2135768
DEBUG 2025-01-13 22:51:18,810 autoreload File C:\Users\SIM\Desktop\DJANGO\Proiect1\aplicatie_exemplu\migrations\0002_customuser_test_field.py first seen with mtime 1733882372.8594377
DEBUG 2025-01-13 22:51:18,810 autoreload File C:\Users\SIM\AppData\Roaming\Python\Python311\site-packages\django\contrib\sessions\backends\db.py first seen with mtime 1730363517.772861
DEBUG 2025-01-13 22:51:18,810 autoreload File C:\Users\SIM\AppData\Local\Programs\Python\Python311\Lib\encodings\idna.py first seen with mtime 1686106818.0
DEBUG 2025-01-13 22:51:18,810 autoreload File C:\Users\SIM\AppData\Roaming\Python\Python311\site-packages\django\contrib\contenttypes\migrations\0002_remove_content_type_name.py first seen with mtime 1730363515.6521795
DEBUG 2025-01-13 22:53:45,644 autoreload File C:\Users\SIM\Desktop\DJANGO\Proiect1\aplicatie_exemplu\views.py previous mtime: 1736801475.491477, current mtime: 1736801624.6991367
DEBUG 2025-01-13 22:53:45,652 autoreload C:\Users\SIM\Desktop\DJANGO\Proiect1\aplicatie_exemplu\views.py notified as changed. Signal results: [(<function template_changed at 0x000001B80C2CC900>, None), (<function translation_file_changed at 0x000001B80D2B5760>, None)].
INFO 2025-01-13 22:53:45,652 autoreload C:\Users\SIM\Desktop\DJANGO\Proiect1\aplicatie_exemplu\views.py changed, reloading.
INFO 2025-01-13 22:53:46,566 autoreload Watching for file changes with StatReloader
DEBUG 2025-01-13 22:53:46,567 autoreload Waiting for apps ready_event.
DEBUG 2025-01-13 22:53:46,633 autoreload Apps ready_event triggered. Sending autoreload_started signal.
DEBUG 2025-01-13 22:53:46,640 autoreload Watching dir C:\Users\SIM\Desktop\DJANGO\Proiect1\aplicatie_exemplu\templates with glob **/*.
DEBUG 2025-01-13 22:53:46,640 autoreload Watching dir C:\Users\SIM\Desktop\DJANGO\Proiect1\aplicatie\templates with glob **/*.
DEBUG 2025-01-13 22:53:46,649 autoreload Watching dir C:\Users\SIM\Desktop\DJANGO\Proiect1\locale with glob **/*.mo.
DEBUG 2025-01-13 22:53:46,649 autoreload Watching dir C:\Users\SIM\Desktop\DJANGO\Proiect1\aplicatie_exemplu\locale with glob **/*.mo.
DEBUG 2025-01-13 22:53:46,795 utils (0.000) 
            SELECT
                c.relname,
                CASE
                    WHEN c.relispartition THEN 'p'
                    WHEN c.relkind IN ('m', 'v') THEN 'v'
                    ELSE 't'
                END,
                obj_description(c.oid, 'pg_class')
            FROM pg_catalog.pg_class c
            LEFT JOIN pg_catalog.pg_namespace n ON n.oid = c.relnamespace
            WHERE c.relkind IN ('f', 'm', 'p', 'r', 'v')
                AND n.nspname NOT IN ('pg_catalog', 'pg_toast')
                AND pg_catalog.pg_table_is_visible(c.oid)
        ; args=None; alias=default
DEBUG 2025-01-13 22:53:46,804 utils (0.015) SELECT "django_migrations"."id", "django_migrations"."app", "django_migrations"."name", "django_migrations"."applied" FROM "django_migrations"; args=(); alias=default
DEBUG 2025-01-13 22:53:46,828 autoreload File C:\Users\SIM\AppData\Local\Programs\Python\Python311\Lib\site-packages\colorama\ansi.py first seen with mtime 1686935914.822989
DEBUG 2025-01-13 22:53:46,828 autoreload File C:\Users\SIM\AppData\Roaming\Python\Python311\site-packages\asgiref\sync.py first seen with mtime 1730363511.5520134
DEBUG 2025-01-13 22:53:46,828 autoreload File C:\Users\SIM\AppData\Roaming\Python\Python311\site-packages\sqlparse\filters\output.py first seen with mtime 1730363510.8522604
DEBUG 2025-01-13 22:53:46,828 autoreload File C:\Users\SIM\AppData\Roaming\Python\Python311\site-packages\django\core\checks\caches.py first seen with mtime 1730363518.8379147
DEBUG 2025-01-13 22:53:46,828 autoreload File C:\Users\SIM\AppData\Roaming\Python\Python311\site-packages\django\forms\boundfield.py first seen with mtime 1730363519.2348356
DEBUG 2025-01-13 22:53:46,828 autoreload File C:\Users\SIM\AppData\Roaming\Python\Python311\site-packages\django\middleware\security.py first seen with mtime 1730363519.412928
DEBUG 2025-01-13 22:53:46,828 autoreload File C:\Users\SIM\AppData\Roaming\Python\Python311\site-packages\django\db\backends\postgresql\creation.py first seen with mtime 1730363519.0819688
DEBUG 2025-01-13 22:53:46,828 autoreload File C:\Users\SIM\Desktop\DJANGO\Proiect1\aplicatie_exemplu\apps.py first seen with mtime 1730907848.1215076
DEBUG 2025-01-13 22:53:46,828 autoreload File C:\Users\SIM\AppData\Roaming\Python\Python311\site-packages\django\core\cache\utils.py first seen with mtime 1730363518.8194945
DEBUG 2025-01-13 22:53:46,828 autoreload File C:\Users\SIM\AppData\Roaming\Python\Python311\site-packages\sqlparse\formatter.py first seen with mtime 1730363510.8357532
DEBUG 2025-01-13 22:53:46,828 autoreload File C:\Users\SIM\AppData\Roaming\Python\Python311\site-packages\django\utils\deprecation.py first seen with mtime 1730363519.518824
DEBUG 2025-01-13 22:53:46,828 autoreload File C:\Users\SIM\AppData\Roaming\Python\Python311\site-packages\django\views\generic\__init__.py first seen with mtime 1730363519.5854342
DEBUG 2025-01-13 22:53:46,828 autoreload File C:\Users\SIM\AppData\Roaming\Python\Python311\site-packages\django\core\management\color.py first seen with mtime 1730363518.9344106
DEBUG 2025-01-13 22:53:46,828 autoreload File C:\Users\SIM\AppData\Local\Programs\Python\Python311\Lib\urllib\__init__.py first seen with mtime 1686106818.0
DEBUG 2025-01-13 22:53:46,828 autoreload File C:\Users\SIM\AppData\Local\Programs\Python\Python311\Lib\email\mime\__init__.py first seen with mtime 1686106818.0
DEBUG 2025-01-13 22:53:46,828 autoreload File C:\Users\SIM\AppData\Roaming\Python\Python311\site-packages\django\contrib\admin\widgets.py first seen with mtime 1730363512.7183719
DEBUG 2025-01-13 22:53:46,837 autoreload File C:\Users\SIM\AppData\Roaming\Python\Python311\site-packages\django\contrib\messages\constants.py first seen with mtime 1730363517.0091832
DEBUG 2025-01-13 22:53:46,837 autoreload File C:\Users\SIM\AppData\Roaming\Python\Python311\site-packages\django\views\__init__.py first seen with mtime 1730363519.5659022
DEBUG 2025-01-13 22:53:46,837 autoreload File C:\Users\SIM\AppData\Roaming\Python\Python311\site-packages\django\utils\http.py first seen with mtime 1730363519.5337405
DEBUG 2025-01-13 22:53:46,837 autoreload File C:\Users\SIM\AppData\Roaming\Python\Python311\site-packages\django\db\backends\base\validation.py first seen with mtime 1730363519.0328045
DEBUG 2025-01-13 22:53:46,838 autoreload File C:\Users\SIM\AppData\Roaming\Python\Python311\site-packages\django\views\generic\list.py first seen with mtime 1730363519.5854342
DEBUG 2025-01-13 22:53:46,838 autoreload File C:\Users\SIM\AppData\Local\Programs\Python\Python311\Lib\functools.py first seen with mtime 1686106818.0
DEBUG 2025-01-13 22:53:46,838 autoreload File C:\Users\SIM\AppData\Roaming\Python\Python311\site-packages\django\template\response.py first seen with mtime 1730363519.4351766
DEBUG 2025-01-13 22:53:46,838 autoreload File C:\Users\SIM\AppData\Local\Programs\Python\Python311\Lib\platform.py first seen with mtime 1686106818.0
DEBUG 2025-01-13 22:53:46,838 autoreload File C:\Users\SIM\AppData\Roaming\Python\Python311\site-packages\django\contrib\admin\helpers.py first seen with mtime 1730363512.7032437
DEBUG 2025-01-13 22:53:46,838 autoreload File C:\Users\SIM\AppData\Roaming\Python\Python311\site-packages\django\contrib\admin\templatetags\log.py first seen with mtime 1730363514.00396
DEBUG 2025-01-13 22:53:46,838 autoreload File C:\Users\SIM\AppData\Roaming\Python\Python311\site-packages\django\contrib\admin\templatetags\base.py first seen with mtime 1730363514.0031848
DEBUG 2025-01-13 22:53:46,838 autoreload File C:\Users\SIM\AppData\Roaming\Python\Python311\site-packages\django\contrib\messages\__init__.py first seen with mtime 1730363517.005663
DEBUG 2025-01-13 22:53:46,838 autoreload File C:\Users\SIM\AppData\Local\Programs\Python\Python311\Lib\email\_encoded_words.py first seen with mtime 1686106818.0
DEBUG 2025-01-13 22:53:46,838 autoreload File C:\Users\SIM\AppData\Roaming\Python\Python311\site-packages\django\templatetags\static.py first seen with mtime 1730363519.4684384
DEBUG 2025-01-13 22:53:46,838 autoreload File C:\Users\SIM\AppData\Local\Programs\Python\Python311\DLLs\_queue.pyd first seen with mtime 1686106894.0
DEBUG 2025-01-13 22:53:46,838 autoreload File C:\Users\SIM\AppData\Local\Programs\Python\Python311\Lib\linecache.py first seen with mtime 1686106818.0
DEBUG 2025-01-13 22:53:46,838 autoreload File C:\Users\SIM\AppData\Roaming\Python\Python311\site-packages\django\db\models\functions\math.py first seen with mtime 1730363519.2030535
DEBUG 2025-01-13 22:53:46,838 autoreload File C:\Users\SIM\AppData\Roaming\Python\Python311\site-packages\django\templatetags\i18n.py first seen with mtime 1730363519.4613905
DEBUG 2025-01-13 22:53:46,838 autoreload File C:\Users\SIM\AppData\Roaming\Python\Python311\site-packages\django\utils\termcolors.py first seen with mtime 1730363519.5421522
DEBUG 2025-01-13 22:53:46,838 autoreload File C:\Users\SIM\AppData\Local\Programs\Python\Python311\Lib\email\contentmanager.py first seen with mtime 1686106818.0
DEBUG 2025-01-13 22:53:46,838 autoreload File C:\Users\SIM\AppData\Local\Programs\Python\Python311\Lib\re\_parser.py first seen with mtime 1686106818.0
DEBUG 2025-01-13 22:53:46,838 autoreload File C:\Users\SIM\AppData\Roaming\Python\Python311\site-packages\django\core\signals.py first seen with mtime 1730363518.8052104
DEBUG 2025-01-13 22:53:46,838 autoreload File C:\Users\SIM\AppData\Local\Programs\Python\Python311\Lib\urllib\request.py first seen with mtime 1686106818.0
DEBUG 2025-01-13 22:53:46,838 autoreload File C:\Users\SIM\AppData\Roaming\Python\Python311\site-packages\django\template\loader.py first seen with mtime 1730363519.428758
DEBUG 2025-01-13 22:53:46,838 autoreload File C:\Users\SIM\AppData\Roaming\Python\Python311\site-packages\django\utils\safestring.py first seen with mtime 1730363519.5421522
DEBUG 2025-01-13 22:53:46,838 autoreload File C:\Users\SIM\AppData\Roaming\Python\Python311\site-packages\django\forms\renderers.py first seen with mtime 1730363519.24311
DEBUG 2025-01-13 22:53:46,838 autoreload File C:\Users\SIM\AppData\Local\Programs\Python\Python311\Lib\asyncio\log.py first seen with mtime 1686106818.0
DEBUG 2025-01-13 22:53:46,838 autoreload File C:\Users\SIM\AppData\Roaming\Python\Python311\site-packages\django\core\checks\database.py first seen with mtime 1730363518.8379147
DEBUG 2025-01-13 22:53:46,838 autoreload File C:\Users\SIM\AppData\Roaming\Python\Python311\site-packages\django\middleware\clickjacking.py first seen with mtime 1730363519.403794
DEBUG 2025-01-13 22:53:46,838 autoreload File C:\Users\SIM\AppData\Roaming\Python\Python311\site-packages\django\contrib\staticfiles\utils.py first seen with mtime 1730363518.7855203
DEBUG 2025-01-13 22:53:46,838 autoreload File C:\Users\SIM\AppData\Local\Programs\Python\Python311\Lib\selectors.py first seen with mtime 1686106818.0
DEBUG 2025-01-13 22:53:46,838 autoreload File C:\Users\SIM\AppData\Roaming\Python\Python311\site-packages\django\contrib\auth\middleware.py first seen with mtime 1730363514.6469238
DEBUG 2025-01-13 22:53:46,838 autoreload File C:\Users\SIM\AppData\Roaming\Python\Python311\site-packages\django\contrib\contenttypes\checks.py first seen with mtime 1730363515.2296836
DEBUG 2025-01-13 22:53:46,838 autoreload File C:\Users\SIM\AppData\Local\Programs\Python\Python311\Lib\hashlib.py first seen with mtime 1686106818.0
DEBUG 2025-01-13 22:53:46,838 autoreload File C:\Users\SIM\AppData\Local\Programs\Python\Python311\Lib\asyncio\subprocess.py first seen with mtime 1686106818.0
DEBUG 2025-01-13 22:53:46,838 autoreload File C:\Users\SIM\AppData\Roaming\Python\Python311\site-packages\django\utils\version.py first seen with mtime 1730363519.5518892
DEBUG 2025-01-13 22:53:46,838 autoreload File C:\Users\SIM\AppData\Roaming\Python\Python311\site-packages\django\db\migrations\migration.py first seen with mtime 1730363519.1217487
DEBUG 2025-01-13 22:53:46,838 autoreload File C:\Users\SIM\AppData\Local\Programs\Python\Python311\Lib\zoneinfo\__init__.py first seen with mtime 1686106818.0
DEBUG 2025-01-13 22:53:46,838 autoreload File C:\Users\SIM\AppData\Local\Programs\Python\Python311\Lib\re\_constants.py first seen with mtime 1686106818.0
DEBUG 2025-01-13 22:53:46,838 autoreload File C:\Users\SIM\AppData\Roaming\Python\Python311\site-packages\django\views\generic\base.py first seen with mtime 1730363519.5854342
DEBUG 2025-01-13 22:53:46,838 autoreload File C:\Users\SIM\AppData\Local\Programs\Python\Python311\Lib\html\parser.py first seen with mtime 1686106818.0
DEBUG 2025-01-13 22:53:46,838 autoreload File C:\Users\SIM\AppData\Local\Programs\Python\Python311\Lib\re\_compiler.py first seen with mtime 1686106818.0
DEBUG 2025-01-13 22:53:46,838 autoreload File C:\Users\SIM\AppData\Roaming\Python\Python311\site-packages\sqlparse\filters\__init__.py first seen with mtime 1730363510.8522604
DEBUG 2025-01-13 22:53:46,838 autoreload File C:\Users\SIM\AppData\Local\Programs\Python\Python311\Lib\email\mime\base.py first seen with mtime 1686106818.0
DEBUG 2025-01-13 22:53:46,838 autoreload File C:\Users\SIM\AppData\Roaming\Python\Python311\site-packages\django\db\models\fields\related.py first seen with mtime 1730363519.1857815
DEBUG 2025-01-13 22:53:46,838 autoreload File C:\Users\SIM\AppData\Local\Programs\Python\Python311\DLLs\_overlapped.pyd first seen with mtime 1686106894.0
DEBUG 2025-01-13 22:53:46,838 autoreload File C:\Users\SIM\AppData\Local\Programs\Python\Python311\Lib\email\mime\nonmultipart.py first seen with mtime 1686106818.0
DEBUG 2025-01-13 22:53:46,838 autoreload File C:\Users\SIM\AppData\Roaming\Python\Python311\site-packages\django\db\backends\postgresql\client.py first seen with mtime 1730363519.073951
DEBUG 2025-01-13 22:53:46,838 autoreload File C:\Users\SIM\AppData\Roaming\Python\Python311\site-packages\django\contrib\__init__.py first seen with mtime 1730363512.6822865
DEBUG 2025-01-13 22:53:46,838 autoreload File C:\Users\SIM\AppData\Roaming\Python\Python311\site-packages\django\core\files\temp.py first seen with mtime 1730363518.878176
DEBUG 2025-01-13 22:53:46,838 autoreload File C:\Users\SIM\AppData\Local\Programs\Python\Python311\Lib\dis.py first seen with mtime 1686106818.0
DEBUG 2025-01-13 22:53:46,838 autoreload File C:\Users\SIM\AppData\Local\Programs\Python\Python311\Lib\encodings\__init__.py first seen with mtime 1686106818.0
DEBUG 2025-01-13 22:53:46,838 autoreload File C:\Users\SIM\AppData\Roaming\Python\Python311\site-packages\django\db\models\functions\mixins.py first seen with mtime 1730363519.2030535
DEBUG 2025-01-13 22:53:46,838 autoreload File C:\Users\SIM\AppData\Roaming\Python\Python311\site-packages\django\core\files\storage\handler.py first seen with mtime 1730363518.8941734
DEBUG 2025-01-13 22:53:46,838 autoreload File C:\Users\SIM\AppData\Roaming\Python\Python311\site-packages\django\db\models\fields\json.py first seen with mtime 1730363519.1787376
DEBUG 2025-01-13 22:53:46,838 autoreload File C:\Users\SIM\AppData\Local\Programs\Python\Python311\Lib\signal.py first seen with mtime 1686106818.0
DEBUG 2025-01-13 22:53:46,838 autoreload File C:\Users\SIM\AppData\Roaming\Python\Python311\site-packages\django\db\models\fields\proxy.py first seen with mtime 1730363519.1857815
DEBUG 2025-01-13 22:53:46,838 autoreload File C:\Users\SIM\AppData\Local\Programs\Python\Python311\Lib\email\feedparser.py first seen with mtime 1686106818.0
DEBUG 2025-01-13 22:53:46,838 autoreload File C:\Users\SIM\AppData\Local\Programs\Python\Python311\Lib\uuid.py first seen with mtime 1686106818.0
DEBUG 2025-01-13 22:53:46,838 autoreload File C:\Users\SIM\AppData\Roaming\Python\Python311\site-packages\django\core\checks\urls.py first seen with mtime 1730363518.8527594
DEBUG 2025-01-13 22:53:46,838 autoreload File C:\Users\SIM\AppData\Roaming\Python\Python311\site-packages\django\shortcuts.py first seen with mtime 1730363511.8592458
DEBUG 2025-01-13 22:53:46,844 autoreload File C:\Users\SIM\AppData\Roaming\Python\Python311\site-packages\django\contrib\admin\exceptions.py first seen with mtime 1730363512.6959162
DEBUG 2025-01-13 22:53:46,844 autoreload File C:\Users\SIM\AppData\Roaming\Python\Python311\site-packages\django\db\models\expressions.py first seen with mtime 1730363519.16236
DEBUG 2025-01-13 22:53:46,844 autoreload File C:\Users\SIM\AppData\Roaming\Python\Python311\site-packages\django\db\models\signals.py first seen with mtime 1730363519.1707
DEBUG 2025-01-13 22:53:46,844 autoreload File C:\Users\SIM\AppData\Roaming\Python\Python311\site-packages\django\forms\__init__.py first seen with mtime 1730363519.2213213
DEBUG 2025-01-13 22:53:46,844 autoreload File C:\Users\SIM\AppData\Roaming\Python\Python311\site-packages\django\template\backends\__init__.py first seen with mtime 1730363519.437286
DEBUG 2025-01-13 22:53:46,845 autoreload File C:\Users\SIM\AppData\Roaming\Python\Python311\site-packages\django\core\checks\model_checks.py first seen with mtime 1730363518.8494656
DEBUG 2025-01-13 22:53:46,845 autoreload File C:\Users\SIM\AppData\Roaming\Python\Python311\site-packages\django\contrib\messages\utils.py first seen with mtime 1730363517.0118935
DEBUG 2025-01-13 22:53:46,845 autoreload File C:\Users\SIM\AppData\Roaming\Python\Python311\site-packages\django\contrib\staticfiles\apps.py first seen with mtime 1730363518.768919
DEBUG 2025-01-13 22:53:46,845 autoreload File C:\Users\SIM\AppData\Roaming\Python\Python311\site-packages\django\core\files\storage\mixins.py first seen with mtime 1730363518.8974378
DEBUG 2025-01-13 22:53:46,845 autoreload File C:\Users\SIM\AppData\Roaming\Python\Python311\site-packages\django\db\models\functions\datetime.py first seen with mtime 1730363519.2030535
DEBUG 2025-01-13 22:53:46,845 autoreload File C:\Users\SIM\AppData\Roaming\Python\Python311\site-packages\django\utils\timezone.py first seen with mtime 1730363519.5518892
DEBUG 2025-01-13 22:53:46,845 autoreload File C:\Users\SIM\AppData\Local\Programs\Python\Python311\Lib\email\_policybase.py first seen with mtime 1686106818.0
DEBUG 2025-01-13 22:53:46,845 autoreload File C:\Users\SIM\AppData\Roaming\Python\Python311\site-packages\sqlparse\engine\__init__.py first seen with mtime 1730363510.8419755
DEBUG 2025-01-13 22:53:46,845 autoreload File C:\Users\SIM\AppData\Roaming\Python\Python311\site-packages\django\contrib\admin\filters.py first seen with mtime 1730363512.6959162
DEBUG 2025-01-13 22:53:46,845 autoreload File C:\Users\SIM\AppData\Roaming\Python\Python311\site-packages\django\contrib\contenttypes\__init__.py first seen with mtime 1730363515.2186658
DEBUG 2025-01-13 22:53:46,845 autoreload File C:\Users\SIM\AppData\Roaming\Python\Python311\site-packages\django\core\files\locks.py first seen with mtime 1730363518.8701553
DEBUG 2025-01-13 22:53:46,845 autoreload File C:\Users\SIM\AppData\Roaming\Python\Python311\site-packages\django\contrib\messages\storage\__init__.py first seen with mtime 1730363517.0174048
DEBUG 2025-01-13 22:53:46,845 autoreload File C:\Users\SIM\AppData\Roaming\Python\Python311\site-packages\django\db\models\utils.py first seen with mtime 1730363519.1707
DEBUG 2025-01-13 22:53:46,845 autoreload File C:\Users\SIM\AppData\Roaming\Python\Python311\site-packages\django\core\management\commands\runserver.py first seen with mtime 1730363518.9687588
DEBUG 2025-01-13 22:53:46,845 autoreload File C:\Users\SIM\AppData\Roaming\Python\Python311\site-packages\django\db\models\fields\related_lookups.py first seen with mtime 1730363519.1947956
DEBUG 2025-01-13 22:53:46,845 autoreload File C:\Users\SIM\AppData\Roaming\Python\Python311\site-packages\django\contrib\contenttypes\forms.py first seen with mtime 1730363515.2378173
DEBUG 2025-01-13 22:53:46,845 autoreload File C:\Users\SIM\AppData\Roaming\Python\Python311\site-packages\django\urls\resolvers.py first seen with mtime 1730363519.4856098
DEBUG 2025-01-13 22:53:46,845 autoreload File C:\Users\SIM\AppData\Local\Programs\Python\Python311\Lib\pickle.py first seen with mtime 1686106818.0
DEBUG 2025-01-13 22:53:46,845 autoreload File C:\Users\SIM\AppData\Roaming\Python\Python311\site-packages\django\db\backends\base\introspection.py first seen with mtime 1730363519.02519
DEBUG 2025-01-13 22:53:46,845 autoreload File C:\Users\SIM\AppData\Roaming\Python\Python311\site-packages\django\core\exceptions.py first seen with mtime 1730363518.8052104
DEBUG 2025-01-13 22:53:46,845 autoreload File C:\Users\SIM\AppData\Local\Programs\Python\Python311\Lib\asyncio\base_subprocess.py first seen with mtime 1686106818.0
DEBUG 2025-01-13 22:53:46,845 autoreload File C:\Users\SIM\AppData\Local\Programs\Python\Python311\Lib\socketserver.py first seen with mtime 1686106818.0
DEBUG 2025-01-13 22:53:46,845 autoreload File C:\Users\SIM\AppData\Roaming\Python\Python311\site-packages\django\templatetags\tz.py first seen with mtime 1730363519.4694476
DEBUG 2025-01-13 22:53:46,845 autoreload File C:\Users\SIM\AppData\Roaming\Python\Python311\site-packages\django\db\backends\base\creation.py first seen with mtime 1730363519.024365
DEBUG 2025-01-13 22:53:46,845 autoreload File C:\Users\SIM\AppData\Local\Programs\Python\Python311\Lib\site-packages\colorama\ansitowin32.py first seen with mtime 1686935914.822989
DEBUG 2025-01-13 22:53:46,845 autoreload File C:\Users\SIM\AppData\Local\Programs\Python\Python311\Lib\asyncio\mixins.py first seen with mtime 1686106818.0
DEBUG 2025-01-13 22:53:46,845 autoreload File C:\Users\SIM\AppData\Local\Programs\Python\Python311\Lib\enum.py first seen with mtime 1686106818.0
DEBUG 2025-01-13 22:53:46,845 autoreload File C:\Users\SIM\AppData\Roaming\Python\Python311\site-packages\django\contrib\messages\middleware.py first seen with mtime 1730363517.0118935
DEBUG 2025-01-13 22:53:46,845 autoreload File C:\Users\SIM\AppData\Local\Programs\Python\Python311\Lib\site-packages\psycopg2\errors.py first seen with mtime 1731581176.280461
DEBUG 2025-01-13 22:53:46,845 autoreload File C:\Users\SIM\AppData\Roaming\Python\Python311\site-packages\django\contrib\messages\apps.py first seen with mtime 1730363517.005663
DEBUG 2025-01-13 22:53:46,845 autoreload File C:\Users\SIM\AppData\Roaming\Python\Python311\site-packages\django\db\models\fields\generated.py first seen with mtime 1730363519.1787376
DEBUG 2025-01-13 22:53:46,845 autoreload File C:\Users\SIM\AppData\Local\Programs\Python\Python311\Lib\json\__init__.py first seen with mtime 1686106818.0
DEBUG 2025-01-13 22:53:46,845 autoreload File C:\Users\SIM\AppData\Roaming\Python\Python311\site-packages\django\core\files\__init__.py first seen with mtime 1730363518.8686414
DEBUG 2025-01-13 22:53:46,845 autoreload File C:\Users\SIM\AppData\Roaming\Python\Python311\site-packages\django\contrib\auth\password_validation.py first seen with mtime 1730363514.6519113
DEBUG 2025-01-13 22:53:46,845 autoreload File C:\Users\SIM\AppData\Roaming\Python\Python311\site-packages\django\core\handlers\__init__.py first seen with mtime 1730363518.8993983
DEBUG 2025-01-13 22:53:46,845 autoreload File C:\Users\SIM\AppData\Local\Programs\Python\Python311\Lib\asyncio\staggered.py first seen with mtime 1686106818.0
DEBUG 2025-01-13 22:53:46,845 autoreload File C:\Users\SIM\AppData\Roaming\Python\Python311\site-packages\django\template\backends\base.py first seen with mtime 1730363519.437286
DEBUG 2025-01-13 22:53:46,845 autoreload File C:\Users\SIM\AppData\Local\Programs\Python\Python311\Lib\textwrap.py first seen with mtime 1686106818.0
DEBUG 2025-01-13 22:53:46,845 autoreload File C:\Users\SIM\AppData\Roaming\Python\Python311\site-packages\django\contrib\staticfiles\management\__init__.py first seen with mtime 1730363518.7855203
DEBUG 2025-01-13 22:53:46,845 autoreload File C:\Users\SIM\AppData\Local\Programs\Python\Python311\Lib\concurrent\futures\__init__.py first seen with mtime 1686106818.0
DEBUG 2025-01-13 22:53:46,845 autoreload File C:\Users\SIM\AppData\Roaming\Python\Python311\site-packages\django\db\backends\postgresql\operations.py first seen with mtime 1730363519.0883665
DEBUG 2025-01-13 22:53:46,845 autoreload File C:\Users\SIM\AppData\Roaming\Python\Python311\site-packages\django\contrib\auth\decorators.py first seen with mtime 1730363514.6418157
DEBUG 2025-01-13 22:53:46,845 autoreload File C:\Users\SIM\AppData\Roaming\Python\Python311\site-packages\django\db\models\lookups.py first seen with mtime 1730363519.16236
DEBUG 2025-01-13 22:53:46,845 autoreload File C:\Users\SIM\AppData\Local\Programs\Python\Python311\Lib\locale.py first seen with mtime 1686106818.0
DEBUG 2025-01-13 22:53:46,845 autoreload File C:\Users\SIM\AppData\Roaming\Python\Python311\site-packages\django\contrib\messages\storage\base.py first seen with mtime 1730363517.0185566
DEBUG 2025-01-13 22:53:46,845 autoreload File C:\Users\SIM\AppData\Roaming\Python\Python311\site-packages\django\core\checks\registry.py first seen with mtime 1730363518.8494656
DEBUG 2025-01-13 22:53:46,845 autoreload File C:\Users\SIM\AppData\Roaming\Python\Python311\site-packages\django\utils\translation\__init__.py first seen with mtime 1730363519.5518892
DEBUG 2025-01-13 22:53:46,845 autoreload File C:\Users\SIM\AppData\Roaming\Python\Python311\site-packages\django\core\checks\templates.py first seen with mtime 1730363518.8527594
DEBUG 2025-01-13 22:53:46,845 autoreload File C:\Users\SIM\AppData\Local\Programs\Python\Python311\Lib\email\base64mime.py first seen with mtime 1686106818.0
DEBUG 2025-01-13 22:53:46,845 autoreload File C:\Users\SIM\AppData\Roaming\Python\Python311\site-packages\django\core\checks\compatibility\django_4_0.py first seen with mtime 1730363518.8527594
DEBUG 2025-01-13 22:53:46,845 autoreload File C:\Users\SIM\AppData\Roaming\Python\Python311\site-packages\django\dispatch\__init__.py first seen with mtime 1730363519.2213213
DEBUG 2025-01-13 22:53:46,845 autoreload File C:\Users\SIM\AppData\Local\Programs\Python\Python311\Lib\copyreg.py first seen with mtime 1686106818.0
DEBUG 2025-01-13 22:53:46,845 autoreload File C:\Users\SIM\AppData\Roaming\Python\Python311\site-packages\django\core\validators.py first seen with mtime 1730363518.8134735
DEBUG 2025-01-13 22:53:46,845 autoreload File C:\Users\SIM\AppData\Roaming\Python\Python311\site-packages\django\core\files\storage\memory.py first seen with mtime 1730363518.8955162
DEBUG 2025-01-13 22:53:46,845 autoreload File C:\Users\SIM\AppData\Roaming\Python\Python311\site-packages\django\contrib\admin\decorators.py first seen with mtime 1730363512.6959162
DEBUG 2025-01-13 22:53:46,845 autoreload File C:\Users\SIM\AppData\Roaming\Python\Python311\site-packages\django\urls\exceptions.py first seen with mtime 1730363519.4856098
DEBUG 2025-01-13 22:53:46,845 autoreload File C:\Users\SIM\AppData\Local\Programs\Python\Python311\Lib\http\client.py first seen with mtime 1686106818.0
DEBUG 2025-01-13 22:53:46,845 autoreload File C:\Users\SIM\AppData\Local\Programs\Python\Python311\Lib\getpass.py first seen with mtime 1686106818.0
DEBUG 2025-01-13 22:53:46,845 autoreload File C:\Users\SIM\AppData\Roaming\Python\Python311\site-packages\django\db\models\constraints.py first seen with mtime 1730363519.1527572
DEBUG 2025-01-13 22:53:46,845 autoreload File C:\Users\SIM\AppData\Roaming\Python\Python311\site-packages\django\utils\__init__.py first seen with mtime 1730363519.4856098
DEBUG 2025-01-13 22:53:46,845 autoreload File C:\Users\SIM\AppData\Local\Programs\Python\Python311\Lib\site-packages\colorama\initialise.py first seen with mtime 1686935914.822989
DEBUG 2025-01-13 22:53:46,845 autoreload File C:\Users\SIM\AppData\Roaming\Python\Python311\site-packages\django\db\backends\base\client.py first seen with mtime 1730363519.018852
DEBUG 2025-01-13 22:53:46,845 autoreload File C:\Users\SIM\AppData\Local\Programs\Python\Python311\Lib\re\__init__.py first seen with mtime 1686106818.0
DEBUG 2025-01-13 22:53:46,845 autoreload File C:\Users\SIM\AppData\Roaming\Python\Python311\site-packages\django\db\models\indexes.py first seen with mtime 1730363519.16236
DEBUG 2025-01-13 22:53:46,845 autoreload File C:\Users\SIM\Desktop\DJANGO\Proiect1\aplicatie\urls.py first seen with mtime 1731590821.3337376
DEBUG 2025-01-13 22:53:46,845 autoreload File C:\Users\SIM\AppData\Roaming\Python\Python311\site-packages\django\core\files\base.py first seen with mtime 1730363518.8701553
DEBUG 2025-01-13 22:53:46,845 autoreload File C:\Users\SIM\AppData\Roaming\Python\Python311\site-packages\django\core\files\storage\__init__.py first seen with mtime 1730363518.8861403
DEBUG 2025-01-13 22:53:46,845 autoreload File C:\Users\SIM\AppData\Local\Programs\Python\Python311\Lib\asyncio\locks.py first seen with mtime 1686106818.0
DEBUG 2025-01-13 22:53:46,845 autoreload File C:\Users\SIM\AppData\Roaming\Python\Python311\site-packages\django\core\handlers\base.py first seen with mtime 1730363518.902088
DEBUG 2025-01-13 22:53:46,845 autoreload File C:\Users\SIM\AppData\Roaming\Python\Python311\site-packages\django\views\decorators\cache.py first seen with mtime 1730363519.574051
DEBUG 2025-01-13 22:53:46,845 autoreload File C:\Users\SIM\AppData\Local\Programs\Python\Python311\Lib\ctypes\wintypes.py first seen with mtime 1686106818.0
DEBUG 2025-01-13 22:53:46,845 autoreload File C:\Users\SIM\AppData\Local\Programs\Python\Python311\Lib\re\_casefix.py first seen with mtime 1686106818.0
DEBUG 2025-01-13 22:53:46,845 autoreload File C:\Users\SIM\AppData\Roaming\Python\Python311\site-packages\django\core\files\utils.py first seen with mtime 1730363518.878176
DEBUG 2025-01-13 22:53:46,845 autoreload File C:\Users\SIM\AppData\Local\Programs\Python\Python311\Lib\bisect.py first seen with mtime 1686106818.0
DEBUG 2025-01-13 22:53:46,845 autoreload File C:\Users\SIM\AppData\Local\Programs\Python\Python311\DLLs\_hashlib.pyd first seen with mtime 1686106894.0
DEBUG 2025-01-13 22:53:46,845 autoreload File C:\Users\SIM\AppData\Local\Programs\Python\Python311\DLLs\_ssl.pyd first seen with mtime 1686106894.0
DEBUG 2025-01-13 22:53:46,845 autoreload File C:\Users\SIM\AppData\Local\Programs\Python\Python311\Lib\site-packages\colorama\winterm.py first seen with mtime 1686935914.822989
DEBUG 2025-01-13 22:53:46,845 autoreload File C:\Users\SIM\AppData\Roaming\Python\Python311\site-packages\django\contrib\auth\backends.py first seen with mtime 1730363514.6352322
DEBUG 2025-01-13 22:53:46,845 autoreload File C:\Users\SIM\AppData\Roaming\Python\Python311\site-packages\django\db\models\fields\files.py first seen with mtime 1730363519.1787376
DEBUG 2025-01-13 22:53:46,845 autoreload File C:\Users\SIM\AppData\Roaming\Python\Python311\site-packages\django\contrib\admin\models.py first seen with mtime 1730363512.7042537
DEBUG 2025-01-13 22:53:46,845 autoreload File C:\Users\SIM\AppData\Roaming\Python\Python311\site-packages\django\core\management\commands\__init__.py first seen with mtime 1730363518.9353774
DEBUG 2025-01-13 22:53:46,845 autoreload File C:\Users\SIM\AppData\Roaming\Python\Python311\site-packages\django\contrib\contenttypes\apps.py first seen with mtime 1730363515.2296836
DEBUG 2025-01-13 22:53:46,845 autoreload File C:\Users\SIM\AppData\Roaming\Python\Python311\site-packages\django\core\servers\basehttp.py first seen with mtime 1730363519.0074275
DEBUG 2025-01-13 22:53:46,845 autoreload File C:\Users\SIM\AppData\Roaming\Python\Python311\site-packages\django\__init__.py first seen with mtime 1730363511.85427
DEBUG 2025-01-13 22:53:46,845 autoreload File C:\Users\SIM\AppData\Roaming\Python\Python311\site-packages\django\core\serializers\__init__.py first seen with mtime 1730363518.986077
DEBUG 2025-01-13 22:53:46,845 autoreload File C:\Users\SIM\AppData\Roaming\Python\Python311\site-packages\django\template\context.py first seen with mtime 1730363519.4187372
DEBUG 2025-01-13 22:53:46,845 autoreload File C:\Users\SIM\AppData\Local\Programs\Python\Python311\Lib\logging\handlers.py first seen with mtime 1686106818.0
DEBUG 2025-01-13 22:53:46,845 autoreload File C:\Users\SIM\AppData\Roaming\Python\Python311\site-packages\django\utils\connection.py first seen with mtime 1730363519.5025089
DEBUG 2025-01-13 22:53:46,845 autoreload File C:\Users\SIM\AppData\Roaming\Python\Python311\site-packages\django\views\decorators\csrf.py first seen with mtime 1730363519.574051
DEBUG 2025-01-13 22:53:46,845 autoreload File C:\Users\SIM\AppData\Local\Programs\Python\Python311\Lib\hmac.py first seen with mtime 1686106818.0
DEBUG 2025-01-13 22:53:46,845 autoreload File C:\Users\SIM\AppData\Roaming\Python\Python311\site-packages\django\templatetags\l10n.py first seen with mtime 1730363519.4613905
DEBUG 2025-01-13 22:53:46,845 autoreload File C:\Users\SIM\AppData\Roaming\Python\Python311\site-packages\django\core\files\uploadhandler.py first seen with mtime 1730363518.878176
DEBUG 2025-01-13 22:53:46,845 autoreload File C:\Users\SIM\AppData\Roaming\Python\Python311\site-packages\django\http\multipartparser.py first seen with mtime 1730363519.3856273
DEBUG 2025-01-13 22:53:46,845 autoreload File C:\Users\SIM\AppData\Roaming\Python\Python311\site-packages\django\utils\autoreload.py first seen with mtime 1730363519.5025089
DEBUG 2025-01-13 22:53:46,845 autoreload File C:\Users\SIM\Desktop\DJANGO\Proiect1\aplicatie\__init__.py first seen with mtime 1730938752.565714
DEBUG 2025-01-13 22:53:46,845 autoreload File C:\Users\SIM\AppData\Local\Programs\Python\Python311\Lib\tempfile.py first seen with mtime 1686106818.0
DEBUG 2025-01-13 22:53:46,845 autoreload File C:\Users\SIM\AppData\Local\Programs\Python\Python311\Lib\asyncio\__init__.py first seen with mtime 1686106818.0
DEBUG 2025-01-13 22:53:46,845 autoreload File C:\Users\SIM\AppData\Roaming\Python\Python311\site-packages\django\db\models\functions\text.py first seen with mtime 1730363519.2030535
DEBUG 2025-01-13 22:53:46,845 autoreload File C:\Users\SIM\AppData\Local\Programs\Python\Python311\Lib\http\server.py first seen with mtime 1686106818.0
DEBUG 2025-01-13 22:53:46,845 autoreload File C:\Users\SIM\AppData\Local\Programs\Python\Python311\Lib\encodings\cp1252.py first seen with mtime 1686106818.0
DEBUG 2025-01-13 22:53:46,845 autoreload File C:\Users\SIM\AppData\Roaming\Python\Python311\site-packages\django\http\cookie.py first seen with mtime 1730363519.3856273
DEBUG 2025-01-13 22:53:46,845 autoreload File C:\Users\SIM\AppData\Roaming\Python\Python311\site-packages\django\contrib\auth\signals.py first seen with mtime 1730363514.6519113
DEBUG 2025-01-13 22:53:46,845 autoreload File C:\Users\SIM\AppData\Local\Programs\Python\Python311\Lib\ctypes\_endian.py first seen with mtime 1686106818.0
DEBUG 2025-01-13 22:53:46,845 autoreload File C:\Users\SIM\AppData\Roaming\Python\Python311\site-packages\django\contrib\admin\views\autocomplete.py first seen with mtime 1730363514.00396
DEBUG 2025-01-13 22:53:46,845 autoreload File C:\Users\SIM\AppData\Roaming\Python\Python311\site-packages\django\template\loader_tags.py first seen with mtime 1730363519.4351766
DEBUG 2025-01-13 22:53:46,845 autoreload File C:\Users\SIM\Desktop\DJANGO\Proiect1\aplicatie\views.py first seen with mtime 1731591248.9291372
DEBUG 2025-01-13 22:53:46,853 autoreload File C:\Users\SIM\AppData\Local\Programs\Python\Python311\Lib\site-packages\psycopg2\_ipaddress.py first seen with mtime 1731581176.263129
DEBUG 2025-01-13 22:53:46,853 autoreload File C:\Users\SIM\AppData\Roaming\Python\Python311\site-packages\django\utils\timesince.py first seen with mtime 1730363519.5514941
DEBUG 2025-01-13 22:53:46,853 autoreload File C:\Users\SIM\AppData\Roaming\Python\Python311\site-packages\django\core\checks\security\csrf.py first seen with mtime 1730363518.8617742
DEBUG 2025-01-13 22:53:46,853 autoreload File C:\Users\SIM\AppData\Local\Programs\Python\Python311\Lib\site-packages\_distutils_hack\__init__.py first seen with mtime 1730365884.3330114
DEBUG 2025-01-13 22:53:46,853 autoreload File C:\Users\SIM\AppData\Local\Programs\Python\Python311\Lib\gzip.py first seen with mtime 1686106818.0
DEBUG 2025-01-13 22:53:46,853 autoreload File C:\Users\SIM\AppData\Roaming\Python\Python311\site-packages\django\utils\log.py first seen with mtime 1730363519.5351002
DEBUG 2025-01-13 22:53:46,853 autoreload File C:\Users\SIM\AppData\Local\Programs\Python\Python311\Lib\asyncio\sslproto.py first seen with mtime 1686106818.0
DEBUG 2025-01-13 22:53:46,853 autoreload File C:\Users\SIM\AppData\Local\Programs\Python\Python311\Lib\wsgiref\headers.py first seen with mtime 1686106818.0
DEBUG 2025-01-13 22:53:46,853 autoreload File C:\Users\SIM\AppData\Local\Programs\Python\Python311\Lib\random.py first seen with mtime 1686106818.0
DEBUG 2025-01-13 22:53:46,853 autoreload File C:\Users\SIM\AppData\Roaming\Python\Python311\site-packages\django\core\checks\messages.py first seen with mtime 1730363518.8459451
DEBUG 2025-01-13 22:53:46,853 autoreload File C:\Users\SIM\AppData\Roaming\Python\Python311\site-packages\django\utils\lorem_ipsum.py first seen with mtime 1730363519.5421522
DEBUG 2025-01-13 22:53:46,853 autoreload File C:\Users\SIM\AppData\Roaming\Python\Python311\site-packages\django\core\files\storage\base.py first seen with mtime 1730363518.8861403
DEBUG 2025-01-13 22:53:46,853 autoreload File C:\Users\SIM\AppData\Roaming\Python\Python311\site-packages\sqlparse\utils.py first seen with mtime 1730363510.8419755
DEBUG 2025-01-13 22:53:46,853 autoreload File C:\Users\SIM\AppData\Roaming\Python\Python311\site-packages\django\utils\datastructures.py first seen with mtime 1730363519.5096915
DEBUG 2025-01-13 22:53:46,853 autoreload File C:\Users\SIM\AppData\Local\Programs\Python\Python311\Lib\asyncio\coroutines.py first seen with mtime 1686106818.0
DEBUG 2025-01-13 22:53:46,853 autoreload File C:\Users\SIM\AppData\Local\Programs\Python\Python311\Lib\site-packages\psycopg2\_psycopg.cp311-win_amd64.pyd first seen with mtime 1731581176.280461
DEBUG 2025-01-13 22:53:46,853 autoreload File C:\Users\SIM\AppData\Roaming\Python\Python311\site-packages\django\core\handlers\wsgi.py first seen with mtime 1730363518.902088
DEBUG 2025-01-13 22:53:46,853 autoreload File C:\Users\SIM\AppData\Local\Programs\Python\Python311\Lib\email\errors.py first seen with mtime 1686106818.0
DEBUG 2025-01-13 22:53:46,853 autoreload File C:\Users\SIM\AppData\Local\Programs\Python\Python311\Lib\concurrent\futures\thread.py first seen with mtime 1686106818.0
DEBUG 2025-01-13 22:53:46,853 autoreload File C:\Users\SIM\AppData\Local\Programs\Python\Python311\Lib\asyncio\transports.py first seen with mtime 1686106818.0
DEBUG 2025-01-13 22:53:46,853 autoreload File C:\Users\SIM\AppData\Roaming\Python\Python311\site-packages\sqlparse\cli.py first seen with mtime 1730363510.8336992
DEBUG 2025-01-13 22:53:46,853 autoreload File C:\Users\SIM\AppData\Roaming\Python\Python311\site-packages\django\db\migrations\operations\models.py first seen with mtime 1730363519.1384592
DEBUG 2025-01-13 22:53:46,853 autoreload File C:\Users\SIM\AppData\Roaming\Python\Python311\site-packages\django\core\serializers\base.py first seen with mtime 1730363518.986077
DEBUG 2025-01-13 22:53:46,853 autoreload File C:\Users\SIM\AppData\Roaming\Python\Python311\site-packages\django\core\checks\security\sessions.py first seen with mtime 1730363518.8617742
DEBUG 2025-01-13 22:53:46,853 autoreload File C:\Users\SIM\AppData\Roaming\Python\Python311\site-packages\django\middleware\cache.py first seen with mtime 1730363519.4017735
DEBUG 2025-01-13 22:53:46,853 autoreload File C:\Users\SIM\AppData\Roaming\Python\Python311\site-packages\django\contrib\sessions\backends\__init__.py first seen with mtime 1730363517.7698474
DEBUG 2025-01-13 22:53:46,853 autoreload File C:\Users\SIM\AppData\Roaming\Python\Python311\site-packages\django\forms\fields.py first seen with mtime 1730363519.236009
DEBUG 2025-01-13 22:53:46,853 autoreload File C:\Users\SIM\AppData\Roaming\Python\Python311\site-packages\django\db\backends\base\operations.py first seen with mtime 1730363519.02519
DEBUG 2025-01-13 22:53:46,853 autoreload File C:\Users\SIM\AppData\Roaming\Python\Python311\site-packages\django\contrib\sessions\models.py first seen with mtime 1730363517.768443
DEBUG 2025-01-13 22:53:46,853 autoreload File C:\Users\SIM\AppData\Local\Programs\Python\Python311\Lib\token.py first seen with mtime 1686106818.0
DEBUG 2025-01-13 22:53:46,853 autoreload File C:\Users\SIM\AppData\Roaming\Python\Python311\site-packages\django\contrib\admin\sites.py first seen with mtime 1730363512.7042537
DEBUG 2025-01-13 22:53:46,853 autoreload File C:\Users\SIM\AppData\Local\Programs\Python\Python311\Lib\datetime.py first seen with mtime 1686106818.0
DEBUG 2025-01-13 22:53:46,853 autoreload File C:\Users\SIM\AppData\Roaming\Python\Python311\site-packages\django\template\loaders\cached.py first seen with mtime 1730363519.4523761
DEBUG 2025-01-13 22:53:46,853 autoreload File C:\Users\SIM\AppData\Roaming\Python\Python311\site-packages\django\db\models\enums.py first seen with mtime 1730363519.1527572
DEBUG 2025-01-13 22:53:46,853 autoreload File C:\Users\SIM\AppData\Roaming\Python\Python311\site-packages\django\contrib\admin\templatetags\admin_modify.py first seen with mtime 1730363513.9955804
DEBUG 2025-01-13 22:53:46,853 autoreload File C:\Users\SIM\AppData\Roaming\Python\Python311\site-packages\django\contrib\contenttypes\fields.py first seen with mtime 1730363515.2358246
DEBUG 2025-01-13 22:53:46,853 autoreload File C:\Users\SIM\AppData\Roaming\Python\Python311\site-packages\sqlparse\engine\filter_stack.py first seen with mtime 1730363510.8500051
DEBUG 2025-01-13 22:53:46,853 autoreload File C:\Users\SIM\AppData\Local\Programs\Python\Python311\Lib\asyncio\protocols.py first seen with mtime 1686106818.0
DEBUG 2025-01-13 22:53:46,853 autoreload File C:\Users\SIM\AppData\Roaming\Python\Python311\site-packages\django\core\checks\compatibility\__init__.py first seen with mtime 1730363518.8527594
DEBUG 2025-01-13 22:53:46,853 autoreload File C:\Users\SIM\AppData\Roaming\Python\Python311\site-packages\django\middleware\csrf.py first seen with mtime 1730363519.4048178
DEBUG 2025-01-13 22:53:46,853 autoreload File C:\Users\SIM\AppData\Local\Programs\Python\Python311\Lib\email\mime\text.py first seen with mtime 1686106818.0
DEBUG 2025-01-13 22:53:46,853 autoreload File C:\Users\SIM\AppData\Roaming\Python\Python311\site-packages\django\views\generic\detail.py first seen with mtime 1730363519.5854342
DEBUG 2025-01-13 22:53:46,853 autoreload File C:\Users\SIM\AppData\Roaming\Python\Python311\site-packages\django\db\migrations\__init__.py first seen with mtime 1730363519.1061597
DEBUG 2025-01-13 22:53:46,853 autoreload File C:\Users\SIM\AppData\Roaming\Python\Python311\site-packages\django\templatetags\__init__.py first seen with mtime 1730363519.4523761
DEBUG 2025-01-13 22:53:46,853 autoreload File C:\Users\SIM\AppData\Roaming\Python\Python311\site-packages\sqlparse\filters\right_margin.py first seen with mtime 1730363510.8657744
DEBUG 2025-01-13 22:53:46,853 autoreload File C:\Users\SIM\AppData\Local\Programs\Python\Python311\Lib\logging\config.py first seen with mtime 1686106818.0
DEBUG 2025-01-13 22:53:46,853 autoreload File C:\Users\SIM\AppData\Local\Programs\Python\Python311\Lib\queue.py first seen with mtime 1686106818.0
DEBUG 2025-01-13 22:53:46,853 autoreload File C:\Users\SIM\AppData\Roaming\Python\Python311\site-packages\django\utils\tree.py first seen with mtime 1730363519.5518892
DEBUG 2025-01-13 22:53:46,853 autoreload File C:\Users\SIM\AppData\Roaming\Python\Python311\site-packages\django\template\defaulttags.py first seen with mtime 1730363519.4187372
DEBUG 2025-01-13 22:53:46,853 autoreload File C:\Users\SIM\AppData\Roaming\Python\Python311\site-packages\django\contrib\staticfiles\management\commands\runserver.py first seen with mtime 1730363518.7970405
DEBUG 2025-01-13 22:53:46,853 autoreload File C:\Users\SIM\AppData\Roaming\Python\Python311\site-packages\sqlparse\exceptions.py first seen with mtime 1730363510.8352342
DEBUG 2025-01-13 22:53:46,853 autoreload File C:\Users\SIM\AppData\Local\Programs\Python\Python311\Lib\pprint.py first seen with mtime 1686106818.0
DEBUG 2025-01-13 22:53:46,861 autoreload File C:\Users\SIM\AppData\Local\Programs\Python\Python311\Lib\site-packages\colorama\__init__.py first seen with mtime 1686935914.822989
DEBUG 2025-01-13 22:53:46,861 autoreload File C:\Users\SIM\AppData\Local\Programs\Python\Python311\Lib\collections\__init__.py first seen with mtime 1686106818.0
DEBUG 2025-01-13 22:53:46,861 autoreload File C:\Users\SIM\AppData\Roaming\Python\Python311\site-packages\django\urls\converters.py first seen with mtime 1730363519.4856098
DEBUG 2025-01-13 22:53:46,861 autoreload File C:\Users\SIM\AppData\Roaming\Python\Python311\site-packages\django\template\engine.py first seen with mtime 1730363519.428758
DEBUG 2025-01-13 22:53:46,861 autoreload File C:\Users\SIM\AppData\Local\Programs\Python\Python311\Lib\email\mime\multipart.py first seen with mtime 1686106818.0
DEBUG 2025-01-13 22:53:46,861 autoreload File C:\Users\SIM\AppData\Local\Programs\Python\Python311\Lib\email\parser.py first seen with mtime 1686106818.0
DEBUG 2025-01-13 22:53:46,861 autoreload File C:\Users\SIM\AppData\Local\Programs\Python\Python311\Lib\asyncio\taskgroups.py first seen with mtime 1686106818.0
DEBUG 2025-01-13 22:53:46,861 autoreload File C:\Users\SIM\AppData\Roaming\Python\Python311\site-packages\django\db\models\sql\subqueries.py first seen with mtime 1730363519.2213213
DEBUG 2025-01-13 22:53:46,861 autoreload File C:\Users\SIM\AppData\Roaming\Python\Python311\site-packages\django\template\__init__.py first seen with mtime 1730363519.412928
DEBUG 2025-01-13 22:53:46,861 autoreload File C:\Users\SIM\AppData\Roaming\Python\Python311\site-packages\django\db\models\manager.py first seen with mtime 1730363519.16236
DEBUG 2025-01-13 22:53:46,861 autoreload File C:\Users\SIM\AppData\Local\Programs\Python\Python311\Lib\asyncio\futures.py first seen with mtime 1686106818.0
DEBUG 2025-01-13 22:53:46,861 autoreload File C:\Users\SIM\AppData\Local\Programs\Python\Python311\Lib\asyncio\windows_events.py first seen with mtime 1686106818.0
DEBUG 2025-01-13 22:53:46,861 autoreload File C:\Users\SIM\AppData\Local\Programs\Python\Python311\Lib\site-packages\PIL\ExifTags.py first seen with mtime 1713199321.7820168
DEBUG 2025-01-13 22:53:46,861 autoreload File C:\Users\SIM\AppData\Local\Programs\Python\Python311\Lib\asyncio\streams.py first seen with mtime 1686106818.0
DEBUG 2025-01-13 22:53:46,861 autoreload File C:\Users\SIM\AppData\Roaming\Python\Python311\site-packages\django\core\mail\__init__.py first seen with mtime 1730363518.902088
DEBUG 2025-01-13 22:53:46,861 autoreload File C:\Users\SIM\AppData\Roaming\Python\Python311\site-packages\django\forms\forms.py first seen with mtime 1730363519.236009
DEBUG 2025-01-13 22:53:46,861 autoreload File C:\Users\SIM\AppData\Roaming\Python\Python311\site-packages\django\contrib\sessions\backends\base.py first seen with mtime 1730363517.772861
DEBUG 2025-01-13 22:53:46,861 autoreload File C:\Users\SIM\AppData\Local\Programs\Python\Python311\Lib\quopri.py first seen with mtime 1686106818.0
DEBUG 2025-01-13 22:53:46,861 autoreload File C:\Users\SIM\AppData\Roaming\Python\Python311\site-packages\django\db\models\query_utils.py first seen with mtime 1730363519.1707
DEBUG 2025-01-13 22:53:46,861 autoreload File C:\Users\SIM\AppData\Local\Programs\Python\Python311\Lib\lzma.py first seen with mtime 1686106818.0
DEBUG 2025-01-13 22:53:46,861 autoreload File C:\Users\SIM\AppData\Roaming\Python\Python311\site-packages\django\contrib\auth\base_user.py first seen with mtime 1730363514.6352322
DEBUG 2025-01-13 22:53:46,861 autoreload File C:\Users\SIM\AppData\Roaming\Python\Python311\site-packages\django\utils\formats.py first seen with mtime 1730363519.518824
DEBUG 2025-01-13 22:53:46,861 autoreload File C:\Users\SIM\AppData\Roaming\Python\Python311\site-packages\django\core\serializers\json.py first seen with mtime 1730363518.986077
DEBUG 2025-01-13 22:53:46,861 autoreload File C:\Users\SIM\AppData\Roaming\Python\Python311\site-packages\django\contrib\contenttypes\management\__init__.py first seen with mtime 1730363515.649366
DEBUG 2025-01-13 22:53:46,861 autoreload File C:\Users\SIM\AppData\Roaming\Python\Python311\site-packages\django\db\transaction.py first seen with mtime 1730363519.008809
DEBUG 2025-01-13 22:53:46,861 autoreload File C:\Users\SIM\AppData\Local\Programs\Python\Python311\Lib\opcode.py first seen with mtime 1686106818.0
DEBUG 2025-01-13 22:53:46,861 autoreload File C:\Users\SIM\AppData\Local\Programs\Python\Python311\Lib\asyncio\exceptions.py first seen with mtime 1686106818.0
DEBUG 2025-01-13 22:53:46,861 autoreload File C:\Users\SIM\AppData\Local\Programs\Python\Python311\Lib\email\mime\message.py first seen with mtime 1686106818.0
DEBUG 2025-01-13 22:53:46,861 autoreload File C:\Users\SIM\AppData\Roaming\Python\Python311\site-packages\django\views\generic\edit.py first seen with mtime 1730363519.5854342
DEBUG 2025-01-13 22:53:46,861 autoreload File C:\Users\SIM\AppData\Roaming\Python\Python311\site-packages\django\contrib\auth\hashers.py first seen with mtime 1730363514.6469238
DEBUG 2025-01-13 22:53:46,861 autoreload File C:\Users\SIM\AppData\Roaming\Python\Python311\site-packages\django\core\checks\__init__.py first seen with mtime 1730363518.8379147
DEBUG 2025-01-13 22:53:46,861 autoreload File C:\Users\SIM\AppData\Roaming\Python\Python311\site-packages\django\template\smartif.py first seen with mtime 1730363519.437286
DEBUG 2025-01-13 22:53:46,861 autoreload File C:\Users\SIM\AppData\Roaming\Python\Python311\site-packages\django\template\autoreload.py first seen with mtime 1730363519.4183285
DEBUG 2025-01-13 22:53:46,861 autoreload File C:\Users\SIM\AppData\Roaming\Python\Python311\site-packages\django\utils\ipv6.py first seen with mtime 1730363519.5351002
DEBUG 2025-01-13 22:53:46,861 autoreload File C:\Users\SIM\AppData\Local\Programs\Python\Python311\Lib\socket.py first seen with mtime 1686106818.0
DEBUG 2025-01-13 22:53:46,861 autoreload File C:\Users\SIM\Desktop\DJANGO\Proiect1\aplicatie_exemplu\admin.py first seen with mtime 1733241541.137926
DEBUG 2025-01-13 22:53:46,861 autoreload File C:\Users\SIM\AppData\Local\Programs\Python\Python311\Lib\inspect.py first seen with mtime 1686106818.0
DEBUG 2025-01-13 22:53:46,861 autoreload File C:\Users\SIM\AppData\Local\Programs\Python\Python311\Lib\email\headerregistry.py first seen with mtime 1686106818.0
DEBUG 2025-01-13 22:53:46,861 autoreload File C:\Users\SIM\AppData\Roaming\Python\Python311\site-packages\django\contrib\auth\validators.py first seen with mtime 1730363514.662934
DEBUG 2025-01-13 22:53:46,861 autoreload File C:\Users\SIM\AppData\Local\Programs\Python\Python311\Lib\site-packages\PIL\_version.py first seen with mtime 1713199322.0304856
DEBUG 2025-01-13 22:53:46,861 autoreload File C:\Users\SIM\AppData\Roaming\Python\Python311\site-packages\django\db\migrations\utils.py first seen with mtime 1730363519.1358416
DEBUG 2025-01-13 22:53:46,861 autoreload File C:\Users\SIM\AppData\Local\Programs\Python\Python311\Lib\ast.py first seen with mtime 1686106818.0
DEBUG 2025-01-13 22:53:46,861 autoreload File C:\Users\SIM\AppData\Roaming\Python\Python311\site-packages\django\db\models\functions\window.py first seen with mtime 1730363519.2030535
DEBUG 2025-01-13 22:53:46,861 autoreload File C:\Users\SIM\AppData\Local\Programs\Python\Python311\Lib\email\_parseaddr.py first seen with mtime 1686106818.0
DEBUG 2025-01-13 22:53:46,861 autoreload File C:\Users\SIM\AppData\Roaming\Python\Python311\site-packages\django\db\backends\__init__.py first seen with mtime 1730363519.008809
DEBUG 2025-01-13 22:53:46,861 autoreload File C:\Users\SIM\AppData\Roaming\Python\Python311\site-packages\django\forms\widgets.py first seen with mtime 1730363519.24311
DEBUG 2025-01-13 22:53:46,861 autoreload File C:\Users\SIM\AppData\Roaming\Python\Python311\site-packages\django\utils\choices.py first seen with mtime 1730363519.5025089
DEBUG 2025-01-13 22:53:46,861 autoreload File C:\Users\SIM\AppData\Roaming\Python\Python311\site-packages\django\db\models\functions\comparison.py first seen with mtime 1730363519.201999
DEBUG 2025-01-13 22:53:46,861 autoreload File C:\Users\SIM\AppData\Roaming\Python\Python311\site-packages\django\core\checks\async_checks.py first seen with mtime 1730363518.8379147
DEBUG 2025-01-13 22:53:46,861 autoreload File C:\Users\SIM\AppData\Roaming\Python\Python311\site-packages\django\template\base.py first seen with mtime 1730363519.4187372
DEBUG 2025-01-13 22:53:46,861 autoreload File C:\Users\SIM\AppData\Local\Programs\Python\Python311\Lib\json\decoder.py first seen with mtime 1686106818.0
DEBUG 2025-01-13 22:53:46,861 autoreload File C:\Users\SIM\Desktop\DJANGO\Proiect1\aplicatie_exemplu\models.py first seen with mtime 1734456694.1404996
DEBUG 2025-01-13 22:53:46,861 autoreload File C:\Users\SIM\AppData\Local\Programs\Python\Python311\Lib\html\__init__.py first seen with mtime 1686106818.0
DEBUG 2025-01-13 22:53:46,861 autoreload File C:\Users\SIM\AppData\Roaming\Python\Python311\site-packages\sqlparse\lexer.py first seen with mtime 1730363510.8374615
DEBUG 2025-01-13 22:53:46,861 autoreload File C:\Users\SIM\AppData\Local\Programs\Python\Python311\Lib\warnings.py first seen with mtime 1686106818.0
DEBUG 2025-01-13 22:53:46,861 autoreload File C:\Users\SIM\AppData\Local\Programs\Python\Python311\Lib\asyncio\windows_utils.py first seen with mtime 1686106818.0
DEBUG 2025-01-13 22:53:46,861 autoreload File C:\Users\SIM\AppData\Local\Programs\Python\Python311\Lib\site-packages\psycopg2\extensions.py first seen with mtime 1731581176.280461
DEBUG 2025-01-13 22:53:46,861 autoreload File C:\Users\SIM\AppData\Local\Programs\Python\Python311\Lib\wsgiref\handlers.py first seen with mtime 1686106818.0
DEBUG 2025-01-13 22:53:46,861 autoreload File C:\Users\SIM\AppData\Local\Programs\Python\Python311\DLLs\unicodedata.pyd first seen with mtime 1686106896.0
DEBUG 2025-01-13 22:53:46,861 autoreload File C:\Users\SIM\AppData\Roaming\Python\Python311\site-packages\django\apps\registry.py first seen with mtime 1730363511.862605
DEBUG 2025-01-13 22:53:46,861 autoreload File C:\Users\SIM\AppData\Local\Programs\Python\Python311\Lib\_compression.py first seen with mtime 1686106818.0
DEBUG 2025-01-13 22:53:46,861 autoreload File C:\Users\SIM\AppData\Local\Programs\Python\Python311\Lib\concurrent\__init__.py first seen with mtime 1686106818.0
DEBUG 2025-01-13 22:53:46,861 autoreload File C:\Users\SIM\AppData\Roaming\Python\Python311\site-packages\django\forms\utils.py first seen with mtime 1730363519.24311
DEBUG 2025-01-13 22:53:46,861 autoreload File C:\Users\SIM\AppData\Roaming\Python\Python311\site-packages\django\utils\translation\trans_real.py first seen with mtime 1730363519.5518892
DEBUG 2025-01-13 22:53:46,861 autoreload File C:\Users\SIM\AppData\Roaming\Python\Python311\site-packages\django\http\response.py first seen with mtime 1730363519.396641
DEBUG 2025-01-13 22:53:46,861 autoreload File C:\Users\SIM\AppData\Roaming\Python\Python311\site-packages\django\dispatch\dispatcher.py first seen with mtime 1730363519.2213213
DEBUG 2025-01-13 22:53:46,861 autoreload File C:\Users\SIM\AppData\Local\Programs\Python\Python311\Lib\http\cookies.py first seen with mtime 1686106818.0
DEBUG 2025-01-13 22:53:46,861 autoreload File C:\Users\SIM\AppData\Roaming\Python\Python311\site-packages\django\utils\decorators.py first seen with mtime 1730363519.5184324
DEBUG 2025-01-13 22:53:46,861 autoreload File C:\Users\SIM\AppData\Roaming\Python\Python311\site-packages\django\apps\config.py first seen with mtime 1730363511.862605
DEBUG 2025-01-13 22:53:46,861 autoreload File C:\Users\SIM\AppData\Roaming\Python\Python311\site-packages\django\core\files\uploadedfile.py first seen with mtime 1730363518.878176
DEBUG 2025-01-13 22:53:46,861 autoreload File C:\Users\SIM\AppData\Roaming\Python\Python311\site-packages\django\contrib\sites\requests.py first seen with mtime 1730363518.352321
DEBUG 2025-01-13 22:53:46,861 autoreload File C:\Users\SIM\AppData\Local\Programs\Python\Python311\Lib\contextvars.py first seen with mtime 1686106818.0
DEBUG 2025-01-13 22:53:46,861 autoreload File C:\Users\SIM\AppData\Local\Programs\Python\Python311\Lib\pkgutil.py first seen with mtime 1686106818.0
DEBUG 2025-01-13 22:53:46,861 autoreload File C:\Users\SIM\AppData\Roaming\Python\Python311\site-packages\django\utils\html.py first seen with mtime 1730363519.518824
DEBUG 2025-01-13 22:53:46,861 autoreload File C:\Users\SIM\AppData\Local\Programs\Python\Python311\Lib\asyncio\runners.py first seen with mtime 1686106818.0
DEBUG 2025-01-13 22:53:46,861 autoreload File C:\Users\SIM\AppData\Local\Programs\Python\Python311\Lib\traceback.py first seen with mtime 1686106818.0
DEBUG 2025-01-13 22:53:46,861 autoreload File C:\Users\SIM\AppData\Roaming\Python\Python311\site-packages\sqlparse\engine\statement_splitter.py first seen with mtime 1730363510.8522604
DEBUG 2025-01-13 22:53:46,861 autoreload File C:\Users\SIM\AppData\Roaming\Python\Python311\site-packages\django\db\backends\postgresql\__init__.py first seen with mtime 1730363519.073951
DEBUG 2025-01-13 22:53:46,861 autoreload File C:\Users\SIM\AppData\Roaming\Python\Python311\site-packages\django\utils\deconstruct.py first seen with mtime 1730363519.5096915
DEBUG 2025-01-13 22:53:46,861 autoreload File C:\Users\SIM\AppData\Local\Programs\Python\Python311\Lib\ipaddress.py first seen with mtime 1686106818.0
DEBUG 2025-01-13 22:53:46,861 autoreload File C:\Users\SIM\AppData\Local\Programs\Python\Python311\Lib\tokenize.py first seen with mtime 1686106818.0
DEBUG 2025-01-13 22:53:46,861 autoreload File C:\Users\SIM\AppData\Roaming\Python\Python311\site-packages\django\contrib\auth\tokens.py first seen with mtime 1730363514.6519113
DEBUG 2025-01-13 22:53:46,861 autoreload File C:\Users\SIM\AppData\Roaming\Python\Python311\site-packages\django\contrib\auth\admin.py first seen with mtime 1730363514.6305225
DEBUG 2025-01-13 22:53:46,861 autoreload File C:\Users\SIM\AppData\Roaming\Python\Python311\site-packages\django\contrib\staticfiles\management\commands\__init__.py first seen with mtime 1730363518.7855203
DEBUG 2025-01-13 22:53:46,861 autoreload File C:\Users\SIM\AppData\Roaming\Python\Python311\site-packages\sqlparse\keywords.py first seen with mtime 1730363510.8374615
DEBUG 2025-01-13 22:53:46,861 autoreload File C:\Users\SIM\AppData\Local\Programs\Python\Python311\Lib\numbers.py first seen with mtime 1686106818.0
DEBUG 2025-01-13 22:53:46,861 autoreload File C:\Users\SIM\AppData\Roaming\Python\Python311\site-packages\django\contrib\auth\checks.py first seen with mtime 1730363514.638802
DEBUG 2025-01-13 22:53:46,861 autoreload File C:\Users\SIM\AppData\Roaming\Python\Python311\site-packages\django\utils\functional.py first seen with mtime 1730363519.518824
DEBUG 2025-01-13 22:53:46,861 autoreload File C:\Users\SIM\AppData\Roaming\Python\Python311\site-packages\django\db\models\fields\reverse_related.py first seen with mtime 1730363519.1947956
DEBUG 2025-01-13 22:53:46,861 autoreload File C:\Users\SIM\AppData\Local\Programs\Python\Python311\Lib\gettext.py first seen with mtime 1686106818.0
DEBUG 2025-01-13 22:53:46,869 autoreload File C:\Users\SIM\AppData\Roaming\Python\Python311\site-packages\asgiref\__init__.py first seen with mtime 1730363511.5413363
DEBUG 2025-01-13 22:53:46,869 autoreload File C:\Users\SIM\AppData\Roaming\Python\Python311\site-packages\django\db\migrations\exceptions.py first seen with mtime 1730363519.1142695
DEBUG 2025-01-13 22:53:46,869 autoreload File C:\Users\SIM\Desktop\DJANGO\Proiect1\aplicatie_exemplu\views.py first seen with mtime 1736801624.6991367
DEBUG 2025-01-13 22:53:46,869 autoreload File C:\Users\SIM\AppData\Roaming\Python\Python311\site-packages\django\db\models\aggregates.py first seen with mtime 1730363519.1506968
DEBUG 2025-01-13 22:53:46,869 autoreload File C:\Users\SIM\AppData\Local\Programs\Python\Python311\DLLs\_lzma.pyd first seen with mtime 1686106894.0
DEBUG 2025-01-13 22:53:46,869 autoreload File C:\Users\SIM\AppData\Roaming\Python\Python311\site-packages\django\contrib\auth\models.py first seen with mtime 1730363514.6519113
DEBUG 2025-01-13 22:53:46,869 autoreload File C:\Users\SIM\AppData\Roaming\Python\Python311\site-packages\django\db\backends\postgresql\psycopg_any.py first seen with mtime 1730363519.0883665
DEBUG 2025-01-13 22:53:46,869 autoreload File C:\Users\SIM\AppData\Local\Programs\Python\Python311\Lib\asyncio\threads.py first seen with mtime 1686106818.0
DEBUG 2025-01-13 22:53:46,869 autoreload File C:\Users\SIM\AppData\Roaming\Python\Python311\site-packages\django\contrib\admin\checks.py first seen with mtime 1730363512.6853182
DEBUG 2025-01-13 22:53:46,869 autoreload File C:\Users\SIM\AppData\Roaming\Python\Python311\site-packages\django\utils\duration.py first seen with mtime 1730363519.518824
DEBUG 2025-01-13 22:53:46,869 autoreload File C:\Users\SIM\AppData\Local\Programs\Python\Python311\Lib\keyword.py first seen with mtime 1686106818.0
DEBUG 2025-01-13 22:53:46,869 autoreload File C:\Users\SIM\AppData\Local\Programs\Python\Python311\Lib\email\charset.py first seen with mtime 1686106818.0
DEBUG 2025-01-13 22:53:46,869 autoreload File C:\Users\SIM\AppData\Roaming\Python\Python311\site-packages\django\utils\module_loading.py first seen with mtime 1730363519.5421522
DEBUG 2025-01-13 22:53:46,869 autoreload File C:\Users\SIM\AppData\Roaming\Python\Python311\site-packages\django\db\backends\utils.py first seen with mtime 1730363519.0159185
DEBUG 2025-01-13 22:53:46,869 autoreload File C:\Users\SIM\Desktop\DJANGO\Proiect1\manage.py first seen with mtime 1730907575.2803433
DEBUG 2025-01-13 22:53:46,869 autoreload File C:\Users\SIM\AppData\Local\Programs\Python\Python311\Lib\operator.py first seen with mtime 1686106818.0
DEBUG 2025-01-13 22:53:46,869 autoreload File C:\Users\SIM\AppData\Local\Programs\Python\Python311\Lib\json\encoder.py first seen with mtime 1686106818.0
DEBUG 2025-01-13 22:53:46,869 autoreload File C:\Users\SIM\AppData\Roaming\Python\Python311\site-packages\django\db\migrations\state.py first seen with mtime 1730363519.1302652
DEBUG 2025-01-13 22:53:46,869 autoreload File C:\Users\SIM\AppData\Roaming\Python\Python311\site-packages\django\utils\dateformat.py first seen with mtime 1730363519.5096915
DEBUG 2025-01-13 22:53:46,869 autoreload File C:\Users\SIM\AppData\Roaming\Python\Python311\site-packages\sqlparse\filters\others.py first seen with mtime 1730363510.8522604
DEBUG 2025-01-13 22:53:46,869 autoreload File C:\Users\SIM\AppData\Local\Programs\Python\Python311\Lib\mimetypes.py first seen with mtime 1686106818.0
DEBUG 2025-01-13 22:53:46,869 autoreload File C:\Users\SIM\AppData\Local\Programs\Python\Python311\Lib\shutil.py first seen with mtime 1686106818.0
DEBUG 2025-01-13 22:53:46,869 autoreload File C:\Users\SIM\AppData\Roaming\Python\Python311\site-packages\django\urls\conf.py first seen with mtime 1730363519.4856098
DEBUG 2025-01-13 22:53:46,869 autoreload File C:\Users\SIM\AppData\Roaming\Python\Python311\site-packages\django\db\backends\postgresql\schema.py first seen with mtime 1730363519.0883665
DEBUG 2025-01-13 22:53:46,869 autoreload File C:\Users\SIM\AppData\Roaming\Python\Python311\site-packages\django\utils\numberformat.py first seen with mtime 1730363519.5421522
DEBUG 2025-01-13 22:53:46,869 autoreload File C:\Users\SIM\AppData\Local\Programs\Python\Python311\Lib\zoneinfo\_common.py first seen with mtime 1686106818.0
DEBUG 2025-01-13 22:53:46,869 autoreload File C:\Users\SIM\AppData\Roaming\Python\Python311\site-packages\sqlparse\filters\aligned_indent.py first seen with mtime 1730363510.8522604
DEBUG 2025-01-13 22:53:46,869 autoreload File C:\Users\SIM\AppData\Roaming\Python\Python311\site-packages\django\utils\hashable.py first seen with mtime 1730363519.518824
DEBUG 2025-01-13 22:53:46,869 autoreload File C:\Users\SIM\AppData\Local\Programs\Python\Python311\Lib\email\policy.py first seen with mtime 1686106818.0
DEBUG 2025-01-13 22:53:46,869 autoreload File C:\Users\SIM\AppData\Local\Programs\Python\Python311\Lib\urllib\response.py first seen with mtime 1686106818.0
DEBUG 2025-01-13 22:53:46,869 autoreload File C:\Users\SIM\AppData\Local\Programs\Python\Python311\Lib\encodings\utf_8.py first seen with mtime 1686106818.0
DEBUG 2025-01-13 22:53:46,869 autoreload File C:\Users\SIM\AppData\Roaming\Python\Python311\site-packages\django\db\backends\postgresql\base.py first seen with mtime 1730363519.073951
DEBUG 2025-01-13 22:53:46,869 autoreload File C:\Users\SIM\AppData\Local\Programs\Python\Python311\Lib\urllib\parse.py first seen with mtime 1686106818.0
DEBUG 2025-01-13 22:53:46,869 autoreload File C:\Users\SIM\AppData\Roaming\Python\Python311\site-packages\django\db\__init__.py first seen with mtime 1730363519.008809
DEBUG 2025-01-13 22:53:46,869 autoreload File C:\Users\SIM\AppData\Roaming\Python\Python311\site-packages\django\conf\locale\__init__.py first seen with mtime 1730363511.8850079
DEBUG 2025-01-13 22:53:46,869 autoreload File C:\Users\SIM\AppData\Roaming\Python\Python311\site-packages\sqlparse\filters\reindent.py first seen with mtime 1730363510.8522604
DEBUG 2025-01-13 22:53:46,869 autoreload File C:\Users\SIM\AppData\Roaming\Python\Python311\site-packages\django\templatetags\cache.py first seen with mtime 1730363519.4613905
DEBUG 2025-01-13 22:53:46,869 autoreload File C:\Users\SIM\AppData\Local\Programs\Python\Python311\Lib\email\generator.py first seen with mtime 1686106818.0
DEBUG 2025-01-13 22:53:46,869 autoreload File C:\Users\SIM\AppData\Roaming\Python\Python311\site-packages\django\core\paginator.py first seen with mtime 1730363518.8052104
DEBUG 2025-01-13 22:53:46,869 autoreload File C:\Users\SIM\AppData\Roaming\Python\Python311\site-packages\django\contrib\admin\templatetags\admin_list.py first seen with mtime 1730363513.9955804
DEBUG 2025-01-13 22:53:46,869 autoreload File C:\Users\SIM\AppData\Roaming\Python\Python311\site-packages\django\utils\text.py first seen with mtime 1730363519.5501654
DEBUG 2025-01-13 22:53:46,869 autoreload File C:\Users\SIM\AppData\Local\Programs\Python\Python311\Lib\dataclasses.py first seen with mtime 1686106818.0
DEBUG 2025-01-13 22:53:46,869 autoreload File C:\Users\SIM\AppData\Roaming\Python\Python311\site-packages\django\contrib\auth\views.py first seen with mtime 1730363514.662934
DEBUG 2025-01-13 22:53:46,869 autoreload File C:\Users\SIM\AppData\Roaming\Python\Python311\site-packages\django\contrib\admin\__init__.py first seen with mtime 1730363512.6853182
DEBUG 2025-01-13 22:53:46,869 autoreload File C:\Users\SIM\AppData\Roaming\Python\Python311\site-packages\django\views\decorators\debug.py first seen with mtime 1730363519.574051
DEBUG 2025-01-13 22:53:46,869 autoreload File C:\Users\SIM\AppData\Roaming\Python\Python311\site-packages\django\core\management\__init__.py first seen with mtime 1730363518.9188974
DEBUG 2025-01-13 22:53:46,869 autoreload File C:\Users\SIM\AppData\Roaming\Python\Python311\site-packages\django\db\models\sql\constants.py first seen with mtime 1730363519.2111301
DEBUG 2025-01-13 22:53:46,869 autoreload File C:\Users\SIM\AppData\Roaming\Python\Python311\site-packages\asgiref\current_thread_executor.py first seen with mtime 1730363511.5413363
DEBUG 2025-01-13 22:53:46,869 autoreload File C:\Users\SIM\AppData\Local\Programs\Python\Python311\Lib\base64.py first seen with mtime 1686106818.0
DEBUG 2025-01-13 22:53:46,869 autoreload File C:\Users\SIM\AppData\Local\Programs\Python\Python311\DLLs\_bz2.pyd first seen with mtime 1686106896.0
DEBUG 2025-01-13 22:53:46,869 autoreload File C:\Users\SIM\AppData\Local\Programs\Python\Python311\Lib\struct.py first seen with mtime 1686106818.0
DEBUG 2025-01-13 22:53:46,869 autoreload File C:\Users\SIM\AppData\Roaming\Python\Python311\site-packages\django\views\generic\dates.py first seen with mtime 1730363519.5854342
DEBUG 2025-01-13 22:53:46,869 autoreload File C:\Users\SIM\AppData\Local\Programs\Python\Python311\Lib\logging\__init__.py first seen with mtime 1686106818.0
DEBUG 2025-01-13 22:53:46,869 autoreload File C:\Users\SIM\AppData\Local\Programs\Python\Python311\Lib\contextlib.py first seen with mtime 1686106818.0
DEBUG 2025-01-13 22:53:46,869 autoreload File C:\Users\SIM\AppData\Local\Programs\Python\Python311\DLLs\select.pyd first seen with mtime 1686106894.0
DEBUG 2025-01-13 22:53:46,877 autoreload File C:\Users\SIM\AppData\Roaming\Python\Python311\site-packages\django\template\backends\django.py first seen with mtime 1730363519.445303
DEBUG 2025-01-13 22:53:46,877 autoreload File C:\Users\SIM\AppData\Roaming\Python\Python311\site-packages\django\views\static.py first seen with mtime 1730363519.5688384
DEBUG 2025-01-13 22:53:46,877 autoreload File C:\Users\SIM\AppData\Roaming\Python\Python311\site-packages\django\core\files\storage\filesystem.py first seen with mtime 1730363518.8861403
DEBUG 2025-01-13 22:53:46,877 autoreload File C:\Users\SIM\AppData\Roaming\Python\Python311\site-packages\asgiref\local.py first seen with mtime 1730363511.5493543
DEBUG 2025-01-13 22:53:46,877 autoreload File C:\Users\SIM\AppData\Roaming\Python\Python311\site-packages\django\db\models\sql\__init__.py first seen with mtime 1730363519.2111301
DEBUG 2025-01-13 22:53:46,877 autoreload File C:\Users\SIM\AppData\Local\Programs\Python\Python311\Lib\asyncio\base_futures.py first seen with mtime 1686106818.0
DEBUG 2025-01-13 22:53:46,877 autoreload File C:\Users\SIM\AppData\Roaming\Python\Python311\site-packages\django\template\library.py first seen with mtime 1730363519.428758
DEBUG 2025-01-13 22:53:46,877 autoreload File C:\Users\SIM\AppData\Local\Programs\Python\Python311\Lib\bz2.py first seen with mtime 1686106818.0
DEBUG 2025-01-13 22:53:46,877 autoreload File C:\Users\SIM\AppData\Local\Programs\Python\Python311\DLLs\_asyncio.pyd first seen with mtime 1686106918.0
DEBUG 2025-01-13 22:53:46,877 autoreload File C:\Users\SIM\AppData\Local\Programs\Python\Python311\Lib\site-packages\psycopg2\__init__.py first seen with mtime 1731581176.263129
DEBUG 2025-01-13 22:53:46,877 autoreload File C:\Users\SIM\AppData\Roaming\Python\Python311\site-packages\django\template\loaders\app_directories.py first seen with mtime 1730363519.4523761
DEBUG 2025-01-13 22:53:46,877 autoreload File C:\Users\SIM\AppData\Roaming\Python\Python311\site-packages\django\core\__init__.py first seen with mtime 1730363518.8052104
DEBUG 2025-01-13 22:53:46,877 autoreload File C:\Users\SIM\AppData\Local\Programs\Python\Python311\DLLs\_zoneinfo.pyd first seen with mtime 1686106896.0
DEBUG 2025-01-13 22:53:46,877 autoreload File C:\Users\SIM\AppData\Local\Programs\Python\Python311\Lib\string.py first seen with mtime 1686106818.0
DEBUG 2025-01-13 22:53:46,877 autoreload File C:\Users\SIM\AppData\Local\Programs\Python\Python311\Lib\http\__init__.py first seen with mtime 1686106818.0
DEBUG 2025-01-13 22:53:46,877 autoreload File C:\Users\SIM\AppData\Local\Programs\Python\Python311\Lib\ctypes\__init__.py first seen with mtime 1686106818.0
DEBUG 2025-01-13 22:53:46,877 autoreload File C:\Users\SIM\AppData\Local\Programs\Python\Python311\Lib\email\quoprimime.py first seen with mtime 1686106818.0
DEBUG 2025-01-13 22:53:46,877 autoreload File C:\Users\SIM\AppData\Roaming\Python\Python311\site-packages\django\core\files\images.py first seen with mtime 1730363518.8701553
DEBUG 2025-01-13 22:53:46,877 autoreload File C:\Users\SIM\AppData\Roaming\Python\Python311\site-packages\django\utils\translation\reloader.py first seen with mtime 1730363519.5518892
DEBUG 2025-01-13 22:53:46,877 autoreload File C:\Users\SIM\AppData\Local\Programs\Python\Python311\Lib\ssl.py first seen with mtime 1686106818.0
DEBUG 2025-01-13 22:53:46,877 autoreload File C:\Users\SIM\AppData\Roaming\Python\Python311\site-packages\django\db\models\fields\related_descriptors.py first seen with mtime 1730363519.1857815
DEBUG 2025-01-13 22:53:46,877 autoreload File C:\Users\SIM\AppData\Local\Programs\Python\Python311\Lib\_weakrefset.py first seen with mtime 1686106818.0
DEBUG 2025-01-13 22:53:46,877 autoreload File C:\Users\SIM\AppData\Roaming\Python\Python311\site-packages\django\contrib\staticfiles\views.py first seen with mtime 1730363518.7855203
DEBUG 2025-01-13 22:53:46,877 autoreload File C:\Users\SIM\AppData\Local\Programs\Python\Python311\Lib\reprlib.py first seen with mtime 1686106818.0
DEBUG 2025-01-13 22:53:46,877 autoreload File C:\Users\SIM\AppData\Roaming\Python\Python311\site-packages\django\contrib\admin\actions.py first seen with mtime 1730363512.6853182
DEBUG 2025-01-13 22:53:46,877 autoreload File C:\Users\SIM\AppData\Local\Programs\Python\Python311\Lib\urllib\error.py first seen with mtime 1686106818.0
DEBUG 2025-01-13 22:53:46,877 autoreload File C:\Users\SIM\AppData\Roaming\Python\Python311\site-packages\django\utils\_os.py first seen with mtime 1730363519.4856098
DEBUG 2025-01-13 22:53:46,877 autoreload File C:\Users\SIM\AppData\Roaming\Python\Python311\site-packages\django\db\backends\base\__init__.py first seen with mtime 1730363519.018852
DEBUG 2025-01-13 22:53:46,877 autoreload File C:\Users\SIM\AppData\Local\Programs\Python\Python311\Lib\argparse.py first seen with mtime 1686106818.0
DEBUG 2025-01-13 22:53:46,877 autoreload File C:\Users\SIM\AppData\Roaming\Python\Python311\site-packages\sqlparse\filters\tokens.py first seen with mtime 1730363510.868614
DEBUG 2025-01-13 22:53:46,877 autoreload File C:\Users\SIM\AppData\Local\Programs\Python\Python311\Lib\asyncio\trsock.py first seen with mtime 1686106818.0
DEBUG 2025-01-13 22:53:46,877 autoreload File C:\Users\SIM\AppData\Local\Programs\Python\Python311\Lib\html\entities.py first seen with mtime 1686106818.0
DEBUG 2025-01-13 22:53:46,877 autoreload File C:\Users\SIM\AppData\Roaming\Python\Python311\site-packages\django\db\utils.py first seen with mtime 1730363519.008809
DEBUG 2025-01-13 22:53:46,877 autoreload File C:\Users\SIM\AppData\Local\Programs\Python\Python311\Lib\concurrent\futures\_base.py first seen with mtime 1686106818.0
DEBUG 2025-01-13 22:53:46,877 autoreload File C:\Users\SIM\AppData\Local\Programs\Python\Python311\Lib\fnmatch.py first seen with mtime 1686106818.0
DEBUG 2025-01-13 22:53:46,877 autoreload File C:\Users\SIM\AppData\Roaming\Python\Python311\site-packages\django\core\management\base.py first seen with mtime 1730363518.9188974
DEBUG 2025-01-13 22:53:46,877 autoreload File C:\Users\SIM\AppData\Roaming\Python\Python311\site-packages\django\utils\regex_helper.py first seen with mtime 1730363519.5421522
DEBUG 2025-01-13 22:53:46,877 autoreload File C:\Users\SIM\AppData\Roaming\Python\Python311\site-packages\django\db\models\deletion.py first seen with mtime 1730363519.1527572
DEBUG 2025-01-13 22:53:46,877 autoreload File C:\Users\SIM\AppData\Roaming\Python\Python311\site-packages\django\contrib\sites\shortcuts.py first seen with mtime 1730363518.352321
DEBUG 2025-01-13 22:53:46,877 autoreload File C:\Users\SIM\AppData\Roaming\Python\Python311\site-packages\django\db\models\constants.py first seen with mtime 1730363519.1527572
DEBUG 2025-01-13 22:53:46,877 autoreload File C:\Users\SIM\AppData\Roaming\Python\Python311\site-packages\django\db\migrations\operations\__init__.py first seen with mtime 1730363519.1384592
DEBUG 2025-01-13 22:53:46,877 autoreload File C:\Users\SIM\AppData\Local\Programs\Python\Python311\Lib\site-packages\psycopg2\sql.py first seen with mtime 1731581176.2877078
DEBUG 2025-01-13 22:53:46,877 autoreload File C:\Users\SIM\AppData\Roaming\Python\Python311\site-packages\django\contrib\auth\management\__init__.py first seen with mtime 1730363515.1852982
DEBUG 2025-01-13 22:53:46,877 autoreload File C:\Users\SIM\AppData\Roaming\Python\Python311\site-packages\django\contrib\admin\options.py first seen with mtime 1730363512.7042537
DEBUG 2025-01-13 22:53:46,877 autoreload File C:\Users\SIM\AppData\Roaming\Python\Python311\site-packages\django\contrib\admin\utils.py first seen with mtime 1730363512.712351
DEBUG 2025-01-13 22:53:46,877 autoreload File C:\Users\SIM\AppData\Roaming\Python\Python311\site-packages\django\views\decorators\__init__.py first seen with mtime 1730363519.574051
DEBUG 2025-01-13 22:53:46,877 autoreload File C:\Users\SIM\AppData\Roaming\Python\Python311\site-packages\django\contrib\sessions\__init__.py first seen with mtime 1730363517.753992
DEBUG 2025-01-13 22:53:46,877 autoreload File C:\Users\SIM\AppData\Local\Programs\Python\Python311\DLLs\_ctypes.pyd first seen with mtime 1686106896.0
DEBUG 2025-01-13 22:53:46,877 autoreload File C:\Users\SIM\AppData\Local\Programs\Python\Python311\Lib\wsgiref\util.py first seen with mtime 1686106818.0
DEBUG 2025-01-13 22:53:46,877 autoreload File C:\Users\SIM\AppData\Roaming\Python\Python311\site-packages\django\conf\global_settings.py first seen with mtime 1730363511.8686903
DEBUG 2025-01-13 22:53:46,877 autoreload File C:\Users\SIM\AppData\Roaming\Python\Python311\site-packages\django\db\models\__init__.py first seen with mtime 1730363519.146573
DEBUG 2025-01-13 22:53:46,877 autoreload File C:\Users\SIM\Desktop\DJANGO\Proiect1\Proiect1\urls.py first seen with mtime 1732800255.296215
DEBUG 2025-01-13 22:53:46,877 autoreload File C:\Users\SIM\AppData\Roaming\Python\Python311\site-packages\django\template\loaders\__init__.py first seen with mtime 1730363519.445303
DEBUG 2025-01-13 22:53:46,877 autoreload File C:\Users\SIM\AppData\Roaming\Python\Python311\site-packages\django\core\cache\backends\__init__.py first seen with mtime 1730363518.8194945
DEBUG 2025-01-13 22:53:46,877 autoreload File C:\Users\SIM\AppData\Roaming\Python\Python311\site-packages\django\core\handlers\exception.py first seen with mtime 1730363518.902088
DEBUG 2025-01-13 22:53:46,877 autoreload File C:\Users\SIM\AppData\Local\Programs\Python\Python311\Lib\sysconfig.py first seen with mtime 1686106818.0
DEBUG 2025-01-13 22:53:46,877 autoreload File C:\Users\SIM\AppData\Local\Programs\Python\Python311\Lib\email\header.py first seen with mtime 1686106818.0
DEBUG 2025-01-13 22:53:46,877 autoreload File C:\Users\SIM\AppData\Local\Programs\Python\Python311\Lib\site-packages\psycopg2\extras.py first seen with mtime 1731581176.280461
DEBUG 2025-01-13 22:53:46,877 autoreload File C:\Users\SIM\AppData\Local\Programs\Python\Python311\Lib\graphlib.py first seen with mtime 1686106818.0
DEBUG 2025-01-13 22:53:46,877 autoreload File C:\Users\SIM\AppData\Roaming\Python\Python311\site-packages\django\contrib\contenttypes\admin.py first seen with mtime 1730363515.2296836
DEBUG 2025-01-13 22:53:46,877 autoreload File C:\Users\SIM\AppData\Roaming\Python\Python311\site-packages\django\db\models\sql\datastructures.py first seen with mtime 1730363519.2187681
DEBUG 2025-01-13 22:53:46,877 autoreload File C:\Users\SIM\AppData\Roaming\Python\Python311\site-packages\django\core\cache\backends\filebased.py first seen with mtime 1730363518.8295124
DEBUG 2025-01-13 22:53:46,877 autoreload File C:\Users\SIM\AppData\Roaming\Python\Python311\site-packages\django\urls\__init__.py first seen with mtime 1730363519.4856098
DEBUG 2025-01-13 22:53:46,877 autoreload File C:\Users\SIM\AppData\Roaming\Python\Python311\site-packages\django\core\checks\security\__init__.py first seen with mtime 1730363518.8527594
DEBUG 2025-01-13 22:53:46,877 autoreload File C:\Users\SIM\AppData\Local\Programs\Python\Python311\Lib\email\encoders.py first seen with mtime 1686106818.0
DEBUG 2025-01-13 22:53:46,877 autoreload File C:\Users\SIM\AppData\Local\Programs\Python\Python311\Lib\types.py first seen with mtime 1686106818.0
DEBUG 2025-01-13 22:53:46,877 autoreload File C:\Users\SIM\AppData\Roaming\Python\Python311\site-packages\django\forms\models.py first seen with mtime 1730363519.236009
DEBUG 2025-01-13 22:53:46,877 autoreload File C:\Users\SIM\AppData\Roaming\Python\Python311\site-packages\django\contrib\auth\apps.py first seen with mtime 1730363514.6305225
DEBUG 2025-01-13 22:53:46,877 autoreload File C:\Users\SIM\AppData\Roaming\Python\Python311\site-packages\django\conf\__init__.py first seen with mtime 1730363511.862605
DEBUG 2025-01-13 22:53:46,877 autoreload File C:\Users\SIM\AppData\Roaming\Python\Python311\site-packages\django\views\decorators\common.py first seen with mtime 1730363519.574051
DEBUG 2025-01-13 22:53:46,877 autoreload File C:\Users\SIM\AppData\Roaming\Python\Python311\site-packages\django\db\backends\base\schema.py first seen with mtime 1730363519.02519
DEBUG 2025-01-13 22:53:46,885 autoreload File C:\Users\SIM\AppData\Local\Programs\Python\Python311\Lib\heapq.py first seen with mtime 1686106818.0
DEBUG 2025-01-13 22:53:46,885 autoreload File C:\Users\SIM\AppData\Roaming\Python\Python311\site-packages\django\contrib\messages\api.py first seen with mtime 1730363517.005663
DEBUG 2025-01-13 22:53:46,885 autoreload File C:\Users\SIM\AppData\Roaming\Python\Python311\site-packages\django\apps\__init__.py first seen with mtime 1730363511.86104
DEBUG 2025-01-13 22:53:46,885 autoreload File C:\Users\SIM\AppData\Roaming\Python\Python311\site-packages\django\db\backends\base\base.py first seen with mtime 1730363519.018852
DEBUG 2025-01-13 22:53:46,885 autoreload File C:\Users\SIM\AppData\Local\Programs\Python\Python311\Lib\weakref.py first seen with mtime 1686106818.0
DEBUG 2025-01-13 22:53:46,885 autoreload File C:\Users\SIM\AppData\Local\Programs\Python\Python311\Lib\asyncio\tasks.py first seen with mtime 1686106818.0
DEBUG 2025-01-13 22:53:46,885 autoreload File C:\Users\SIM\AppData\Roaming\Python\Python311\site-packages\django\contrib\contenttypes\models.py first seen with mtime 1730363515.2378173
DEBUG 2025-01-13 22:53:46,885 autoreload File C:\Users\SIM\AppData\Roaming\Python\Python311\site-packages\django\contrib\admin\apps.py first seen with mtime 1730363512.6853182
DEBUG 2025-01-13 22:53:46,885 autoreload File C:\Users\SIM\AppData\Local\Programs\Python\Python311\Lib\copy.py first seen with mtime 1686106818.0
DEBUG 2025-01-13 22:53:46,886 autoreload File C:\Users\SIM\Desktop\DJANGO\Proiect1\Proiect1\__init__.py first seen with mtime 1730907575.288558
DEBUG 2025-01-13 22:53:46,887 autoreload File C:\Users\SIM\AppData\Local\Programs\Python\Python311\Lib\asyncio\base_tasks.py first seen with mtime 1686106818.0
DEBUG 2025-01-13 22:53:46,887 autoreload File C:\Users\SIM\AppData\Roaming\Python\Python311\site-packages\django\utils\cache.py first seen with mtime 1730363519.5025089
DEBUG 2025-01-13 22:53:46,887 autoreload File C:\Users\SIM\AppData\Roaming\Python\Python311\site-packages\django\db\migrations\operations\base.py first seen with mtime 1730363519.1384592
DEBUG 2025-01-13 22:53:46,887 autoreload File C:\Users\SIM\AppData\Local\Programs\Python\Python311\Lib\asyncio\format_helpers.py first seen with mtime 1686106818.0
DEBUG 2025-01-13 22:53:46,887 autoreload File C:\Users\SIM\AppData\Local\Programs\Python\Python311\Lib\asyncio\queues.py first seen with mtime 1686106818.0
DEBUG 2025-01-13 22:53:46,887 autoreload File C:\Users\SIM\AppData\Roaming\Python\Python311\site-packages\django\db\models\fields\mixins.py first seen with mtime 1730363519.1857815
DEBUG 2025-01-13 22:53:46,887 autoreload File C:\Users\SIM\AppData\Local\Programs\Python\Python311\Lib\email\iterators.py first seen with mtime 1686106818.0
DEBUG 2025-01-13 22:53:46,887 autoreload File C:\Users\SIM\AppData\Roaming\Python\Python311\site-packages\django\db\backends\postgresql\features.py first seen with mtime 1730363519.0819688
DEBUG 2025-01-13 22:53:46,887 autoreload File C:\Users\SIM\AppData\Local\Programs\Python\Python311\Lib\secrets.py first seen with mtime 1686106818.0
DEBUG 2025-01-13 22:53:46,887 autoreload File C:\Users\SIM\AppData\Roaming\Python\Python311\site-packages\django\contrib\staticfiles\finders.py first seen with mtime 1730363518.7730794
DEBUG 2025-01-13 22:53:46,887 autoreload File C:\Users\SIM\AppData\Local\Programs\Python\Python311\Lib\site-packages\colorama\win32.py first seen with mtime 1686935914.822989
DEBUG 2025-01-13 22:53:46,887 autoreload File C:\Users\SIM\AppData\Local\Programs\Python\Python311\Lib\zoneinfo\_tzpath.py first seen with mtime 1686106818.0
DEBUG 2025-01-13 22:53:46,887 autoreload File C:\Users\SIM\AppData\Roaming\Python\Python311\site-packages\django\core\checks\files.py first seen with mtime 1730363518.8459451
DEBUG 2025-01-13 22:53:46,887 autoreload File C:\Users\SIM\AppData\Local\Programs\Python\Python311\Lib\collections\abc.py first seen with mtime 1686106818.0
DEBUG 2025-01-13 22:53:46,887 autoreload File C:\Users\SIM\AppData\Roaming\Python\Python311\site-packages\django\db\models\base.py first seen with mtime 1730363519.1527572
DEBUG 2025-01-13 22:53:46,887 autoreload File C:\Users\SIM\AppData\Roaming\Python\Python311\site-packages\django\template\loaders\base.py first seen with mtime 1730363519.4523761
DEBUG 2025-01-13 22:53:46,887 autoreload File C:\Users\SIM\Desktop\DJANGO\Proiect1\Proiect1\settings.py first seen with mtime 1736800779.3306959
DEBUG 2025-01-13 22:53:46,887 autoreload File C:\Users\SIM\AppData\Roaming\Python\Python311\site-packages\django\core\cache\backends\base.py first seen with mtime 1730363518.8194945
DEBUG 2025-01-13 22:53:46,887 autoreload File C:\Users\SIM\AppData\Roaming\Python\Python311\site-packages\django\db\models\sql\where.py first seen with mtime 1730363519.2213213
DEBUG 2025-01-13 22:53:46,887 autoreload File C:\Users\SIM\AppData\Local\Programs\Python\Python311\Lib\asyncio\events.py first seen with mtime 1686106818.0
DEBUG 2025-01-13 22:53:46,887 autoreload File C:\Users\SIM\AppData\Roaming\Python\Python311\site-packages\django\template\loaders\filesystem.py first seen with mtime 1730363519.4523761
DEBUG 2025-01-13 22:53:46,887 autoreload File C:\Users\SIM\Desktop\DJANGO\Proiect1\aplicatie_exemplu\urls.py first seen with mtime 1736800779.3274324
DEBUG 2025-01-13 22:53:46,887 autoreload File C:\Users\SIM\AppData\Roaming\Python\Python311\site-packages\django\db\models\options.py first seen with mtime 1730363519.1691873
DEBUG 2025-01-13 22:53:46,887 autoreload File C:\Users\SIM\AppData\Roaming\Python\Python311\site-packages\django\middleware\__init__.py first seen with mtime 1730363519.396641
DEBUG 2025-01-13 22:53:46,887 autoreload File C:\Users\SIM\AppData\Local\Programs\Python\Python311\Lib\encodings\aliases.py first seen with mtime 1686106818.0
DEBUG 2025-01-13 22:53:46,887 autoreload File C:\Users\SIM\AppData\Local\Programs\Python\Python311\Lib\asyncio\base_events.py first seen with mtime 1686106818.0
DEBUG 2025-01-13 22:53:46,887 autoreload File C:\Users\SIM\AppData\Roaming\Python\Python311\site-packages\django\utils\asyncio.py first seen with mtime 1730363519.5025089
DEBUG 2025-01-13 22:53:46,887 autoreload File C:\Users\SIM\AppData\Roaming\Python\Python311\site-packages\django\template\utils.py first seen with mtime 1730363519.437286
DEBUG 2025-01-13 22:53:46,887 autoreload File C:\Users\SIM\AppData\Roaming\Python\Python311\site-packages\django\urls\base.py first seen with mtime 1730363519.4856098
DEBUG 2025-01-13 22:53:46,887 autoreload File C:\Users\SIM\AppData\Roaming\Python\Python311\site-packages\django\core\wsgi.py first seen with mtime 1730363518.8134735
DEBUG 2025-01-13 22:53:46,887 autoreload File C:\Users\SIM\AppData\Roaming\Python\Python311\site-packages\django\core\checks\security\base.py first seen with mtime 1730363518.8617742
DEBUG 2025-01-13 22:53:46,887 autoreload File C:\Users\SIM\AppData\Roaming\Python\Python311\site-packages\django\db\models\sql\query.py first seen with mtime 1730363519.2213213
DEBUG 2025-01-13 22:53:46,887 autoreload File C:\Users\SIM\AppData\Roaming\Python\Python311\site-packages\django\core\mail\utils.py first seen with mtime 1730363518.913383
DEBUG 2025-01-13 22:53:46,887 autoreload File C:\Users\SIM\AppData\Roaming\Python\Python311\site-packages\django\urls\utils.py first seen with mtime 1730363519.4856098
DEBUG 2025-01-13 22:53:46,887 autoreload File C:\Users\SIM\AppData\Local\Programs\Python\Python311\Lib\email\__init__.py first seen with mtime 1686106818.0
DEBUG 2025-01-13 22:53:46,890 autoreload File C:\Users\SIM\AppData\Roaming\Python\Python311\site-packages\django\contrib\contenttypes\views.py first seen with mtime 1730363515.2428498
DEBUG 2025-01-13 22:53:46,890 autoreload File C:\Users\SIM\AppData\Roaming\Python\Python311\site-packages\django\core\serializers\python.py first seen with mtime 1730363519.000327
DEBUG 2025-01-13 22:53:46,890 autoreload File C:\Users\SIM\AppData\Local\Programs\Python\Python311\Lib\asyncio\proactor_events.py first seen with mtime 1686106818.0
DEBUG 2025-01-13 22:53:46,890 autoreload File C:\Users\SIM\AppData\Local\Programs\Python\Python311\DLLs\_socket.pyd first seen with mtime 1686106894.0
DEBUG 2025-01-13 22:53:46,890 autoreload File C:\Users\SIM\AppData\Local\Programs\Python\Python311\DLLs\_uuid.pyd first seen with mtime 1686106894.0
DEBUG 2025-01-13 22:53:46,890 autoreload File C:\Users\SIM\AppData\Roaming\Python\Python311\site-packages\django\middleware\common.py first seen with mtime 1730363519.4048178
DEBUG 2025-01-13 22:53:46,890 autoreload File C:\Users\SIM\AppData\Local\Programs\Python\Python311\Lib\_markupbase.py first seen with mtime 1686106818.0
DEBUG 2025-01-13 22:53:46,890 autoreload File C:\Users\SIM\AppData\Roaming\Python\Python311\site-packages\django\contrib\admin\views\main.py first seen with mtime 1730363514.0105746
DEBUG 2025-01-13 22:53:46,890 autoreload File C:\Users\SIM\AppData\Local\Programs\Python\Python311\Lib\__future__.py first seen with mtime 1686106818.0
DEBUG 2025-01-13 22:53:46,890 autoreload File C:\Users\SIM\AppData\Roaming\Python\Python311\site-packages\sqlparse\tokens.py first seen with mtime 1730363510.8419755
DEBUG 2025-01-13 22:53:46,890 autoreload File C:\Users\SIM\Desktop\DJANGO\Proiect1\aplicatie_exemplu\__init__.py first seen with mtime 1730907848.146318
DEBUG 2025-01-13 22:53:46,890 autoreload File C:\Users\SIM\AppData\Roaming\Python\Python311\site-packages\django\contrib\sessions\middleware.py first seen with mtime 1730363517.7646277
DEBUG 2025-01-13 22:53:46,890 autoreload File C:\Users\SIM\Desktop\DJANGO\Proiect1\aplicatie_exemplu\forms.py first seen with mtime 1736799755.31205
DEBUG 2025-01-13 22:53:46,890 autoreload File C:\Users\SIM\AppData\Local\Programs\Python\Python311\Lib\asyncio\selector_events.py first seen with mtime 1686106818.0
DEBUG 2025-01-13 22:53:46,890 autoreload File C:\Users\SIM\AppData\Roaming\Python\Python311\site-packages\django\contrib\sessions\apps.py first seen with mtime 1730363517.753992
DEBUG 2025-01-13 22:53:46,890 autoreload File C:\Users\SIM\AppData\Roaming\Python\Python311\site-packages\django\contrib\sessions\base_session.py first seen with mtime 1730363517.753992
DEBUG 2025-01-13 22:53:46,890 autoreload File C:\Users\SIM\AppData\Roaming\Python\Python311\site-packages\django\utils\dateparse.py first seen with mtime 1730363519.5096915
DEBUG 2025-01-13 22:53:46,890 autoreload File C:\Users\SIM\AppData\Roaming\Python\Python311\site-packages\django\forms\formsets.py first seen with mtime 1730363519.236009
DEBUG 2025-01-13 22:53:46,890 autoreload File C:\Users\SIM\AppData\Local\Programs\Python\Python311\DLLs\_decimal.pyd first seen with mtime 1686106894.0
DEBUG 2025-01-13 22:53:46,890 autoreload File C:\Users\SIM\AppData\Roaming\Python\Python311\site-packages\django\utils\inspect.py first seen with mtime 1730363519.5351002
DEBUG 2025-01-13 22:53:46,890 autoreload File C:\Users\SIM\AppData\Local\Programs\Python\Python311\Lib\wsgiref\__init__.py first seen with mtime 1686106818.0
DEBUG 2025-01-13 22:53:46,890 autoreload File C:\Users\SIM\AppData\Roaming\Python\Python311\site-packages\django\db\backends\signals.py first seen with mtime 1730363519.0159185
DEBUG 2025-01-13 22:53:46,890 autoreload File C:\Users\SIM\AppData\Local\Programs\Python\Python311\Lib\_compat_pickle.py first seen with mtime 1686106818.0
DEBUG 2025-01-13 22:53:46,890 autoreload File C:\Users\SIM\AppData\Roaming\Python\Python311\site-packages\sqlparse\engine\grouping.py first seen with mtime 1730363510.851671
DEBUG 2025-01-13 22:53:46,894 autoreload File C:\Users\SIM\AppData\Roaming\Python\Python311\site-packages\django\core\mail\message.py first seen with mtime 1730363518.9103847
DEBUG 2025-01-13 22:53:46,894 autoreload File C:\Users\SIM\AppData\Roaming\Python\Python311\site-packages\django\contrib\admin\views\__init__.py first seen with mtime 1730363514.00396
DEBUG 2025-01-13 22:53:46,894 autoreload File C:\Users\SIM\AppData\Local\Programs\Python\Python311\Lib\email\_header_value_parser.py first seen with mtime 1686106818.0
DEBUG 2025-01-13 22:53:46,894 autoreload File C:\Users\SIM\AppData\Roaming\Python\Python311\site-packages\django\contrib\sites\__init__.py first seen with mtime 1730363518.3381288
DEBUG 2025-01-13 22:53:46,894 autoreload File C:\Users\SIM\AppData\Local\Programs\Python\Python311\Lib\importlib\_abc.py first seen with mtime 1686106818.0
DEBUG 2025-01-13 22:53:46,894 autoreload File C:\Users\SIM\AppData\Roaming\Python\Python311\site-packages\django\contrib\sessions\exceptions.py first seen with mtime 1730363517.7646277
DEBUG 2025-01-13 22:53:46,894 autoreload File C:\Users\SIM\AppData\Roaming\Python\Python311\site-packages\django\utils\dates.py first seen with mtime 1730363519.5096915
DEBUG 2025-01-13 22:53:46,894 autoreload File C:\Users\SIM\AppData\Roaming\Python\Python311\site-packages\django\core\signing.py first seen with mtime 1730363518.8134735
DEBUG 2025-01-13 22:53:46,894 autoreload File C:\Users\SIM\AppData\Roaming\Python\Python311\site-packages\django\template\exceptions.py first seen with mtime 1730363519.428758
DEBUG 2025-01-13 22:53:46,894 autoreload File C:\Users\SIM\AppData\Local\Programs\Python\Python311\Lib\glob.py first seen with mtime 1686106818.0
DEBUG 2025-01-13 22:53:46,894 autoreload File C:\Users\SIM\AppData\Local\Programs\Python\Python311\Lib\site-packages\PIL\__init__.py first seen with mtime 1713199321.9253154
DEBUG 2025-01-13 22:53:46,894 autoreload File C:\Users\SIM\AppData\Local\Programs\Python\Python311\Lib\importlib\__init__.py first seen with mtime 1686106818.0
DEBUG 2025-01-13 22:53:46,894 autoreload File C:\Users\SIM\AppData\Roaming\Python\Python311\site-packages\django\core\handlers\asgi.py first seen with mtime 1730363518.9017847
DEBUG 2025-01-13 22:53:46,894 autoreload File C:\Users\SIM\AppData\Local\Programs\Python\Python311\Lib\threading.py first seen with mtime 1686106818.0
DEBUG 2025-01-13 22:53:46,894 autoreload File C:\Users\SIM\AppData\Roaming\Python\Python311\site-packages\django\db\models\query.py first seen with mtime 1730363519.1707
DEBUG 2025-01-13 22:53:46,894 autoreload File C:\Users\SIM\AppData\Roaming\Python\Python311\site-packages\django\contrib\staticfiles\checks.py first seen with mtime 1730363518.7730794
DEBUG 2025-01-13 22:53:46,894 autoreload File C:\Users\SIM\AppData\Roaming\Python\Python311\site-packages\django\utils\encoding.py first seen with mtime 1730363519.518824
DEBUG 2025-01-13 22:53:46,894 autoreload File C:\Users\SIM\AppData\Roaming\Python\Python311\site-packages\django\core\cache\__init__.py first seen with mtime 1730363518.8194945
DEBUG 2025-01-13 22:53:46,894 autoreload File C:\Users\SIM\AppData\Roaming\Python\Python311\site-packages\django\db\models\functions\__init__.py first seen with mtime 1730363519.1947956
DEBUG 2025-01-13 22:53:46,894 autoreload File C:\Users\SIM\AppData\Local\Programs\Python\Python311\Lib\site-packages\psycopg2\_json.py first seen with mtime 1731581176.263129
DEBUG 2025-01-13 22:53:46,894 autoreload File C:\Users\SIM\AppData\Roaming\Python\Python311\site-packages\django\http\__init__.py first seen with mtime 1730363519.3856273
DEBUG 2025-01-13 22:53:46,894 autoreload File C:\Users\SIM\AppData\Local\Programs\Python\Python311\Lib\email\utils.py first seen with mtime 1686106818.0
DEBUG 2025-01-13 22:53:46,894 autoreload File C:\Users\SIM\AppData\Roaming\Python\Python311\site-packages\django\views\debug.py first seen with mtime 1730363519.5685668
DEBUG 2025-01-13 22:53:46,894 autoreload File C:\Users\SIM\AppData\Local\Programs\Python\Python311\Lib\decimal.py first seen with mtime 1686106818.0
DEBUG 2025-01-13 22:53:46,894 autoreload File C:\Users\SIM\AppData\Local\Programs\Python\Python311\Lib\json\scanner.py first seen with mtime 1686106818.0
DEBUG 2025-01-13 22:53:46,894 autoreload File C:\Users\SIM\AppData\Roaming\Python\Python311\site-packages\django\contrib\auth\__init__.py first seen with mtime 1730363514.6305225
DEBUG 2025-01-13 22:53:46,894 autoreload File C:\Users\SIM\AppData\Roaming\Python\Python311\site-packages\django\utils\crypto.py first seen with mtime 1730363519.5096915
DEBUG 2025-01-13 22:53:46,894 autoreload File C:\Users\SIM\AppData\Roaming\Python\Python311\site-packages\django\db\models\fields\__init__.py first seen with mtime 1730363519.1787376
DEBUG 2025-01-13 22:53:46,894 autoreload File C:\Users\SIM\AppData\Roaming\Python\Python311\site-packages\django\contrib\auth\forms.py first seen with mtime 1730363514.6469238
DEBUG 2025-01-13 22:53:46,894 autoreload File C:\Users\SIM\AppData\Roaming\Python\Python311\site-packages\sqlparse\__init__.py first seen with mtime 1730363510.819172
DEBUG 2025-01-13 22:53:46,894 autoreload File C:\Users\SIM\AppData\Roaming\Python\Python311\site-packages\django\contrib\admin\templatetags\admin_urls.py first seen with mtime 1730363514.0001662
DEBUG 2025-01-13 22:53:46,894 autoreload File C:\Users\SIM\AppData\Local\Programs\Python\Python311\Lib\typing.py first seen with mtime 1686106818.0
DEBUG 2025-01-13 22:53:46,894 autoreload File C:\Users\SIM\AppData\Local\Programs\Python\Python311\Lib\wsgiref\simple_server.py first seen with mtime 1686106818.0
DEBUG 2025-01-13 22:53:46,894 autoreload File C:\Users\SIM\AppData\Roaming\Python\Python311\site-packages\django\template\defaultfilters.py first seen with mtime 1730363519.4187372
DEBUG 2025-01-13 22:53:46,894 autoreload File C:\Users\SIM\AppData\Roaming\Python\Python311\site-packages\django\contrib\staticfiles\handlers.py first seen with mtime 1730363518.7730794
DEBUG 2025-01-13 22:53:46,894 autoreload File C:\Users\SIM\AppData\Local\Programs\Python\Python311\Lib\subprocess.py first seen with mtime 1686106818.0
DEBUG 2025-01-13 22:53:46,894 autoreload File C:\Users\SIM\AppData\Roaming\Python\Python311\site-packages\django\db\backends\ddl_references.py first seen with mtime 1730363519.008809
DEBUG 2025-01-13 22:53:46,894 autoreload File C:\Users\SIM\AppData\Local\Programs\Python\Python311\Lib\site-packages\PIL\Image.py first seen with mtime 1713199321.8112986
DEBUG 2025-01-13 22:53:46,894 autoreload File C:\Users\SIM\AppData\Local\Programs\Python\Python311\Lib\calendar.py first seen with mtime 1686106818.0
DEBUG 2025-01-13 22:53:46,894 autoreload File C:\Users\SIM\AppData\Local\Programs\Python\Python311\Lib\pathlib.py first seen with mtime 1686106818.0
DEBUG 2025-01-13 22:53:46,894 autoreload File C:\Users\SIM\AppData\Roaming\Python\Python311\site-packages\django\contrib\admin\templatetags\__init__.py first seen with mtime 1730363513.9955804
DEBUG 2025-01-13 22:53:46,894 autoreload File C:\Users\SIM\AppData\Local\Programs\Python\Python311\Lib\difflib.py first seen with mtime 1686106818.0
DEBUG 2025-01-13 22:53:46,894 autoreload File C:\Users\SIM\AppData\Roaming\Python\Python311\site-packages\django\db\backends\base\features.py first seen with mtime 1730363519.02519
DEBUG 2025-01-13 22:53:46,894 autoreload File C:\Users\SIM\AppData\Roaming\Python\Python311\site-packages\django\http\request.py first seen with mtime 1730363519.396641
DEBUG 2025-01-13 22:53:46,894 autoreload File C:\Users\SIM\AppData\Roaming\Python\Python311\site-packages\django\db\migrations\operations\fields.py first seen with mtime 1730363519.1384592
DEBUG 2025-01-13 22:53:46,894 autoreload File C:\Users\SIM\AppData\Local\Programs\Python\Python311\Lib\nturl2path.py first seen with mtime 1686106818.0
DEBUG 2025-01-13 22:53:46,894 autoreload File C:\Users\SIM\AppData\Local\Programs\Python\Python311\Lib\asyncio\constants.py first seen with mtime 1686106818.0
DEBUG 2025-01-13 22:53:46,894 autoreload File C:\Users\SIM\AppData\Roaming\Python\Python311\site-packages\django\core\checks\translation.py first seen with mtime 1730363518.8527594
DEBUG 2025-01-13 22:53:46,894 autoreload File C:\Users\SIM\AppData\Local\Programs\Python\Python311\Lib\site-packages\psycopg2\_range.py first seen with mtime 1731581176.280461
DEBUG 2025-01-13 22:53:46,894 autoreload File C:\Users\SIM\AppData\Local\Programs\Python\Python311\Lib\email\message.py first seen with mtime 1686106818.0
DEBUG 2025-01-13 22:53:46,894 autoreload File C:\Users\SIM\AppData\Roaming\Python\Python311\site-packages\django\views\i18n.py first seen with mtime 1730363519.5688384
DEBUG 2025-01-13 22:53:46,894 autoreload File C:\Users\SIM\AppData\Roaming\Python\Python311\site-packages\django\core\servers\__init__.py first seen with mtime 1730363519.000327
DEBUG 2025-01-13 22:53:46,894 autoreload File C:\Users\SIM\AppData\Roaming\Python\Python311\site-packages\django\db\migrations\operations\special.py first seen with mtime 1730363519.146573
DEBUG 2025-01-13 22:53:46,894 autoreload File C:\Users\SIM\AppData\Local\Programs\Python\Python311\Lib\asyncio\timeouts.py first seen with mtime 1686106818.0
DEBUG 2025-01-13 22:53:46,894 autoreload File C:\Users\SIM\AppData\Roaming\Python\Python311\site-packages\django\contrib\staticfiles\__init__.py first seen with mtime 1730363518.768919
DEBUG 2025-01-13 22:53:46,894 autoreload File C:\Users\SIM\AppData\Roaming\Python\Python311\site-packages\django\core\files\move.py first seen with mtime 1730363518.8701553
DEBUG 2025-01-13 22:53:46,894 autoreload File C:\Users\SIM\AppData\Roaming\Python\Python311\site-packages\sqlparse\sql.py first seen with mtime 1730363510.8419755
DEBUG 2025-01-13 22:53:46,894 autoreload File C:\Users\SIM\AppData\Roaming\Python\Python311\site-packages\django\db\backends\postgresql\introspection.py first seen with mtime 1730363519.0858781
DEBUG 2025-01-13 22:53:46,902 autoreload File C:\Users\SIM\Desktop\DJANGO\Proiect1\aplicatie_exemplu\templates\adaugare_pizza.html first seen with mtime 1733405406.4156568
DEBUG 2025-01-13 22:53:46,902 autoreload File C:\Users\SIM\Desktop\DJANGO\Proiect1\aplicatie_exemplu\templates\adauga_promotie.html first seen with mtime 1734456694.1470876
DEBUG 2025-01-13 22:53:46,902 autoreload File C:\Users\SIM\Desktop\DJANGO\Proiect1\aplicatie_exemplu\templates\articole.html first seen with mtime 1732145058.6291988
DEBUG 2025-01-13 22:53:46,902 autoreload File C:\Users\SIM\Desktop\DJANGO\Proiect1\aplicatie_exemplu\templates\confirmare_email.html first seen with mtime 1734452863.3257353
DEBUG 2025-01-13 22:53:46,902 autoreload File C:\Users\SIM\Desktop\DJANGO\Proiect1\aplicatie_exemplu\templates\contact.html first seen with mtime 1733402852.2961094
DEBUG 2025-01-13 22:53:46,902 autoreload File C:\Users\SIM\Desktop\DJANGO\Proiect1\aplicatie_exemplu\templates\detalii_pizza.html first seen with mtime 1734458480.7238045
DEBUG 2025-01-13 22:53:46,902 autoreload File C:\Users\SIM\Desktop\DJANGO\Proiect1\aplicatie_exemplu\templates\email_promotie_meniu_seara.txt first seen with mtime 1736791277.0101433
DEBUG 2025-01-13 22:53:46,902 autoreload File C:\Users\SIM\Desktop\DJANGO\Proiect1\aplicatie_exemplu\templates\email_promotie_meniu_zi.txt first seen with mtime 1736790103.468267
DEBUG 2025-01-13 22:53:46,902 autoreload File C:\Users\SIM\Desktop\DJANGO\Proiect1\aplicatie_exemplu\templates\email_template.html first seen with mtime 1734453007.0543363
DEBUG 2025-01-13 22:53:46,902 autoreload File C:\Users\SIM\Desktop\DJANGO\Proiect1\aplicatie_exemplu\templates\inregistrare.html first seen with mtime 1734015717.9268386
DEBUG 2025-01-13 22:53:46,902 autoreload File C:\Users\SIM\Desktop\DJANGO\Proiect1\aplicatie_exemplu\templates\lista_promotii.html first seen with mtime 1734456694.2244902
DEBUG 2025-01-13 22:53:46,902 autoreload File C:\Users\SIM\Desktop\DJANGO\Proiect1\aplicatie_exemplu\templates\login.html first seen with mtime 1733880649.4997177
DEBUG 2025-01-13 22:53:46,902 autoreload File C:\Users\SIM\Desktop\DJANGO\Proiect1\aplicatie_exemplu\templates\mesaj_trimis.html first seen with mtime 1733403385.7844315
DEBUG 2025-01-13 22:53:46,902 autoreload File C:\Users\SIM\Desktop\DJANGO\Proiect1\aplicatie_exemplu\templates\password_change.html first seen with mtime 1734016886.585492
DEBUG 2025-01-13 22:53:46,902 autoreload File C:\Users\SIM\Desktop\DJANGO\Proiect1\aplicatie_exemplu\templates\password_change_done.html first seen with mtime 1734017321.539737
DEBUG 2025-01-13 22:53:46,902 autoreload File C:\Users\SIM\Desktop\DJANGO\Proiect1\aplicatie_exemplu\templates\pizzas.html first seen with mtime 1734458567.7909873
DEBUG 2025-01-13 22:53:46,902 autoreload File C:\Users\SIM\Desktop\DJANGO\Proiect1\aplicatie_exemplu\templates\prajituri.html first seen with mtime 1733249306.3769193
DEBUG 2025-01-13 22:53:46,902 autoreload File C:\Users\SIM\Desktop\DJANGO\Proiect1\aplicatie_exemplu\templates\profile.html first seen with mtime 1734016886.5941782
DEBUG 2025-01-13 22:53:46,902 autoreload File C:\Users\SIM\Desktop\DJANGO\Proiect1\aplicatie\templates\operatii.html first seen with mtime 1731591295.788468
DEBUG 2025-01-13 22:53:47,409 views Se preiau toate pizzele din baza de date.
DEBUG 2025-01-13 22:53:47,475 utils (0.015) SELECT COUNT(*) AS "__count" FROM "aplicatie_exemplu_pizza"; args=(); alias=default
DEBUG 2025-01-13 22:53:47,491 utils (0.000) DECLARE "_django_curs_17372_sync_1" NO SCROLL CURSOR WITH HOLD FOR SELECT "aplicatie_exemplu_meniu"."id", "aplicatie_exemplu_meniu"."nume", "aplicatie_exemplu_meniu"."descriere", "aplicatie_exemplu_meniu"."data_creare" FROM "aplicatie_exemplu_meniu"; args=(); alias=default
DEBUG 2025-01-13 22:53:47,491 utils (0.000) SELECT "aplicatie_exemplu_pizza"."id", "aplicatie_exemplu_pizza"."nume", "aplicatie_exemplu_pizza"."descriere", "aplicatie_exemplu_pizza"."pret", "aplicatie_exemplu_pizza"."gramaj", "aplicatie_exemplu_pizza"."meniu_id", "aplicatie_exemplu_pizza"."ambalaj_id" FROM "aplicatie_exemplu_pizza" LIMIT 5; args=(); alias=default
INFO 2025-01-13 22:53:47,507 basehttp "GET /aplicatie_exemplu/lista_pizze/ HTTP/1.1" 200 4031
DEBUG 2025-01-13 22:53:48,020 autoreload File C:\Users\SIM\AppData\Roaming\Python\Python311\site-packages\django\db\migrations\executor.py first seen with mtime 1730363519.1192303
DEBUG 2025-01-13 22:53:48,020 autoreload File C:\Users\SIM\AppData\Roaming\Python\Python311\site-packages\django\contrib\auth\migrations\0008_alter_user_username_max_length.py first seen with mtime 1730363515.2055457
DEBUG 2025-01-13 22:53:48,020 autoreload File C:\Users\SIM\AppData\Local\Programs\Python\Python311\Lib\site-packages\PIL\_util.py first seen with mtime 1713199322.0304856
DEBUG 2025-01-13 22:53:48,020 autoreload File C:\Users\SIM\AppData\Roaming\Python\Python311\site-packages\django\contrib\auth\migrations\0004_alter_user_username_opts.py first seen with mtime 1730363515.2035208
DEBUG 2025-01-13 22:53:48,020 autoreload File C:\Users\SIM\AppData\Roaming\Python\Python311\site-packages\django\db\migrations\loader.py first seen with mtime 1730363519.1217487
DEBUG 2025-01-13 22:53:48,020 autoreload File C:\Users\SIM\AppData\Roaming\Python\Python311\site-packages\django\template\context_processors.py first seen with mtime 1730363519.4187372
DEBUG 2025-01-13 22:53:48,020 autoreload File C:\Users\SIM\AppData\Local\Programs\Python\Python311\Lib\site-packages\PIL\_binary.py first seen with mtime 1713199321.9274669
DEBUG 2025-01-13 22:53:48,020 autoreload File C:\Users\SIM\AppData\Roaming\Python\Python311\site-packages\django\core\cache\backends\locmem.py first seen with mtime 1730363518.8295124
DEBUG 2025-01-13 22:53:48,020 autoreload File C:\Users\SIM\AppData\Roaming\Python\Python311\site-packages\django\conf\urls\__init__.py first seen with mtime 1730363512.6716802
DEBUG 2025-01-13 22:53:48,020 autoreload File C:\Users\SIM\AppData\Roaming\Python\Python311\site-packages\django\contrib\contenttypes\migrations\0002_remove_content_type_name.py first seen with mtime 1730363515.6521795
DEBUG 2025-01-13 22:53:48,020 autoreload File C:\Users\SIM\AppData\Roaming\Python\Python311\site-packages\django\contrib\contenttypes\migrations\0001_initial.py first seen with mtime 1730363515.6521795
DEBUG 2025-01-13 22:53:48,020 autoreload File C:\Users\SIM\AppData\Local\Programs\Python\Python311\Lib\stringprep.py first seen with mtime 1686106818.0
DEBUG 2025-01-13 22:53:48,020 autoreload File C:\Users\SIM\AppData\Local\Programs\Python\Python311\Lib\encodings\idna.py first seen with mtime 1686106818.0
DEBUG 2025-01-13 22:53:48,020 autoreload File C:\Users\SIM\AppData\Roaming\Python\Python311\site-packages\django\contrib\sessions\backends\db.py first seen with mtime 1730363517.772861
DEBUG 2025-01-13 22:53:48,024 autoreload File C:\Users\SIM\AppData\Local\Programs\Python\Python311\Lib\site-packages\PIL\_imaging.cp311-win_amd64.pyd first seen with mtime 1713199321.964252
DEBUG 2025-01-13 22:53:48,024 autoreload File C:\Users\SIM\AppData\Roaming\Python\Python311\site-packages\django\contrib\auth\migrations\0005_alter_user_last_login_null.py first seen with mtime 1730363515.2055457
DEBUG 2025-01-13 22:53:48,024 autoreload File C:\Users\SIM\Desktop\DJANGO\Proiect1\aplicatie_exemplu\migrations\__init__.py first seen with mtime 1732801320.7642558
DEBUG 2025-01-13 22:53:48,024 autoreload File C:\Users\SIM\AppData\Local\Programs\Python\Python311\Lib\site-packages\PIL\TiffTags.py first seen with mtime 1713199321.914797
DEBUG 2025-01-13 22:53:48,024 autoreload File C:\Users\SIM\AppData\Roaming\Python\Python311\site-packages\django\contrib\messages\storage\cookie.py first seen with mtime 1730363517.0199463
DEBUG 2025-01-13 22:53:48,024 autoreload File C:\Users\SIM\AppData\Roaming\Python\Python311\site-packages\django\contrib\auth\migrations\0012_alter_user_first_name_max_length.py first seen with mtime 1730363515.2186658
DEBUG 2025-01-13 22:53:48,024 autoreload File C:\Users\SIM\Desktop\DJANGO\Proiect1\aplicatie_exemplu\migrations\0004_customuser_adresa_customuser_data_nasterii_and_more.py first seen with mtime 1734016340.0623882
DEBUG 2025-01-13 22:53:48,024 autoreload File C:\Users\SIM\AppData\Roaming\Python\Python311\site-packages\django\contrib\auth\migrations\0010_alter_group_name_max_length.py first seen with mtime 1730363515.2135768
DEBUG 2025-01-13 22:53:48,024 autoreload File C:\Users\SIM\AppData\Local\Programs\Python\Python311\Lib\site-packages\PIL\ImageMode.py first seen with mtime 1713199321.8341837
DEBUG 2025-01-13 22:53:48,024 autoreload File C:\Users\SIM\AppData\Roaming\Python\Python311\site-packages\django\db\migrations\graph.py first seen with mtime 1730363519.1217487
DEBUG 2025-01-13 22:53:48,024 autoreload File C:\Users\SIM\AppData\Roaming\Python\Python311\site-packages\django\conf\locale\en\__init__.py first seen with mtime 1730363512.0187137
DEBUG 2025-01-13 22:53:48,024 autoreload File C:\Users\SIM\AppData\Roaming\Python\Python311\site-packages\django\contrib\auth\migrations\__init__.py first seen with mtime 1730363515.2186658
DEBUG 2025-01-13 22:53:48,024 autoreload File C:\Users\SIM\Desktop\DJANGO\Proiect1\aplicatie_exemplu\migrations\0001_initial.py first seen with mtime 1733881962.020991
DEBUG 2025-01-13 22:53:48,024 autoreload File C:\Users\SIM\AppData\Roaming\Python\Python311\site-packages\django\contrib\auth\migrations\0002_alter_permission_name_max_length.py first seen with mtime 1730363515.2019997
DEBUG 2025-01-13 22:53:48,024 autoreload File C:\Users\SIM\Desktop\DJANGO\Proiect1\aplicatie_exemplu\migrations\0006_promotie_vizualizari.py first seen with mtime 1734456698.5619638
DEBUG 2025-01-13 22:53:48,024 autoreload File C:\Users\SIM\AppData\Roaming\Python\Python311\site-packages\django\contrib\sessions\migrations\__init__.py first seen with mtime 1730363518.3192728
DEBUG 2025-01-13 22:53:48,024 autoreload File C:\Users\SIM\AppData\Local\Programs\Python\Python311\Lib\site-packages\PIL\_typing.py first seen with mtime 1713199322.0304856
DEBUG 2025-01-13 22:53:48,024 autoreload File C:\Users\SIM\AppData\Roaming\Python\Python311\site-packages\django\contrib\admin\migrations\0003_logentry_add_action_flag_choices.py first seen with mtime 1730363513.652066
DEBUG 2025-01-13 22:53:48,024 autoreload File C:\Users\SIM\AppData\Roaming\Python\Python311\site-packages\django\db\migrations\recorder.py first seen with mtime 1730363519.1302652
DEBUG 2025-01-13 22:53:48,024 autoreload File C:\Users\SIM\AppData\Roaming\Python\Python311\site-packages\django\db\models\sql\compiler.py first seen with mtime 1730363519.2111301
DEBUG 2025-01-13 22:53:48,024 autoreload File C:\Users\SIM\Desktop\DJANGO\Proiect1\aplicatie_exemplu\migrations\0002_customuser_test_field.py first seen with mtime 1733882372.8594377
DEBUG 2025-01-13 22:53:48,024 autoreload File C:\Users\SIM\AppData\Roaming\Python\Python311\site-packages\django\contrib\auth\migrations\0003_alter_user_email_max_length.py first seen with mtime 1730363515.2026243
DEBUG 2025-01-13 22:53:48,024 autoreload File C:\Users\SIM\AppData\Roaming\Python\Python311\site-packages\django\contrib\admin\migrations\__init__.py first seen with mtime 1730363513.652066
DEBUG 2025-01-13 22:53:48,024 autoreload File C:\Users\SIM\AppData\Roaming\Python\Python311\site-packages\django\contrib\auth\migrations\0007_alter_validators_add_error_messages.py first seen with mtime 1730363515.2055457
DEBUG 2025-01-13 22:53:48,024 autoreload File C:\Users\SIM\AppData\Roaming\Python\Python311\site-packages\django\contrib\admin\migrations\0002_logentry_remove_auto_add.py first seen with mtime 1730363513.652066
DEBUG 2025-01-13 22:53:48,024 autoreload File C:\Users\SIM\AppData\Roaming\Python\Python311\site-packages\django\contrib\auth\context_processors.py first seen with mtime 1730363514.6418157
DEBUG 2025-01-13 22:53:48,024 autoreload File C:\Users\SIM\AppData\Roaming\Python\Python311\site-packages\django\views\csrf.py first seen with mtime 1730363519.5659022
DEBUG 2025-01-13 22:53:48,024 autoreload File C:\Users\SIM\Desktop\DJANGO\Proiect1\aplicatie_exemplu\migrations\0003_remove_customuser_test_field.py first seen with mtime 1733883270.4782133
DEBUG 2025-01-13 22:53:48,024 autoreload File C:\Users\SIM\AppData\Roaming\Python\Python311\site-packages\django\contrib\admin\migrations\0001_initial.py first seen with mtime 1730363513.645662
DEBUG 2025-01-13 22:53:48,024 autoreload File C:\Users\SIM\AppData\Roaming\Python\Python311\site-packages\django\contrib\messages\context_processors.py first seen with mtime 1730363517.011087
DEBUG 2025-01-13 22:53:48,032 autoreload File C:\Users\SIM\AppData\Roaming\Python\Python311\site-packages\django\contrib\messages\storage\session.py first seen with mtime 1730363517.021073
DEBUG 2025-01-13 22:53:48,032 autoreload File C:\Users\SIM\AppData\Roaming\Python\Python311\site-packages\django\contrib\auth\migrations\0001_initial.py first seen with mtime 1730363515.1973174
DEBUG 2025-01-13 22:53:48,032 autoreload File C:\Users\SIM\AppData\Roaming\Python\Python311\site-packages\django\contrib\auth\migrations\0011_update_proxy_permissions.py first seen with mtime 1730363515.2135768
DEBUG 2025-01-13 22:53:48,032 autoreload File C:\Users\SIM\AppData\Roaming\Python\Python311\site-packages\django\contrib\sessions\migrations\0001_initial.py first seen with mtime 1730363518.3192728
DEBUG 2025-01-13 22:53:48,032 autoreload File C:\Users\SIM\AppData\Roaming\Python\Python311\site-packages\django\conf\locale\en\formats.py first seen with mtime 1730363512.0187137
DEBUG 2025-01-13 22:53:48,032 autoreload File C:\Users\SIM\AppData\Roaming\Python\Python311\site-packages\django\contrib\auth\migrations\0006_require_contenttypes_0002.py first seen with mtime 1730363515.2055457
DEBUG 2025-01-13 22:53:48,032 autoreload File C:\Users\SIM\AppData\Roaming\Python\Python311\site-packages\django\contrib\auth\migrations\0009_alter_user_last_name_max_length.py first seen with mtime 1730363515.2135768
DEBUG 2025-01-13 22:53:48,032 autoreload File C:\Users\SIM\Desktop\DJANGO\Proiect1\aplicatie_exemplu\migrations\0005_customuser_cod_customuser_email_confirmat.py first seen with mtime 1734452382.3271067
DEBUG 2025-01-13 22:53:48,032 autoreload File C:\Users\SIM\AppData\Roaming\Python\Python311\site-packages\django\views\defaults.py first seen with mtime 1730363519.5688384
DEBUG 2025-01-13 22:53:48,032 autoreload File C:\Users\SIM\Desktop\DJANGO\Proiect1\Proiect1\wsgi.py first seen with mtime 1730907575.288558
DEBUG 2025-01-13 22:53:48,032 autoreload File C:\Users\SIM\AppData\Roaming\Python\Python311\site-packages\django\contrib\sessions\serializers.py first seen with mtime 1730363517.7698474
DEBUG 2025-01-13 22:53:48,032 autoreload File C:\Users\SIM\AppData\Roaming\Python\Python311\site-packages\django\contrib\contenttypes\migrations\__init__.py first seen with mtime 1730363515.6521795
DEBUG 2025-01-13 22:53:48,032 autoreload File C:\Users\SIM\AppData\Roaming\Python\Python311\site-packages\django\contrib\messages\storage\fallback.py first seen with mtime 1730363517.021073
DEBUG 2025-01-13 22:53:49,551 views Se preiau toate pizzele din baza de date.
DEBUG 2025-01-13 22:53:49,639 utils (0.000) SELECT COUNT(*) AS "__count" FROM "aplicatie_exemplu_pizza"; args=(); alias=default
DEBUG 2025-01-13 22:53:49,639 utils (0.000) DECLARE "_django_curs_17372_sync_2" NO SCROLL CURSOR WITH HOLD FOR SELECT "aplicatie_exemplu_meniu"."id", "aplicatie_exemplu_meniu"."nume", "aplicatie_exemplu_meniu"."descriere", "aplicatie_exemplu_meniu"."data_creare" FROM "aplicatie_exemplu_meniu"; args=(); alias=default
DEBUG 2025-01-13 22:53:49,639 utils (0.000) SELECT "aplicatie_exemplu_pizza"."id", "aplicatie_exemplu_pizza"."nume", "aplicatie_exemplu_pizza"."descriere", "aplicatie_exemplu_pizza"."pret", "aplicatie_exemplu_pizza"."gramaj", "aplicatie_exemplu_pizza"."meniu_id", "aplicatie_exemplu_pizza"."ambalaj_id" FROM "aplicatie_exemplu_pizza" LIMIT 5; args=(); alias=default
INFO 2025-01-13 22:53:49,647 basehttp "GET /aplicatie_exemplu/lista_pizze/ HTTP/1.1" 200 4031
INFO 2025-01-13 22:53:54,427 basehttp "GET /aplicatie_exemplu/profile/ HTTP/1.1" 302 0
DEBUG 2025-01-13 22:53:54,443 base Exception while resolving variable 'name' in template 'unknown'.
Traceback (most recent call last):
  File "C:\Users\SIM\AppData\Roaming\Python\Python311\site-packages\django\core\handlers\exception.py", line 55, in inner
    response = get_response(request)
               ^^^^^^^^^^^^^^^^^^^^^
  File "C:\Users\SIM\AppData\Roaming\Python\Python311\site-packages\django\core\handlers\base.py", line 181, in _get_response
    callback, callback_args, callback_kwargs = self.resolve_request(request)
                                               ^^^^^^^^^^^^^^^^^^^^^^^^^^^^^
  File "C:\Users\SIM\AppData\Roaming\Python\Python311\site-packages\django\core\handlers\base.py", line 313, in resolve_request
    resolver_match = resolver.resolve(request.path_info)
                     ^^^^^^^^^^^^^^^^^^^^^^^^^^^^^^^^^^^
  File "C:\Users\SIM\AppData\Roaming\Python\Python311\site-packages\django\urls\resolvers.py", line 705, in resolve
    raise Resolver404({"tried": tried, "path": new_path})
django.urls.exceptions.Resolver404: {'tried': [[<URLResolver <URLPattern list> (admin:admin) 'admin/'>], [<URLResolver <module 'aplicatie_exemplu.urls' from 'C:\\Users\\SIM\\Desktop\\DJANGO\\Proiect1\\aplicatie_exemplu\\urls.py'> (None:None) 'aplicatie_exemplu/'>], [<URLResolver <module 'aplicatie.urls' from 'C:\\Users\\SIM\\Desktop\\DJANGO\\Proiect1\\aplicatie\\urls.py'> (None:None) 'aplicatie/'>]], 'path': 'accounts/login/'}

During handling of the above exception, another exception occurred:

Traceback (most recent call last):
  File "C:\Users\SIM\AppData\Roaming\Python\Python311\site-packages\django\template\base.py", line 883, in _resolve_lookup
    current = current[bit]
              ~~~~~~~^^^^^
TypeError: 'URLResolver' object is not subscriptable

During handling of the above exception, another exception occurred:

Traceback (most recent call last):
  File "C:\Users\SIM\AppData\Roaming\Python\Python311\site-packages\django\template\base.py", line 893, in _resolve_lookup
    current = getattr(current, bit)
              ^^^^^^^^^^^^^^^^^^^^^
AttributeError: 'URLResolver' object has no attribute 'name'

During handling of the above exception, another exception occurred:

Traceback (most recent call last):
  File "C:\Users\SIM\AppData\Roaming\Python\Python311\site-packages\django\template\base.py", line 899, in _resolve_lookup
    current = current[int(bit)]
                      ^^^^^^^^
ValueError: invalid literal for int() with base 10: 'name'

During handling of the above exception, another exception occurred:

Traceback (most recent call last):
  File "C:\Users\SIM\AppData\Roaming\Python\Python311\site-packages\django\template\base.py", line 906, in _resolve_lookup
    raise VariableDoesNotExist(
django.template.base.VariableDoesNotExist: Failed lookup for key [name] in <URLResolver <URLPattern list> (admin:admin) 'admin/'>
DEBUG 2025-01-13 22:53:54,459 base Exception while resolving variable 'name' in template 'unknown'.
Traceback (most recent call last):
  File "C:\Users\SIM\AppData\Roaming\Python\Python311\site-packages\django\core\handlers\exception.py", line 55, in inner
    response = get_response(request)
               ^^^^^^^^^^^^^^^^^^^^^
  File "C:\Users\SIM\AppData\Roaming\Python\Python311\site-packages\django\core\handlers\base.py", line 181, in _get_response
    callback, callback_args, callback_kwargs = self.resolve_request(request)
                                               ^^^^^^^^^^^^^^^^^^^^^^^^^^^^^
  File "C:\Users\SIM\AppData\Roaming\Python\Python311\site-packages\django\core\handlers\base.py", line 313, in resolve_request
    resolver_match = resolver.resolve(request.path_info)
                     ^^^^^^^^^^^^^^^^^^^^^^^^^^^^^^^^^^^
  File "C:\Users\SIM\AppData\Roaming\Python\Python311\site-packages\django\urls\resolvers.py", line 705, in resolve
    raise Resolver404({"tried": tried, "path": new_path})
django.urls.exceptions.Resolver404: {'tried': [[<URLResolver <URLPattern list> (admin:admin) 'admin/'>], [<URLResolver <module 'aplicatie_exemplu.urls' from 'C:\\Users\\SIM\\Desktop\\DJANGO\\Proiect1\\aplicatie_exemplu\\urls.py'> (None:None) 'aplicatie_exemplu/'>], [<URLResolver <module 'aplicatie.urls' from 'C:\\Users\\SIM\\Desktop\\DJANGO\\Proiect1\\aplicatie\\urls.py'> (None:None) 'aplicatie/'>]], 'path': 'accounts/login/'}

During handling of the above exception, another exception occurred:

Traceback (most recent call last):
  File "C:\Users\SIM\AppData\Roaming\Python\Python311\site-packages\django\template\base.py", line 883, in _resolve_lookup
    current = current[bit]
              ~~~~~~~^^^^^
TypeError: 'URLResolver' object is not subscriptable

During handling of the above exception, another exception occurred:

Traceback (most recent call last):
  File "C:\Users\SIM\AppData\Roaming\Python\Python311\site-packages\django\template\base.py", line 893, in _resolve_lookup
    current = getattr(current, bit)
              ^^^^^^^^^^^^^^^^^^^^^
AttributeError: 'URLResolver' object has no attribute 'name'

During handling of the above exception, another exception occurred:

Traceback (most recent call last):
  File "C:\Users\SIM\AppData\Roaming\Python\Python311\site-packages\django\template\base.py", line 899, in _resolve_lookup
    current = current[int(bit)]
                      ^^^^^^^^
ValueError: invalid literal for int() with base 10: 'name'

During handling of the above exception, another exception occurred:

Traceback (most recent call last):
  File "C:\Users\SIM\AppData\Roaming\Python\Python311\site-packages\django\template\base.py", line 906, in _resolve_lookup
    raise VariableDoesNotExist(
django.template.base.VariableDoesNotExist: Failed lookup for key [name] in <URLResolver <module 'aplicatie_exemplu.urls' from 'C:\\Users\\SIM\\Desktop\\DJANGO\\Proiect1\\aplicatie_exemplu\\urls.py'> (None:None) 'aplicatie_exemplu/'>
DEBUG 2025-01-13 22:53:54,459 base Exception while resolving variable 'name' in template 'unknown'.
Traceback (most recent call last):
  File "C:\Users\SIM\AppData\Roaming\Python\Python311\site-packages\django\core\handlers\exception.py", line 55, in inner
    response = get_response(request)
               ^^^^^^^^^^^^^^^^^^^^^
  File "C:\Users\SIM\AppData\Roaming\Python\Python311\site-packages\django\core\handlers\base.py", line 181, in _get_response
    callback, callback_args, callback_kwargs = self.resolve_request(request)
                                               ^^^^^^^^^^^^^^^^^^^^^^^^^^^^^
  File "C:\Users\SIM\AppData\Roaming\Python\Python311\site-packages\django\core\handlers\base.py", line 313, in resolve_request
    resolver_match = resolver.resolve(request.path_info)
                     ^^^^^^^^^^^^^^^^^^^^^^^^^^^^^^^^^^^
  File "C:\Users\SIM\AppData\Roaming\Python\Python311\site-packages\django\urls\resolvers.py", line 705, in resolve
    raise Resolver404({"tried": tried, "path": new_path})
django.urls.exceptions.Resolver404: {'tried': [[<URLResolver <URLPattern list> (admin:admin) 'admin/'>], [<URLResolver <module 'aplicatie_exemplu.urls' from 'C:\\Users\\SIM\\Desktop\\DJANGO\\Proiect1\\aplicatie_exemplu\\urls.py'> (None:None) 'aplicatie_exemplu/'>], [<URLResolver <module 'aplicatie.urls' from 'C:\\Users\\SIM\\Desktop\\DJANGO\\Proiect1\\aplicatie\\urls.py'> (None:None) 'aplicatie/'>]], 'path': 'accounts/login/'}

During handling of the above exception, another exception occurred:

Traceback (most recent call last):
  File "C:\Users\SIM\AppData\Roaming\Python\Python311\site-packages\django\template\base.py", line 883, in _resolve_lookup
    current = current[bit]
              ~~~~~~~^^^^^
TypeError: 'URLResolver' object is not subscriptable

During handling of the above exception, another exception occurred:

Traceback (most recent call last):
  File "C:\Users\SIM\AppData\Roaming\Python\Python311\site-packages\django\template\base.py", line 893, in _resolve_lookup
    current = getattr(current, bit)
              ^^^^^^^^^^^^^^^^^^^^^
AttributeError: 'URLResolver' object has no attribute 'name'

During handling of the above exception, another exception occurred:

Traceback (most recent call last):
  File "C:\Users\SIM\AppData\Roaming\Python\Python311\site-packages\django\template\base.py", line 899, in _resolve_lookup
    current = current[int(bit)]
                      ^^^^^^^^
ValueError: invalid literal for int() with base 10: 'name'

During handling of the above exception, another exception occurred:

Traceback (most recent call last):
  File "C:\Users\SIM\AppData\Roaming\Python\Python311\site-packages\django\template\base.py", line 906, in _resolve_lookup
    raise VariableDoesNotExist(
django.template.base.VariableDoesNotExist: Failed lookup for key [name] in <URLResolver <module 'aplicatie.urls' from 'C:\\Users\\SIM\\Desktop\\DJANGO\\Proiect1\\aplicatie\\urls.py'> (None:None) 'aplicatie/'>
WARNING 2025-01-13 22:53:54,467 log Not Found: /accounts/login/
WARNING 2025-01-13 22:53:54,467 basehttp "GET /accounts/login/?next=/aplicatie_exemplu/profile/ HTTP/1.1" 404 2569
INFO 2025-01-13 22:53:54,853 basehttp "GET /aplicatie_exemplu/profile/ HTTP/1.1" 302 0
DEBUG 2025-01-13 22:53:54,867 base Exception while resolving variable 'name' in template 'unknown'.
Traceback (most recent call last):
  File "C:\Users\SIM\AppData\Roaming\Python\Python311\site-packages\django\core\handlers\exception.py", line 55, in inner
    response = get_response(request)
               ^^^^^^^^^^^^^^^^^^^^^
  File "C:\Users\SIM\AppData\Roaming\Python\Python311\site-packages\django\core\handlers\base.py", line 181, in _get_response
    callback, callback_args, callback_kwargs = self.resolve_request(request)
                                               ^^^^^^^^^^^^^^^^^^^^^^^^^^^^^
  File "C:\Users\SIM\AppData\Roaming\Python\Python311\site-packages\django\core\handlers\base.py", line 313, in resolve_request
    resolver_match = resolver.resolve(request.path_info)
                     ^^^^^^^^^^^^^^^^^^^^^^^^^^^^^^^^^^^
  File "C:\Users\SIM\AppData\Roaming\Python\Python311\site-packages\django\urls\resolvers.py", line 705, in resolve
    raise Resolver404({"tried": tried, "path": new_path})
django.urls.exceptions.Resolver404: {'tried': [[<URLResolver <URLPattern list> (admin:admin) 'admin/'>], [<URLResolver <module 'aplicatie_exemplu.urls' from 'C:\\Users\\SIM\\Desktop\\DJANGO\\Proiect1\\aplicatie_exemplu\\urls.py'> (None:None) 'aplicatie_exemplu/'>], [<URLResolver <module 'aplicatie.urls' from 'C:\\Users\\SIM\\Desktop\\DJANGO\\Proiect1\\aplicatie\\urls.py'> (None:None) 'aplicatie/'>]], 'path': 'accounts/login/'}

During handling of the above exception, another exception occurred:

Traceback (most recent call last):
  File "C:\Users\SIM\AppData\Roaming\Python\Python311\site-packages\django\template\base.py", line 883, in _resolve_lookup
    current = current[bit]
              ~~~~~~~^^^^^
TypeError: 'URLResolver' object is not subscriptable

During handling of the above exception, another exception occurred:

Traceback (most recent call last):
  File "C:\Users\SIM\AppData\Roaming\Python\Python311\site-packages\django\template\base.py", line 893, in _resolve_lookup
    current = getattr(current, bit)
              ^^^^^^^^^^^^^^^^^^^^^
AttributeError: 'URLResolver' object has no attribute 'name'

During handling of the above exception, another exception occurred:

Traceback (most recent call last):
  File "C:\Users\SIM\AppData\Roaming\Python\Python311\site-packages\django\template\base.py", line 899, in _resolve_lookup
    current = current[int(bit)]
                      ^^^^^^^^
ValueError: invalid literal for int() with base 10: 'name'

During handling of the above exception, another exception occurred:

Traceback (most recent call last):
  File "C:\Users\SIM\AppData\Roaming\Python\Python311\site-packages\django\template\base.py", line 906, in _resolve_lookup
    raise VariableDoesNotExist(
django.template.base.VariableDoesNotExist: Failed lookup for key [name] in <URLResolver <URLPattern list> (admin:admin) 'admin/'>
DEBUG 2025-01-13 22:53:54,869 base Exception while resolving variable 'name' in template 'unknown'.
Traceback (most recent call last):
  File "C:\Users\SIM\AppData\Roaming\Python\Python311\site-packages\django\core\handlers\exception.py", line 55, in inner
    response = get_response(request)
               ^^^^^^^^^^^^^^^^^^^^^
  File "C:\Users\SIM\AppData\Roaming\Python\Python311\site-packages\django\core\handlers\base.py", line 181, in _get_response
    callback, callback_args, callback_kwargs = self.resolve_request(request)
                                               ^^^^^^^^^^^^^^^^^^^^^^^^^^^^^
  File "C:\Users\SIM\AppData\Roaming\Python\Python311\site-packages\django\core\handlers\base.py", line 313, in resolve_request
    resolver_match = resolver.resolve(request.path_info)
                     ^^^^^^^^^^^^^^^^^^^^^^^^^^^^^^^^^^^
  File "C:\Users\SIM\AppData\Roaming\Python\Python311\site-packages\django\urls\resolvers.py", line 705, in resolve
    raise Resolver404({"tried": tried, "path": new_path})
django.urls.exceptions.Resolver404: {'tried': [[<URLResolver <URLPattern list> (admin:admin) 'admin/'>], [<URLResolver <module 'aplicatie_exemplu.urls' from 'C:\\Users\\SIM\\Desktop\\DJANGO\\Proiect1\\aplicatie_exemplu\\urls.py'> (None:None) 'aplicatie_exemplu/'>], [<URLResolver <module 'aplicatie.urls' from 'C:\\Users\\SIM\\Desktop\\DJANGO\\Proiect1\\aplicatie\\urls.py'> (None:None) 'aplicatie/'>]], 'path': 'accounts/login/'}

During handling of the above exception, another exception occurred:

Traceback (most recent call last):
  File "C:\Users\SIM\AppData\Roaming\Python\Python311\site-packages\django\template\base.py", line 883, in _resolve_lookup
    current = current[bit]
              ~~~~~~~^^^^^
TypeError: 'URLResolver' object is not subscriptable

During handling of the above exception, another exception occurred:

Traceback (most recent call last):
  File "C:\Users\SIM\AppData\Roaming\Python\Python311\site-packages\django\template\base.py", line 893, in _resolve_lookup
    current = getattr(current, bit)
              ^^^^^^^^^^^^^^^^^^^^^
AttributeError: 'URLResolver' object has no attribute 'name'

During handling of the above exception, another exception occurred:

Traceback (most recent call last):
  File "C:\Users\SIM\AppData\Roaming\Python\Python311\site-packages\django\template\base.py", line 899, in _resolve_lookup
    current = current[int(bit)]
                      ^^^^^^^^
ValueError: invalid literal for int() with base 10: 'name'

During handling of the above exception, another exception occurred:

Traceback (most recent call last):
  File "C:\Users\SIM\AppData\Roaming\Python\Python311\site-packages\django\template\base.py", line 906, in _resolve_lookup
    raise VariableDoesNotExist(
django.template.base.VariableDoesNotExist: Failed lookup for key [name] in <URLResolver <module 'aplicatie_exemplu.urls' from 'C:\\Users\\SIM\\Desktop\\DJANGO\\Proiect1\\aplicatie_exemplu\\urls.py'> (None:None) 'aplicatie_exemplu/'>
DEBUG 2025-01-13 22:53:54,869 base Exception while resolving variable 'name' in template 'unknown'.
Traceback (most recent call last):
  File "C:\Users\SIM\AppData\Roaming\Python\Python311\site-packages\django\core\handlers\exception.py", line 55, in inner
    response = get_response(request)
               ^^^^^^^^^^^^^^^^^^^^^
  File "C:\Users\SIM\AppData\Roaming\Python\Python311\site-packages\django\core\handlers\base.py", line 181, in _get_response
    callback, callback_args, callback_kwargs = self.resolve_request(request)
                                               ^^^^^^^^^^^^^^^^^^^^^^^^^^^^^
  File "C:\Users\SIM\AppData\Roaming\Python\Python311\site-packages\django\core\handlers\base.py", line 313, in resolve_request
    resolver_match = resolver.resolve(request.path_info)
                     ^^^^^^^^^^^^^^^^^^^^^^^^^^^^^^^^^^^
  File "C:\Users\SIM\AppData\Roaming\Python\Python311\site-packages\django\urls\resolvers.py", line 705, in resolve
    raise Resolver404({"tried": tried, "path": new_path})
django.urls.exceptions.Resolver404: {'tried': [[<URLResolver <URLPattern list> (admin:admin) 'admin/'>], [<URLResolver <module 'aplicatie_exemplu.urls' from 'C:\\Users\\SIM\\Desktop\\DJANGO\\Proiect1\\aplicatie_exemplu\\urls.py'> (None:None) 'aplicatie_exemplu/'>], [<URLResolver <module 'aplicatie.urls' from 'C:\\Users\\SIM\\Desktop\\DJANGO\\Proiect1\\aplicatie\\urls.py'> (None:None) 'aplicatie/'>]], 'path': 'accounts/login/'}

During handling of the above exception, another exception occurred:

Traceback (most recent call last):
  File "C:\Users\SIM\AppData\Roaming\Python\Python311\site-packages\django\template\base.py", line 883, in _resolve_lookup
    current = current[bit]
              ~~~~~~~^^^^^
TypeError: 'URLResolver' object is not subscriptable

During handling of the above exception, another exception occurred:

Traceback (most recent call last):
  File "C:\Users\SIM\AppData\Roaming\Python\Python311\site-packages\django\template\base.py", line 893, in _resolve_lookup
    current = getattr(current, bit)
              ^^^^^^^^^^^^^^^^^^^^^
AttributeError: 'URLResolver' object has no attribute 'name'

During handling of the above exception, another exception occurred:

Traceback (most recent call last):
  File "C:\Users\SIM\AppData\Roaming\Python\Python311\site-packages\django\template\base.py", line 899, in _resolve_lookup
    current = current[int(bit)]
                      ^^^^^^^^
ValueError: invalid literal for int() with base 10: 'name'

During handling of the above exception, another exception occurred:

Traceback (most recent call last):
  File "C:\Users\SIM\AppData\Roaming\Python\Python311\site-packages\django\template\base.py", line 906, in _resolve_lookup
    raise VariableDoesNotExist(
django.template.base.VariableDoesNotExist: Failed lookup for key [name] in <URLResolver <module 'aplicatie.urls' from 'C:\\Users\\SIM\\Desktop\\DJANGO\\Proiect1\\aplicatie\\urls.py'> (None:None) 'aplicatie/'>
WARNING 2025-01-13 22:53:54,876 log Not Found: /accounts/login/
WARNING 2025-01-13 22:53:54,876 basehttp "GET /accounts/login/?next=/aplicatie_exemplu/profile/ HTTP/1.1" 404 2569
INFO 2025-01-13 22:54:20,981 basehttp "GET /aplicatie_exemplu/inregistrare HTTP/1.1" 200 1758
DEBUG 2025-01-13 22:54:27,508 base Exception while resolving variable 'items' in template 'django/forms/label.html'.
Traceback (most recent call last):
  File "C:\Users\SIM\AppData\Roaming\Python\Python311\site-packages\django\template\base.py", line 883, in _resolve_lookup
    current = current[bit]
              ~~~~~~~^^^^^
TypeError: 'NoneType' object is not subscriptable

During handling of the above exception, another exception occurred:

Traceback (most recent call last):
  File "C:\Users\SIM\AppData\Roaming\Python\Python311\site-packages\django\template\base.py", line 893, in _resolve_lookup
    current = getattr(current, bit)
              ^^^^^^^^^^^^^^^^^^^^^
AttributeError: 'NoneType' object has no attribute 'items'

During handling of the above exception, another exception occurred:

Traceback (most recent call last):
  File "C:\Users\SIM\AppData\Roaming\Python\Python311\site-packages\django\template\base.py", line 899, in _resolve_lookup
    current = current[int(bit)]
                      ^^^^^^^^
ValueError: invalid literal for int() with base 10: 'items'

During handling of the above exception, another exception occurred:

Traceback (most recent call last):
  File "C:\Users\SIM\AppData\Roaming\Python\Python311\site-packages\django\template\base.py", line 906, in _resolve_lookup
    raise VariableDoesNotExist(
django.template.base.VariableDoesNotExist: Failed lookup for key [items] in None
DEBUG 2025-01-13 22:54:27,590 utils (0.000) DECLARE "_django_curs_11016_sync_1" NO SCROLL CURSOR WITH HOLD FOR SELECT "aplicatie_exemplu_meniu"."id", "aplicatie_exemplu_meniu"."nume", "aplicatie_exemplu_meniu"."descriere", "aplicatie_exemplu_meniu"."data_creare" FROM "aplicatie_exemplu_meniu"; args=(); alias=default
DEBUG 2025-01-13 22:54:27,598 base Exception while resolving variable 'class' in template 'django/forms/widgets/checkbox_select.html'.
Traceback (most recent call last):
  File "C:\Users\SIM\AppData\Roaming\Python\Python311\site-packages\django\template\base.py", line 883, in _resolve_lookup
    current = current[bit]
              ~~~~~~~^^^^^
KeyError: 'class'

During handling of the above exception, another exception occurred:

Traceback (most recent call last):
  File "C:\Users\SIM\AppData\Roaming\Python\Python311\site-packages\django\template\base.py", line 893, in _resolve_lookup
    current = getattr(current, bit)
              ^^^^^^^^^^^^^^^^^^^^^
AttributeError: 'dict' object has no attribute 'class'

During handling of the above exception, another exception occurred:

Traceback (most recent call last):
  File "C:\Users\SIM\AppData\Roaming\Python\Python311\site-packages\django\template\base.py", line 899, in _resolve_lookup
    current = current[int(bit)]
                      ^^^^^^^^
ValueError: invalid literal for int() with base 10: 'class'

During handling of the above exception, another exception occurred:

Traceback (most recent call last):
  File "C:\Users\SIM\AppData\Roaming\Python\Python311\site-packages\django\template\base.py", line 906, in _resolve_lookup
    raise VariableDoesNotExist(
django.template.base.VariableDoesNotExist: Failed lookup for key [class] in {'id': 'id_meniu'}
INFO 2025-01-13 22:54:27,606 basehttp "GET /aplicatie_exemplu/adauga_promotie/ HTTP/1.1" 200 1399
INFO 2025-01-13 22:54:32,388 basehttp "GET /aplicatie_exemplu/profile/ HTTP/1.1" 302 0
DEBUG 2025-01-13 22:54:32,405 base Exception while resolving variable 'name' in template 'unknown'.
Traceback (most recent call last):
  File "C:\Users\SIM\AppData\Roaming\Python\Python311\site-packages\django\core\handlers\exception.py", line 55, in inner
    response = get_response(request)
               ^^^^^^^^^^^^^^^^^^^^^
  File "C:\Users\SIM\AppData\Roaming\Python\Python311\site-packages\django\core\handlers\base.py", line 181, in _get_response
    callback, callback_args, callback_kwargs = self.resolve_request(request)
                                               ^^^^^^^^^^^^^^^^^^^^^^^^^^^^^
  File "C:\Users\SIM\AppData\Roaming\Python\Python311\site-packages\django\core\handlers\base.py", line 313, in resolve_request
    resolver_match = resolver.resolve(request.path_info)
                     ^^^^^^^^^^^^^^^^^^^^^^^^^^^^^^^^^^^
  File "C:\Users\SIM\AppData\Roaming\Python\Python311\site-packages\django\urls\resolvers.py", line 705, in resolve
    raise Resolver404({"tried": tried, "path": new_path})
django.urls.exceptions.Resolver404: {'tried': [[<URLResolver <URLPattern list> (admin:admin) 'admin/'>], [<URLResolver <module 'aplicatie_exemplu.urls' from 'C:\\Users\\SIM\\Desktop\\DJANGO\\Proiect1\\aplicatie_exemplu\\urls.py'> (None:None) 'aplicatie_exemplu/'>], [<URLResolver <module 'aplicatie.urls' from 'C:\\Users\\SIM\\Desktop\\DJANGO\\Proiect1\\aplicatie\\urls.py'> (None:None) 'aplicatie/'>]], 'path': 'accounts/login/'}

During handling of the above exception, another exception occurred:

Traceback (most recent call last):
  File "C:\Users\SIM\AppData\Roaming\Python\Python311\site-packages\django\template\base.py", line 883, in _resolve_lookup
    current = current[bit]
              ~~~~~~~^^^^^
TypeError: 'URLResolver' object is not subscriptable

During handling of the above exception, another exception occurred:

Traceback (most recent call last):
  File "C:\Users\SIM\AppData\Roaming\Python\Python311\site-packages\django\template\base.py", line 893, in _resolve_lookup
    current = getattr(current, bit)
              ^^^^^^^^^^^^^^^^^^^^^
AttributeError: 'URLResolver' object has no attribute 'name'

During handling of the above exception, another exception occurred:

Traceback (most recent call last):
  File "C:\Users\SIM\AppData\Roaming\Python\Python311\site-packages\django\template\base.py", line 899, in _resolve_lookup
    current = current[int(bit)]
                      ^^^^^^^^
ValueError: invalid literal for int() with base 10: 'name'

During handling of the above exception, another exception occurred:

Traceback (most recent call last):
  File "C:\Users\SIM\AppData\Roaming\Python\Python311\site-packages\django\template\base.py", line 906, in _resolve_lookup
    raise VariableDoesNotExist(
django.template.base.VariableDoesNotExist: Failed lookup for key [name] in <URLResolver <URLPattern list> (admin:admin) 'admin/'>
DEBUG 2025-01-13 22:54:32,405 base Exception while resolving variable 'name' in template 'unknown'.
Traceback (most recent call last):
  File "C:\Users\SIM\AppData\Roaming\Python\Python311\site-packages\django\core\handlers\exception.py", line 55, in inner
    response = get_response(request)
               ^^^^^^^^^^^^^^^^^^^^^
  File "C:\Users\SIM\AppData\Roaming\Python\Python311\site-packages\django\core\handlers\base.py", line 181, in _get_response
    callback, callback_args, callback_kwargs = self.resolve_request(request)
                                               ^^^^^^^^^^^^^^^^^^^^^^^^^^^^^
  File "C:\Users\SIM\AppData\Roaming\Python\Python311\site-packages\django\core\handlers\base.py", line 313, in resolve_request
    resolver_match = resolver.resolve(request.path_info)
                     ^^^^^^^^^^^^^^^^^^^^^^^^^^^^^^^^^^^
  File "C:\Users\SIM\AppData\Roaming\Python\Python311\site-packages\django\urls\resolvers.py", line 705, in resolve
    raise Resolver404({"tried": tried, "path": new_path})
django.urls.exceptions.Resolver404: {'tried': [[<URLResolver <URLPattern list> (admin:admin) 'admin/'>], [<URLResolver <module 'aplicatie_exemplu.urls' from 'C:\\Users\\SIM\\Desktop\\DJANGO\\Proiect1\\aplicatie_exemplu\\urls.py'> (None:None) 'aplicatie_exemplu/'>], [<URLResolver <module 'aplicatie.urls' from 'C:\\Users\\SIM\\Desktop\\DJANGO\\Proiect1\\aplicatie\\urls.py'> (None:None) 'aplicatie/'>]], 'path': 'accounts/login/'}

During handling of the above exception, another exception occurred:

Traceback (most recent call last):
  File "C:\Users\SIM\AppData\Roaming\Python\Python311\site-packages\django\template\base.py", line 883, in _resolve_lookup
    current = current[bit]
              ~~~~~~~^^^^^
TypeError: 'URLResolver' object is not subscriptable

During handling of the above exception, another exception occurred:

Traceback (most recent call last):
  File "C:\Users\SIM\AppData\Roaming\Python\Python311\site-packages\django\template\base.py", line 893, in _resolve_lookup
    current = getattr(current, bit)
              ^^^^^^^^^^^^^^^^^^^^^
AttributeError: 'URLResolver' object has no attribute 'name'

During handling of the above exception, another exception occurred:

Traceback (most recent call last):
  File "C:\Users\SIM\AppData\Roaming\Python\Python311\site-packages\django\template\base.py", line 899, in _resolve_lookup
    current = current[int(bit)]
                      ^^^^^^^^
ValueError: invalid literal for int() with base 10: 'name'

During handling of the above exception, another exception occurred:

Traceback (most recent call last):
  File "C:\Users\SIM\AppData\Roaming\Python\Python311\site-packages\django\template\base.py", line 906, in _resolve_lookup
    raise VariableDoesNotExist(
django.template.base.VariableDoesNotExist: Failed lookup for key [name] in <URLResolver <module 'aplicatie_exemplu.urls' from 'C:\\Users\\SIM\\Desktop\\DJANGO\\Proiect1\\aplicatie_exemplu\\urls.py'> (None:None) 'aplicatie_exemplu/'>
DEBUG 2025-01-13 22:54:32,405 base Exception while resolving variable 'name' in template 'unknown'.
Traceback (most recent call last):
  File "C:\Users\SIM\AppData\Roaming\Python\Python311\site-packages\django\core\handlers\exception.py", line 55, in inner
    response = get_response(request)
               ^^^^^^^^^^^^^^^^^^^^^
  File "C:\Users\SIM\AppData\Roaming\Python\Python311\site-packages\django\core\handlers\base.py", line 181, in _get_response
    callback, callback_args, callback_kwargs = self.resolve_request(request)
                                               ^^^^^^^^^^^^^^^^^^^^^^^^^^^^^
  File "C:\Users\SIM\AppData\Roaming\Python\Python311\site-packages\django\core\handlers\base.py", line 313, in resolve_request
    resolver_match = resolver.resolve(request.path_info)
                     ^^^^^^^^^^^^^^^^^^^^^^^^^^^^^^^^^^^
  File "C:\Users\SIM\AppData\Roaming\Python\Python311\site-packages\django\urls\resolvers.py", line 705, in resolve
    raise Resolver404({"tried": tried, "path": new_path})
django.urls.exceptions.Resolver404: {'tried': [[<URLResolver <URLPattern list> (admin:admin) 'admin/'>], [<URLResolver <module 'aplicatie_exemplu.urls' from 'C:\\Users\\SIM\\Desktop\\DJANGO\\Proiect1\\aplicatie_exemplu\\urls.py'> (None:None) 'aplicatie_exemplu/'>], [<URLResolver <module 'aplicatie.urls' from 'C:\\Users\\SIM\\Desktop\\DJANGO\\Proiect1\\aplicatie\\urls.py'> (None:None) 'aplicatie/'>]], 'path': 'accounts/login/'}

During handling of the above exception, another exception occurred:

Traceback (most recent call last):
  File "C:\Users\SIM\AppData\Roaming\Python\Python311\site-packages\django\template\base.py", line 883, in _resolve_lookup
    current = current[bit]
              ~~~~~~~^^^^^
TypeError: 'URLResolver' object is not subscriptable

During handling of the above exception, another exception occurred:

Traceback (most recent call last):
  File "C:\Users\SIM\AppData\Roaming\Python\Python311\site-packages\django\template\base.py", line 893, in _resolve_lookup
    current = getattr(current, bit)
              ^^^^^^^^^^^^^^^^^^^^^
AttributeError: 'URLResolver' object has no attribute 'name'

During handling of the above exception, another exception occurred:

Traceback (most recent call last):
  File "C:\Users\SIM\AppData\Roaming\Python\Python311\site-packages\django\template\base.py", line 899, in _resolve_lookup
    current = current[int(bit)]
                      ^^^^^^^^
ValueError: invalid literal for int() with base 10: 'name'

During handling of the above exception, another exception occurred:

Traceback (most recent call last):
  File "C:\Users\SIM\AppData\Roaming\Python\Python311\site-packages\django\template\base.py", line 906, in _resolve_lookup
    raise VariableDoesNotExist(
django.template.base.VariableDoesNotExist: Failed lookup for key [name] in <URLResolver <module 'aplicatie.urls' from 'C:\\Users\\SIM\\Desktop\\DJANGO\\Proiect1\\aplicatie\\urls.py'> (None:None) 'aplicatie/'>
WARNING 2025-01-13 22:54:32,411 log Not Found: /accounts/login/
WARNING 2025-01-13 22:54:32,411 basehttp "GET /accounts/login/?next=/aplicatie_exemplu/profile/ HTTP/1.1" 404 2569
INFO 2025-01-13 22:54:33,175 basehttp "GET /aplicatie_exemplu/profile/ HTTP/1.1" 302 0
DEBUG 2025-01-13 22:54:33,200 base Exception while resolving variable 'name' in template 'unknown'.
Traceback (most recent call last):
  File "C:\Users\SIM\AppData\Roaming\Python\Python311\site-packages\django\core\handlers\exception.py", line 55, in inner
    response = get_response(request)
               ^^^^^^^^^^^^^^^^^^^^^
  File "C:\Users\SIM\AppData\Roaming\Python\Python311\site-packages\django\core\handlers\base.py", line 181, in _get_response
    callback, callback_args, callback_kwargs = self.resolve_request(request)
                                               ^^^^^^^^^^^^^^^^^^^^^^^^^^^^^
  File "C:\Users\SIM\AppData\Roaming\Python\Python311\site-packages\django\core\handlers\base.py", line 313, in resolve_request
    resolver_match = resolver.resolve(request.path_info)
                     ^^^^^^^^^^^^^^^^^^^^^^^^^^^^^^^^^^^
  File "C:\Users\SIM\AppData\Roaming\Python\Python311\site-packages\django\urls\resolvers.py", line 705, in resolve
    raise Resolver404({"tried": tried, "path": new_path})
django.urls.exceptions.Resolver404: {'tried': [[<URLResolver <URLPattern list> (admin:admin) 'admin/'>], [<URLResolver <module 'aplicatie_exemplu.urls' from 'C:\\Users\\SIM\\Desktop\\DJANGO\\Proiect1\\aplicatie_exemplu\\urls.py'> (None:None) 'aplicatie_exemplu/'>], [<URLResolver <module 'aplicatie.urls' from 'C:\\Users\\SIM\\Desktop\\DJANGO\\Proiect1\\aplicatie\\urls.py'> (None:None) 'aplicatie/'>]], 'path': 'accounts/login/'}

During handling of the above exception, another exception occurred:

Traceback (most recent call last):
  File "C:\Users\SIM\AppData\Roaming\Python\Python311\site-packages\django\template\base.py", line 883, in _resolve_lookup
    current = current[bit]
              ~~~~~~~^^^^^
TypeError: 'URLResolver' object is not subscriptable

During handling of the above exception, another exception occurred:

Traceback (most recent call last):
  File "C:\Users\SIM\AppData\Roaming\Python\Python311\site-packages\django\template\base.py", line 893, in _resolve_lookup
    current = getattr(current, bit)
              ^^^^^^^^^^^^^^^^^^^^^
AttributeError: 'URLResolver' object has no attribute 'name'

During handling of the above exception, another exception occurred:

Traceback (most recent call last):
  File "C:\Users\SIM\AppData\Roaming\Python\Python311\site-packages\django\template\base.py", line 899, in _resolve_lookup
    current = current[int(bit)]
                      ^^^^^^^^
ValueError: invalid literal for int() with base 10: 'name'

During handling of the above exception, another exception occurred:

Traceback (most recent call last):
  File "C:\Users\SIM\AppData\Roaming\Python\Python311\site-packages\django\template\base.py", line 906, in _resolve_lookup
    raise VariableDoesNotExist(
django.template.base.VariableDoesNotExist: Failed lookup for key [name] in <URLResolver <URLPattern list> (admin:admin) 'admin/'>
DEBUG 2025-01-13 22:54:33,200 base Exception while resolving variable 'name' in template 'unknown'.
Traceback (most recent call last):
  File "C:\Users\SIM\AppData\Roaming\Python\Python311\site-packages\django\core\handlers\exception.py", line 55, in inner
    response = get_response(request)
               ^^^^^^^^^^^^^^^^^^^^^
  File "C:\Users\SIM\AppData\Roaming\Python\Python311\site-packages\django\core\handlers\base.py", line 181, in _get_response
    callback, callback_args, callback_kwargs = self.resolve_request(request)
                                               ^^^^^^^^^^^^^^^^^^^^^^^^^^^^^
  File "C:\Users\SIM\AppData\Roaming\Python\Python311\site-packages\django\core\handlers\base.py", line 313, in resolve_request
    resolver_match = resolver.resolve(request.path_info)
                     ^^^^^^^^^^^^^^^^^^^^^^^^^^^^^^^^^^^
  File "C:\Users\SIM\AppData\Roaming\Python\Python311\site-packages\django\urls\resolvers.py", line 705, in resolve
    raise Resolver404({"tried": tried, "path": new_path})
django.urls.exceptions.Resolver404: {'tried': [[<URLResolver <URLPattern list> (admin:admin) 'admin/'>], [<URLResolver <module 'aplicatie_exemplu.urls' from 'C:\\Users\\SIM\\Desktop\\DJANGO\\Proiect1\\aplicatie_exemplu\\urls.py'> (None:None) 'aplicatie_exemplu/'>], [<URLResolver <module 'aplicatie.urls' from 'C:\\Users\\SIM\\Desktop\\DJANGO\\Proiect1\\aplicatie\\urls.py'> (None:None) 'aplicatie/'>]], 'path': 'accounts/login/'}

During handling of the above exception, another exception occurred:

Traceback (most recent call last):
  File "C:\Users\SIM\AppData\Roaming\Python\Python311\site-packages\django\template\base.py", line 883, in _resolve_lookup
    current = current[bit]
              ~~~~~~~^^^^^
TypeError: 'URLResolver' object is not subscriptable

During handling of the above exception, another exception occurred:

Traceback (most recent call last):
  File "C:\Users\SIM\AppData\Roaming\Python\Python311\site-packages\django\template\base.py", line 893, in _resolve_lookup
    current = getattr(current, bit)
              ^^^^^^^^^^^^^^^^^^^^^
AttributeError: 'URLResolver' object has no attribute 'name'

During handling of the above exception, another exception occurred:

Traceback (most recent call last):
  File "C:\Users\SIM\AppData\Roaming\Python\Python311\site-packages\django\template\base.py", line 899, in _resolve_lookup
    current = current[int(bit)]
                      ^^^^^^^^
ValueError: invalid literal for int() with base 10: 'name'

During handling of the above exception, another exception occurred:

Traceback (most recent call last):
  File "C:\Users\SIM\AppData\Roaming\Python\Python311\site-packages\django\template\base.py", line 906, in _resolve_lookup
    raise VariableDoesNotExist(
django.template.base.VariableDoesNotExist: Failed lookup for key [name] in <URLResolver <module 'aplicatie_exemplu.urls' from 'C:\\Users\\SIM\\Desktop\\DJANGO\\Proiect1\\aplicatie_exemplu\\urls.py'> (None:None) 'aplicatie_exemplu/'>
DEBUG 2025-01-13 22:54:33,208 base Exception while resolving variable 'name' in template 'unknown'.
Traceback (most recent call last):
  File "C:\Users\SIM\AppData\Roaming\Python\Python311\site-packages\django\core\handlers\exception.py", line 55, in inner
    response = get_response(request)
               ^^^^^^^^^^^^^^^^^^^^^
  File "C:\Users\SIM\AppData\Roaming\Python\Python311\site-packages\django\core\handlers\base.py", line 181, in _get_response
    callback, callback_args, callback_kwargs = self.resolve_request(request)
                                               ^^^^^^^^^^^^^^^^^^^^^^^^^^^^^
  File "C:\Users\SIM\AppData\Roaming\Python\Python311\site-packages\django\core\handlers\base.py", line 313, in resolve_request
    resolver_match = resolver.resolve(request.path_info)
                     ^^^^^^^^^^^^^^^^^^^^^^^^^^^^^^^^^^^
  File "C:\Users\SIM\AppData\Roaming\Python\Python311\site-packages\django\urls\resolvers.py", line 705, in resolve
    raise Resolver404({"tried": tried, "path": new_path})
django.urls.exceptions.Resolver404: {'tried': [[<URLResolver <URLPattern list> (admin:admin) 'admin/'>], [<URLResolver <module 'aplicatie_exemplu.urls' from 'C:\\Users\\SIM\\Desktop\\DJANGO\\Proiect1\\aplicatie_exemplu\\urls.py'> (None:None) 'aplicatie_exemplu/'>], [<URLResolver <module 'aplicatie.urls' from 'C:\\Users\\SIM\\Desktop\\DJANGO\\Proiect1\\aplicatie\\urls.py'> (None:None) 'aplicatie/'>]], 'path': 'accounts/login/'}

During handling of the above exception, another exception occurred:

Traceback (most recent call last):
  File "C:\Users\SIM\AppData\Roaming\Python\Python311\site-packages\django\template\base.py", line 883, in _resolve_lookup
    current = current[bit]
              ~~~~~~~^^^^^
TypeError: 'URLResolver' object is not subscriptable

During handling of the above exception, another exception occurred:

Traceback (most recent call last):
  File "C:\Users\SIM\AppData\Roaming\Python\Python311\site-packages\django\template\base.py", line 893, in _resolve_lookup
    current = getattr(current, bit)
              ^^^^^^^^^^^^^^^^^^^^^
AttributeError: 'URLResolver' object has no attribute 'name'

During handling of the above exception, another exception occurred:

Traceback (most recent call last):
  File "C:\Users\SIM\AppData\Roaming\Python\Python311\site-packages\django\template\base.py", line 899, in _resolve_lookup
    current = current[int(bit)]
                      ^^^^^^^^
ValueError: invalid literal for int() with base 10: 'name'

During handling of the above exception, another exception occurred:

Traceback (most recent call last):
  File "C:\Users\SIM\AppData\Roaming\Python\Python311\site-packages\django\template\base.py", line 906, in _resolve_lookup
    raise VariableDoesNotExist(
django.template.base.VariableDoesNotExist: Failed lookup for key [name] in <URLResolver <module 'aplicatie.urls' from 'C:\\Users\\SIM\\Desktop\\DJANGO\\Proiect1\\aplicatie\\urls.py'> (None:None) 'aplicatie/'>
WARNING 2025-01-13 22:54:33,208 log Not Found: /accounts/login/
WARNING 2025-01-13 22:54:33,208 basehttp "GET /accounts/login/?next=/aplicatie_exemplu/profile/ HTTP/1.1" 404 2569
DEBUG 2025-01-13 22:56:11,422 views Se preiau toate pizzele din baza de date.
DEBUG 2025-01-13 22:56:11,501 utils (0.000) SELECT COUNT(*) AS "__count" FROM "aplicatie_exemplu_pizza"; args=(); alias=default
DEBUG 2025-01-13 22:56:11,509 utils (0.000) DECLARE "_django_curs_3216_sync_1" NO SCROLL CURSOR WITH HOLD FOR SELECT "aplicatie_exemplu_meniu"."id", "aplicatie_exemplu_meniu"."nume", "aplicatie_exemplu_meniu"."descriere", "aplicatie_exemplu_meniu"."data_creare" FROM "aplicatie_exemplu_meniu"; args=(); alias=default
DEBUG 2025-01-13 22:56:11,517 utils (0.000) SELECT "aplicatie_exemplu_pizza"."id", "aplicatie_exemplu_pizza"."nume", "aplicatie_exemplu_pizza"."descriere", "aplicatie_exemplu_pizza"."pret", "aplicatie_exemplu_pizza"."gramaj", "aplicatie_exemplu_pizza"."meniu_id", "aplicatie_exemplu_pizza"."ambalaj_id" FROM "aplicatie_exemplu_pizza" LIMIT 5; args=(); alias=default
INFO 2025-01-13 22:56:11,522 basehttp "GET /aplicatie_exemplu/lista_pizze/ HTTP/1.1" 200 4031
DEBUG 2025-01-13 22:56:50,760 autoreload File C:\Users\SIM\Desktop\DJANGO\Proiect1\aplicatie_exemplu\views.py previous mtime: 1736801624.6991367, current mtime: 1736801810.2031188
DEBUG 2025-01-13 22:56:50,760 autoreload C:\Users\SIM\Desktop\DJANGO\Proiect1\aplicatie_exemplu\views.py notified as changed. Signal results: [(<function template_changed at 0x0000026AAD980900>, None), (<function translation_file_changed at 0x0000026AAE965760>, None)].
INFO 2025-01-13 22:56:50,760 autoreload C:\Users\SIM\Desktop\DJANGO\Proiect1\aplicatie_exemplu\views.py changed, reloading.
INFO 2025-01-13 22:56:51,574 autoreload Watching for file changes with StatReloader
DEBUG 2025-01-13 22:56:51,574 autoreload Waiting for apps ready_event.
DEBUG 2025-01-13 22:56:51,636 autoreload Apps ready_event triggered. Sending autoreload_started signal.
DEBUG 2025-01-13 22:56:51,656 autoreload Watching dir C:\Users\SIM\Desktop\DJANGO\Proiect1\aplicatie_exemplu\templates with glob **/*.
DEBUG 2025-01-13 22:56:51,656 autoreload Watching dir C:\Users\SIM\Desktop\DJANGO\Proiect1\aplicatie\templates with glob **/*.
DEBUG 2025-01-13 22:56:51,656 autoreload Watching dir C:\Users\SIM\Desktop\DJANGO\Proiect1\locale with glob **/*.mo.
DEBUG 2025-01-13 22:56:51,656 autoreload Watching dir C:\Users\SIM\Desktop\DJANGO\Proiect1\aplicatie_exemplu\locale with glob **/*.mo.
DEBUG 2025-01-13 22:56:51,836 autoreload File C:\Users\SIM\AppData\Local\Programs\Python\Python311\Lib\gettext.py first seen with mtime 1686106818.0
DEBUG 2025-01-13 22:56:51,836 autoreload File C:\Users\SIM\AppData\Local\Programs\Python\Python311\Lib\asyncio\base_events.py first seen with mtime 1686106818.0
DEBUG 2025-01-13 22:56:51,836 autoreload File C:\Users\SIM\AppData\Roaming\Python\Python311\site-packages\django\db\backends\ddl_references.py first seen with mtime 1730363519.008809
DEBUG 2025-01-13 22:56:51,836 autoreload File C:\Users\SIM\AppData\Local\Programs\Python\Python311\Lib\platform.py first seen with mtime 1686106818.0
DEBUG 2025-01-13 22:56:51,836 autoreload File C:\Users\SIM\AppData\Roaming\Python\Python311\site-packages\django\core\__init__.py first seen with mtime 1730363518.8052104
DEBUG 2025-01-13 22:56:51,836 autoreload File C:\Users\SIM\Desktop\DJANGO\Proiect1\aplicatie_exemplu\forms.py first seen with mtime 1736799755.31205
DEBUG 2025-01-13 22:56:51,836 autoreload File C:\Users\SIM\AppData\Roaming\Python\Python311\site-packages\django\utils\functional.py first seen with mtime 1730363519.518824
DEBUG 2025-01-13 22:56:51,836 autoreload File C:\Users\SIM\AppData\Local\Programs\Python\Python311\Lib\asyncio\base_tasks.py first seen with mtime 1686106818.0
DEBUG 2025-01-13 22:56:51,836 autoreload File C:\Users\SIM\AppData\Roaming\Python\Python311\site-packages\django\db\backends\base\validation.py first seen with mtime 1730363519.0328045
DEBUG 2025-01-13 22:56:51,836 autoreload File C:\Users\SIM\AppData\Roaming\Python\Python311\site-packages\django\db\migrations\operations\special.py first seen with mtime 1730363519.146573
DEBUG 2025-01-13 22:56:51,836 autoreload File C:\Users\SIM\AppData\Roaming\Python\Python311\site-packages\django\utils\dateparse.py first seen with mtime 1730363519.5096915
DEBUG 2025-01-13 22:56:51,836 autoreload File C:\Users\SIM\AppData\Roaming\Python\Python311\site-packages\django\core\files\locks.py first seen with mtime 1730363518.8701553
DEBUG 2025-01-13 22:56:51,836 autoreload File C:\Users\SIM\AppData\Roaming\Python\Python311\site-packages\django\template\defaulttags.py first seen with mtime 1730363519.4187372
DEBUG 2025-01-13 22:56:51,836 autoreload File C:\Users\SIM\Desktop\DJANGO\Proiect1\aplicatie_exemplu\views.py first seen with mtime 1736801810.2031188
DEBUG 2025-01-13 22:56:51,836 autoreload File C:\Users\SIM\AppData\Local\Programs\Python\Python311\Lib\pkgutil.py first seen with mtime 1686106818.0
DEBUG 2025-01-13 22:56:51,836 autoreload File C:\Users\SIM\AppData\Roaming\Python\Python311\site-packages\django\db\backends\postgresql\__init__.py first seen with mtime 1730363519.073951
DEBUG 2025-01-13 22:56:51,836 autoreload File C:\Users\SIM\AppData\Local\Programs\Python\Python311\Lib\asyncio\tasks.py first seen with mtime 1686106818.0
DEBUG 2025-01-13 22:56:51,836 autoreload File C:\Users\SIM\AppData\Local\Programs\Python\Python311\Lib\asyncio\constants.py first seen with mtime 1686106818.0
DEBUG 2025-01-13 22:56:51,836 autoreload File C:\Users\SIM\AppData\Roaming\Python\Python311\site-packages\django\core\serializers\json.py first seen with mtime 1730363518.986077
DEBUG 2025-01-13 22:56:51,836 autoreload File C:\Users\SIM\AppData\Roaming\Python\Python311\site-packages\django\db\models\functions\comparison.py first seen with mtime 1730363519.201999
DEBUG 2025-01-13 22:56:51,836 autoreload File C:\Users\SIM\AppData\Roaming\Python\Python311\site-packages\django\urls\converters.py first seen with mtime 1730363519.4856098
DEBUG 2025-01-13 22:56:51,836 autoreload File C:\Users\SIM\AppData\Local\Programs\Python\Python311\Lib\site-packages\psycopg2\_psycopg.cp311-win_amd64.pyd first seen with mtime 1731581176.280461
DEBUG 2025-01-13 22:56:51,836 autoreload File C:\Users\SIM\AppData\Roaming\Python\Python311\site-packages\django\contrib\sessions\apps.py first seen with mtime 1730363517.753992
DEBUG 2025-01-13 22:56:51,836 autoreload File C:\Users\SIM\AppData\Roaming\Python\Python311\site-packages\django\db\migrations\operations\fields.py first seen with mtime 1730363519.1384592
DEBUG 2025-01-13 22:56:51,836 autoreload File C:\Users\SIM\AppData\Roaming\Python\Python311\site-packages\django\core\signals.py first seen with mtime 1730363518.8052104
DEBUG 2025-01-13 22:56:51,836 autoreload File C:\Users\SIM\AppData\Local\Programs\Python\Python311\Lib\warnings.py first seen with mtime 1686106818.0
DEBUG 2025-01-13 22:56:51,836 autoreload File C:\Users\SIM\AppData\Roaming\Python\Python311\site-packages\django\forms\widgets.py first seen with mtime 1730363519.24311
DEBUG 2025-01-13 22:56:51,836 autoreload File C:\Users\SIM\AppData\Roaming\Python\Python311\site-packages\django\utils\lorem_ipsum.py first seen with mtime 1730363519.5421522
DEBUG 2025-01-13 22:56:51,836 autoreload File C:\Users\SIM\AppData\Roaming\Python\Python311\site-packages\django\contrib\admin\apps.py first seen with mtime 1730363512.6853182
DEBUG 2025-01-13 22:56:51,836 autoreload File C:\Users\SIM\AppData\Roaming\Python\Python311\site-packages\django\http\multipartparser.py first seen with mtime 1730363519.3856273
DEBUG 2025-01-13 22:56:51,836 autoreload File C:\Users\SIM\AppData\Roaming\Python\Python311\site-packages\asgiref\local.py first seen with mtime 1730363511.5493543
DEBUG 2025-01-13 22:56:51,836 autoreload File C:\Users\SIM\AppData\Local\Programs\Python\Python311\Lib\importlib\__init__.py first seen with mtime 1686106818.0
DEBUG 2025-01-13 22:56:51,836 autoreload File C:\Users\SIM\AppData\Local\Programs\Python\Python311\Lib\asyncio\mixins.py first seen with mtime 1686106818.0
DEBUG 2025-01-13 22:56:51,836 autoreload File C:\Users\SIM\AppData\Roaming\Python\Python311\site-packages\django\utils\numberformat.py first seen with mtime 1730363519.5421522
DEBUG 2025-01-13 22:56:51,843 autoreload File C:\Users\SIM\AppData\Local\Programs\Python\Python311\Lib\asyncio\windows_events.py first seen with mtime 1686106818.0
DEBUG 2025-01-13 22:56:51,843 autoreload File C:\Users\SIM\AppData\Roaming\Python\Python311\site-packages\django\core\checks\caches.py first seen with mtime 1730363518.8379147
DEBUG 2025-01-13 22:56:51,843 autoreload File C:\Users\SIM\AppData\Local\Programs\Python\Python311\Lib\dataclasses.py first seen with mtime 1686106818.0
DEBUG 2025-01-13 22:56:51,843 autoreload File C:\Users\SIM\AppData\Roaming\Python\Python311\site-packages\django\middleware\security.py first seen with mtime 1730363519.412928
DEBUG 2025-01-13 22:56:51,843 autoreload File C:\Users\SIM\AppData\Roaming\Python\Python311\site-packages\django\contrib\staticfiles\checks.py first seen with mtime 1730363518.7730794
DEBUG 2025-01-13 22:56:51,843 autoreload File C:\Users\SIM\AppData\Roaming\Python\Python311\site-packages\sqlparse\filters\tokens.py first seen with mtime 1730363510.868614
DEBUG 2025-01-13 22:56:51,843 autoreload File C:\Users\SIM\AppData\Local\Programs\Python\Python311\Lib\site-packages\PIL\ImageMode.py first seen with mtime 1713199321.8341837
DEBUG 2025-01-13 22:56:51,843 autoreload File C:\Users\SIM\AppData\Local\Programs\Python\Python311\Lib\json\encoder.py first seen with mtime 1686106818.0
DEBUG 2025-01-13 22:56:51,843 autoreload File C:\Users\SIM\AppData\Local\Programs\Python\Python311\Lib\locale.py first seen with mtime 1686106818.0
DEBUG 2025-01-13 22:56:51,843 autoreload File C:\Users\SIM\AppData\Roaming\Python\Python311\site-packages\django\core\files\utils.py first seen with mtime 1730363518.878176
DEBUG 2025-01-13 22:56:51,843 autoreload File C:\Users\SIM\AppData\Roaming\Python\Python311\site-packages\django\utils\safestring.py first seen with mtime 1730363519.5421522
DEBUG 2025-01-13 22:56:51,843 autoreload File C:\Users\SIM\AppData\Local\Programs\Python\Python311\Lib\html\parser.py first seen with mtime 1686106818.0
DEBUG 2025-01-13 22:56:51,843 autoreload File C:\Users\SIM\AppData\Roaming\Python\Python311\site-packages\django\contrib\messages\__init__.py first seen with mtime 1730363517.005663
DEBUG 2025-01-13 22:56:51,843 autoreload File C:\Users\SIM\AppData\Roaming\Python\Python311\site-packages\django\contrib\contenttypes\__init__.py first seen with mtime 1730363515.2186658
DEBUG 2025-01-13 22:56:51,843 autoreload File C:\Users\SIM\AppData\Local\Programs\Python\Python311\Lib\email\charset.py first seen with mtime 1686106818.0
DEBUG 2025-01-13 22:56:51,843 autoreload File C:\Users\SIM\AppData\Roaming\Python\Python311\site-packages\django\db\models\sql\constants.py first seen with mtime 1730363519.2111301
DEBUG 2025-01-13 22:56:51,843 autoreload File C:\Users\SIM\AppData\Local\Programs\Python\Python311\Lib\json\scanner.py first seen with mtime 1686106818.0
DEBUG 2025-01-13 22:56:51,843 autoreload File C:\Users\SIM\AppData\Roaming\Python\Python311\site-packages\sqlparse\lexer.py first seen with mtime 1730363510.8374615
DEBUG 2025-01-13 22:56:51,843 autoreload File C:\Users\SIM\AppData\Local\Programs\Python\Python311\Lib\encodings\__init__.py first seen with mtime 1686106818.0
DEBUG 2025-01-13 22:56:51,843 autoreload File C:\Users\SIM\AppData\Local\Programs\Python\Python311\Lib\hashlib.py first seen with mtime 1686106818.0
DEBUG 2025-01-13 22:56:51,843 autoreload File C:\Users\SIM\AppData\Roaming\Python\Python311\site-packages\django\middleware\cache.py first seen with mtime 1730363519.4017735
DEBUG 2025-01-13 22:56:51,843 autoreload File C:\Users\SIM\AppData\Local\Programs\Python\Python311\Lib\site-packages\PIL\__init__.py first seen with mtime 1713199321.9253154
DEBUG 2025-01-13 22:56:51,843 autoreload File C:\Users\SIM\AppData\Roaming\Python\Python311\site-packages\django\apps\registry.py first seen with mtime 1730363511.862605
DEBUG 2025-01-13 22:56:51,843 autoreload File C:\Users\SIM\AppData\Roaming\Python\Python311\site-packages\django\db\migrations\operations\base.py first seen with mtime 1730363519.1384592
DEBUG 2025-01-13 22:56:51,843 autoreload File C:\Users\SIM\AppData\Roaming\Python\Python311\site-packages\django\core\files\images.py first seen with mtime 1730363518.8701553
DEBUG 2025-01-13 22:56:51,843 autoreload File C:\Users\SIM\AppData\Roaming\Python\Python311\site-packages\django\dispatch\__init__.py first seen with mtime 1730363519.2213213
DEBUG 2025-01-13 22:56:51,843 autoreload File C:\Users\SIM\AppData\Local\Programs\Python\Python311\Lib\ssl.py first seen with mtime 1686106818.0
DEBUG 2025-01-13 22:56:51,843 autoreload File C:\Users\SIM\Desktop\DJANGO\Proiect1\Proiect1\__init__.py first seen with mtime 1730907575.288558
DEBUG 2025-01-13 22:56:51,843 autoreload File C:\Users\SIM\AppData\Local\Programs\Python\Python311\DLLs\unicodedata.pyd first seen with mtime 1686106896.0
DEBUG 2025-01-13 22:56:51,843 autoreload File C:\Users\SIM\AppData\Local\Programs\Python\Python311\Lib\asyncio\threads.py first seen with mtime 1686106818.0
DEBUG 2025-01-13 22:56:51,843 autoreload File C:\Users\SIM\AppData\Roaming\Python\Python311\site-packages\django\contrib\admin\decorators.py first seen with mtime 1730363512.6959162
DEBUG 2025-01-13 22:56:51,843 autoreload File C:\Users\SIM\AppData\Local\Programs\Python\Python311\Lib\json\__init__.py first seen with mtime 1686106818.0
DEBUG 2025-01-13 22:56:51,843 autoreload File C:\Users\SIM\AppData\Roaming\Python\Python311\site-packages\django\template\library.py first seen with mtime 1730363519.428758
DEBUG 2025-01-13 22:56:51,843 autoreload File C:\Users\SIM\AppData\Local\Programs\Python\Python311\Lib\asyncio\protocols.py first seen with mtime 1686106818.0
DEBUG 2025-01-13 22:56:51,843 autoreload File C:\Users\SIM\AppData\Local\Programs\Python\Python311\Lib\site-packages\psycopg2\_range.py first seen with mtime 1731581176.280461
DEBUG 2025-01-13 22:56:51,843 autoreload File C:\Users\SIM\AppData\Roaming\Python\Python311\site-packages\django\db\migrations\utils.py first seen with mtime 1730363519.1358416
DEBUG 2025-01-13 22:56:51,843 autoreload File C:\Users\SIM\AppData\Roaming\Python\Python311\site-packages\sqlparse\utils.py first seen with mtime 1730363510.8419755
DEBUG 2025-01-13 22:56:51,843 autoreload File C:\Users\SIM\AppData\Roaming\Python\Python311\site-packages\sqlparse\formatter.py first seen with mtime 1730363510.8357532
DEBUG 2025-01-13 22:56:51,843 autoreload File C:\Users\SIM\AppData\Local\Programs\Python\Python311\Lib\secrets.py first seen with mtime 1686106818.0
DEBUG 2025-01-13 22:56:51,843 autoreload File C:\Users\SIM\AppData\Roaming\Python\Python311\site-packages\django\contrib\contenttypes\management\__init__.py first seen with mtime 1730363515.649366
DEBUG 2025-01-13 22:56:51,843 autoreload File C:\Users\SIM\AppData\Roaming\Python\Python311\site-packages\django\views\decorators\debug.py first seen with mtime 1730363519.574051
DEBUG 2025-01-13 22:56:51,843 autoreload File C:\Users\SIM\AppData\Local\Programs\Python\Python311\Lib\reprlib.py first seen with mtime 1686106818.0
DEBUG 2025-01-13 22:56:51,843 autoreload File C:\Users\SIM\AppData\Local\Programs\Python\Python311\Lib\encodings\aliases.py first seen with mtime 1686106818.0
DEBUG 2025-01-13 22:56:51,843 autoreload File C:\Users\SIM\AppData\Roaming\Python\Python311\site-packages\django\templatetags\l10n.py first seen with mtime 1730363519.4613905
DEBUG 2025-01-13 22:56:51,843 autoreload File C:\Users\SIM\AppData\Local\Programs\Python\Python311\Lib\opcode.py first seen with mtime 1686106818.0
DEBUG 2025-01-13 22:56:51,843 autoreload File C:\Users\SIM\AppData\Local\Programs\Python\Python311\Lib\wsgiref\simple_server.py first seen with mtime 1686106818.0
DEBUG 2025-01-13 22:56:51,843 autoreload File C:\Users\SIM\AppData\Local\Programs\Python\Python311\Lib\urllib\parse.py first seen with mtime 1686106818.0
DEBUG 2025-01-13 22:56:51,843 autoreload File C:\Users\SIM\AppData\Roaming\Python\Python311\site-packages\django\contrib\auth\management\__init__.py first seen with mtime 1730363515.1852982
DEBUG 2025-01-13 22:56:51,843 autoreload File C:\Users\SIM\AppData\Roaming\Python\Python311\site-packages\sqlparse\filters\output.py first seen with mtime 1730363510.8522604
DEBUG 2025-01-13 22:56:51,843 autoreload File C:\Users\SIM\AppData\Local\Programs\Python\Python311\Lib\asyncio\proactor_events.py first seen with mtime 1686106818.0
DEBUG 2025-01-13 22:56:51,843 autoreload File C:\Users\SIM\AppData\Roaming\Python\Python311\site-packages\django\core\management\base.py first seen with mtime 1730363518.9188974
DEBUG 2025-01-13 22:56:51,843 autoreload File C:\Users\SIM\AppData\Roaming\Python\Python311\site-packages\django\db\backends\base\introspection.py first seen with mtime 1730363519.02519
DEBUG 2025-01-13 22:56:51,843 autoreload File C:\Users\SIM\AppData\Local\Programs\Python\Python311\Lib\shutil.py first seen with mtime 1686106818.0
DEBUG 2025-01-13 22:56:51,843 autoreload File C:\Users\SIM\AppData\Roaming\Python\Python311\site-packages\django\db\migrations\operations\models.py first seen with mtime 1730363519.1384592
DEBUG 2025-01-13 22:56:51,843 autoreload File C:\Users\SIM\AppData\Roaming\Python\Python311\site-packages\django\core\checks\compatibility\django_4_0.py first seen with mtime 1730363518.8527594
DEBUG 2025-01-13 22:56:51,843 autoreload File C:\Users\SIM\AppData\Roaming\Python\Python311\site-packages\django\utils\dateformat.py first seen with mtime 1730363519.5096915
DEBUG 2025-01-13 22:56:51,843 autoreload File C:\Users\SIM\AppData\Roaming\Python\Python311\site-packages\django\core\exceptions.py first seen with mtime 1730363518.8052104
DEBUG 2025-01-13 22:56:51,843 autoreload File C:\Users\SIM\AppData\Roaming\Python\Python311\site-packages\sqlparse\keywords.py first seen with mtime 1730363510.8374615
DEBUG 2025-01-13 22:56:51,843 autoreload File C:\Users\SIM\AppData\Roaming\Python\Python311\site-packages\django\core\cache\__init__.py first seen with mtime 1730363518.8194945
DEBUG 2025-01-13 22:56:51,843 autoreload File C:\Users\SIM\AppData\Roaming\Python\Python311\site-packages\django\urls\__init__.py first seen with mtime 1730363519.4856098
DEBUG 2025-01-13 22:56:51,843 autoreload File C:\Users\SIM\AppData\Local\Programs\Python\Python311\Lib\email\iterators.py first seen with mtime 1686106818.0
DEBUG 2025-01-13 22:56:51,843 autoreload File C:\Users\SIM\AppData\Roaming\Python\Python311\site-packages\django\contrib\messages\storage\__init__.py first seen with mtime 1730363517.0174048
DEBUG 2025-01-13 22:56:51,843 autoreload File C:\Users\SIM\AppData\Local\Programs\Python\Python311\Lib\site-packages\colorama\win32.py first seen with mtime 1686935914.822989
DEBUG 2025-01-13 22:56:51,843 autoreload File C:\Users\SIM\AppData\Roaming\Python\Python311\site-packages\django\db\models\fields\related_lookups.py first seen with mtime 1730363519.1947956
DEBUG 2025-01-13 22:56:51,843 autoreload File C:\Users\SIM\AppData\Local\Programs\Python\Python311\DLLs\_socket.pyd first seen with mtime 1686106894.0
DEBUG 2025-01-13 22:56:51,843 autoreload File C:\Users\SIM\AppData\Roaming\Python\Python311\site-packages\django\template\loaders\app_directories.py first seen with mtime 1730363519.4523761
DEBUG 2025-01-13 22:56:51,843 autoreload File C:\Users\SIM\AppData\Roaming\Python\Python311\site-packages\sqlparse\filters\__init__.py first seen with mtime 1730363510.8522604
DEBUG 2025-01-13 22:56:51,843 autoreload File C:\Users\SIM\AppData\Local\Programs\Python\Python311\Lib\ctypes\wintypes.py first seen with mtime 1686106818.0
DEBUG 2025-01-13 22:56:51,843 autoreload File C:\Users\SIM\AppData\Roaming\Python\Python311\site-packages\django\core\checks\templates.py first seen with mtime 1730363518.8527594
DEBUG 2025-01-13 22:56:51,843 autoreload File C:\Users\SIM\AppData\Local\Programs\Python\Python311\Lib\site-packages\PIL\Image.py first seen with mtime 1713199321.8112986
DEBUG 2025-01-13 22:56:51,843 autoreload File C:\Users\SIM\AppData\Roaming\Python\Python311\site-packages\django\views\debug.py first seen with mtime 1730363519.5685668
DEBUG 2025-01-13 22:56:51,843 autoreload File C:\Users\SIM\AppData\Roaming\Python\Python311\site-packages\django\template\smartif.py first seen with mtime 1730363519.437286
DEBUG 2025-01-13 22:56:51,843 autoreload File C:\Users\SIM\Desktop\DJANGO\Proiect1\aplicatie\urls.py first seen with mtime 1731590821.3337376
DEBUG 2025-01-13 22:56:51,843 autoreload File C:\Users\SIM\AppData\Roaming\Python\Python311\site-packages\django\db\models\fields\__init__.py first seen with mtime 1730363519.1787376
DEBUG 2025-01-13 22:56:51,843 autoreload File C:\Users\SIM\AppData\Roaming\Python\Python311\site-packages\django\utils\ipv6.py first seen with mtime 1730363519.5351002
DEBUG 2025-01-13 22:56:51,851 autoreload File C:\Users\SIM\Desktop\DJANGO\Proiect1\aplicatie_exemplu\models.py first seen with mtime 1734456694.1404996
DEBUG 2025-01-13 22:56:51,851 autoreload File C:\Users\SIM\AppData\Local\Programs\Python\Python311\Lib\pickle.py first seen with mtime 1686106818.0
DEBUG 2025-01-13 22:56:51,851 autoreload File C:\Users\SIM\AppData\Local\Programs\Python\Python311\Lib\_markupbase.py first seen with mtime 1686106818.0
DEBUG 2025-01-13 22:56:51,851 autoreload File C:\Users\SIM\AppData\Roaming\Python\Python311\site-packages\django\contrib\contenttypes\forms.py first seen with mtime 1730363515.2378173
DEBUG 2025-01-13 22:56:51,851 autoreload File C:\Users\SIM\AppData\Roaming\Python\Python311\site-packages\django\contrib\admin\widgets.py first seen with mtime 1730363512.7183719
DEBUG 2025-01-13 22:56:51,851 autoreload File C:\Users\SIM\AppData\Roaming\Python\Python311\site-packages\django\contrib\contenttypes\views.py first seen with mtime 1730363515.2428498
DEBUG 2025-01-13 22:56:51,851 autoreload File C:\Users\SIM\AppData\Roaming\Python\Python311\site-packages\django\utils\cache.py first seen with mtime 1730363519.5025089
DEBUG 2025-01-13 22:56:51,851 autoreload File C:\Users\SIM\AppData\Roaming\Python\Python311\site-packages\django\db\backends\base\operations.py first seen with mtime 1730363519.02519
DEBUG 2025-01-13 22:56:51,851 autoreload File C:\Users\SIM\AppData\Roaming\Python\Python311\site-packages\django\db\models\functions\window.py first seen with mtime 1730363519.2030535
DEBUG 2025-01-13 22:56:51,851 autoreload File C:\Users\SIM\AppData\Local\Programs\Python\Python311\Lib\asyncio\base_futures.py first seen with mtime 1686106818.0
DEBUG 2025-01-13 22:56:51,851 autoreload File C:\Users\SIM\AppData\Local\Programs\Python\Python311\Lib\asyncio\transports.py first seen with mtime 1686106818.0
DEBUG 2025-01-13 22:56:51,851 autoreload File C:\Users\SIM\AppData\Local\Programs\Python\Python311\Lib\quopri.py first seen with mtime 1686106818.0
DEBUG 2025-01-13 22:56:51,851 autoreload File C:\Users\SIM\AppData\Local\Programs\Python\Python311\Lib\tempfile.py first seen with mtime 1686106818.0
DEBUG 2025-01-13 22:56:51,851 autoreload File C:\Users\SIM\AppData\Local\Programs\Python\Python311\DLLs\_zoneinfo.pyd first seen with mtime 1686106896.0
DEBUG 2025-01-13 22:56:51,851 autoreload File C:\Users\SIM\AppData\Roaming\Python\Python311\site-packages\django\core\servers\basehttp.py first seen with mtime 1730363519.0074275
DEBUG 2025-01-13 22:56:51,851 autoreload File C:\Users\SIM\AppData\Roaming\Python\Python311\site-packages\django\core\mail\__init__.py first seen with mtime 1730363518.902088
DEBUG 2025-01-13 22:56:51,851 autoreload File C:\Users\SIM\AppData\Local\Programs\Python\Python311\Lib\asyncio\trsock.py first seen with mtime 1686106818.0
DEBUG 2025-01-13 22:56:51,851 autoreload File C:\Users\SIM\AppData\Roaming\Python\Python311\site-packages\django\core\validators.py first seen with mtime 1730363518.8134735
DEBUG 2025-01-13 22:56:51,851 autoreload File C:\Users\SIM\AppData\Roaming\Python\Python311\site-packages\django\core\paginator.py first seen with mtime 1730363518.8052104
DEBUG 2025-01-13 22:56:51,851 autoreload File C:\Users\SIM\AppData\Roaming\Python\Python311\site-packages\django\contrib\contenttypes\fields.py first seen with mtime 1730363515.2358246
DEBUG 2025-01-13 22:56:51,851 autoreload File C:\Users\SIM\AppData\Roaming\Python\Python311\site-packages\django\utils\hashable.py first seen with mtime 1730363519.518824
DEBUG 2025-01-13 22:56:51,851 autoreload File C:\Users\SIM\AppData\Local\Programs\Python\Python311\Lib\calendar.py first seen with mtime 1686106818.0
DEBUG 2025-01-13 22:56:51,851 autoreload File C:\Users\SIM\Desktop\DJANGO\Proiect1\aplicatie_exemplu\apps.py first seen with mtime 1730907848.1215076
DEBUG 2025-01-13 22:56:51,851 autoreload File C:\Users\SIM\AppData\Roaming\Python\Python311\site-packages\django\db\models\sql\where.py first seen with mtime 1730363519.2213213
DEBUG 2025-01-13 22:56:51,851 autoreload File C:\Users\SIM\AppData\Roaming\Python\Python311\site-packages\django\template\backends\__init__.py first seen with mtime 1730363519.437286
DEBUG 2025-01-13 22:56:51,851 autoreload File C:\Users\SIM\AppData\Local\Programs\Python\Python311\Lib\asyncio\format_helpers.py first seen with mtime 1686106818.0
DEBUG 2025-01-13 22:56:51,851 autoreload File C:\Users\SIM\AppData\Roaming\Python\Python311\site-packages\django\template\defaultfilters.py first seen with mtime 1730363519.4187372
DEBUG 2025-01-13 22:56:51,851 autoreload File C:\Users\SIM\AppData\Roaming\Python\Python311\site-packages\django\template\loader.py first seen with mtime 1730363519.428758
DEBUG 2025-01-13 22:56:51,851 autoreload File C:\Users\SIM\AppData\Local\Programs\Python\Python311\Lib\email\generator.py first seen with mtime 1686106818.0
DEBUG 2025-01-13 22:56:51,851 autoreload File C:\Users\SIM\AppData\Roaming\Python\Python311\site-packages\django\db\backends\base\features.py first seen with mtime 1730363519.02519
DEBUG 2025-01-13 22:56:51,851 autoreload File C:\Users\SIM\AppData\Local\Programs\Python\Python311\Lib\copy.py first seen with mtime 1686106818.0
DEBUG 2025-01-13 22:56:51,851 autoreload File C:\Users\SIM\AppData\Roaming\Python\Python311\site-packages\django\contrib\sessions\backends\__init__.py first seen with mtime 1730363517.7698474
DEBUG 2025-01-13 22:56:51,851 autoreload File C:\Users\SIM\AppData\Local\Programs\Python\Python311\Lib\ipaddress.py first seen with mtime 1686106818.0
DEBUG 2025-01-13 22:56:51,851 autoreload File C:\Users\SIM\AppData\Roaming\Python\Python311\site-packages\django\core\files\storage\mixins.py first seen with mtime 1730363518.8974378
DEBUG 2025-01-13 22:56:51,851 autoreload File C:\Users\SIM\AppData\Roaming\Python\Python311\site-packages\django\template\base.py first seen with mtime 1730363519.4187372
DEBUG 2025-01-13 22:56:51,851 autoreload File C:\Users\SIM\AppData\Local\Programs\Python\Python311\Lib\email\_encoded_words.py first seen with mtime 1686106818.0
DEBUG 2025-01-13 22:56:51,851 autoreload File C:\Users\SIM\AppData\Local\Programs\Python\Python311\Lib\urllib\response.py first seen with mtime 1686106818.0
DEBUG 2025-01-13 22:56:51,851 autoreload File C:\Users\SIM\AppData\Local\Programs\Python\Python311\Lib\asyncio\locks.py first seen with mtime 1686106818.0
DEBUG 2025-01-13 22:56:51,851 autoreload File C:\Users\SIM\AppData\Roaming\Python\Python311\site-packages\django\contrib\staticfiles\__init__.py first seen with mtime 1730363518.768919
DEBUG 2025-01-13 22:56:51,851 autoreload File C:\Users\SIM\AppData\Roaming\Python\Python311\site-packages\django\core\serializers\python.py first seen with mtime 1730363519.000327
DEBUG 2025-01-13 22:56:51,851 autoreload File C:\Users\SIM\AppData\Roaming\Python\Python311\site-packages\django\db\backends\base\creation.py first seen with mtime 1730363519.024365
DEBUG 2025-01-13 22:56:51,851 autoreload File C:\Users\SIM\AppData\Roaming\Python\Python311\site-packages\django\contrib\admin\views\autocomplete.py first seen with mtime 1730363514.00396
DEBUG 2025-01-13 22:56:51,851 autoreload File C:\Users\SIM\AppData\Local\Programs\Python\Python311\Lib\queue.py first seen with mtime 1686106818.0
DEBUG 2025-01-13 22:56:51,851 autoreload File C:\Users\SIM\AppData\Local\Programs\Python\Python311\Lib\email\mime\__init__.py first seen with mtime 1686106818.0
DEBUG 2025-01-13 22:56:51,851 autoreload File C:\Users\SIM\AppData\Local\Programs\Python\Python311\Lib\http\client.py first seen with mtime 1686106818.0
DEBUG 2025-01-13 22:56:51,851 autoreload File C:\Users\SIM\AppData\Roaming\Python\Python311\site-packages\django\views\generic\base.py first seen with mtime 1730363519.5854342
DEBUG 2025-01-13 22:56:51,851 autoreload File C:\Users\SIM\AppData\Roaming\Python\Python311\site-packages\django\contrib\staticfiles\handlers.py first seen with mtime 1730363518.7730794
DEBUG 2025-01-13 22:56:51,851 autoreload File C:\Users\SIM\AppData\Roaming\Python\Python311\site-packages\django\db\models\options.py first seen with mtime 1730363519.1691873
DEBUG 2025-01-13 22:56:51,851 autoreload File C:\Users\SIM\AppData\Roaming\Python\Python311\site-packages\django\forms\utils.py first seen with mtime 1730363519.24311
DEBUG 2025-01-13 22:56:51,851 autoreload File C:\Users\SIM\AppData\Roaming\Python\Python311\site-packages\django\utils\timezone.py first seen with mtime 1730363519.5518892
DEBUG 2025-01-13 22:56:51,851 autoreload File C:\Users\SIM\AppData\Roaming\Python\Python311\site-packages\django\utils\translation\reloader.py first seen with mtime 1730363519.5518892
DEBUG 2025-01-13 22:56:51,851 autoreload File C:\Users\SIM\AppData\Roaming\Python\Python311\site-packages\django\template\loaders\cached.py first seen with mtime 1730363519.4523761
DEBUG 2025-01-13 22:56:51,851 autoreload File C:\Users\SIM\AppData\Roaming\Python\Python311\site-packages\sqlparse\engine\filter_stack.py first seen with mtime 1730363510.8500051
DEBUG 2025-01-13 22:56:51,851 autoreload File C:\Users\SIM\AppData\Roaming\Python\Python311\site-packages\django\db\models\__init__.py first seen with mtime 1730363519.146573
DEBUG 2025-01-13 22:56:51,859 autoreload File C:\Users\SIM\AppData\Local\Programs\Python\Python311\Lib\nturl2path.py first seen with mtime 1686106818.0
DEBUG 2025-01-13 22:56:51,859 autoreload File C:\Users\SIM\AppData\Roaming\Python\Python311\site-packages\django\utils\translation\trans_real.py first seen with mtime 1730363519.5518892
DEBUG 2025-01-13 22:56:51,859 autoreload File C:\Users\SIM\AppData\Local\Programs\Python\Python311\Lib\glob.py first seen with mtime 1686106818.0
DEBUG 2025-01-13 22:56:51,859 autoreload File C:\Users\SIM\AppData\Roaming\Python\Python311\site-packages\django\contrib\auth\hashers.py first seen with mtime 1730363514.6469238
DEBUG 2025-01-13 22:56:51,859 autoreload File C:\Users\SIM\Desktop\DJANGO\Proiect1\Proiect1\urls.py first seen with mtime 1732800255.296215
DEBUG 2025-01-13 22:56:51,859 autoreload File C:\Users\SIM\AppData\Roaming\Python\Python311\site-packages\django\urls\exceptions.py first seen with mtime 1730363519.4856098
DEBUG 2025-01-13 22:56:51,859 autoreload File C:\Users\SIM\AppData\Roaming\Python\Python311\site-packages\django\core\checks\security\__init__.py first seen with mtime 1730363518.8527594
DEBUG 2025-01-13 22:56:51,859 autoreload File C:\Users\SIM\AppData\Roaming\Python\Python311\site-packages\django\http\request.py first seen with mtime 1730363519.396641
DEBUG 2025-01-13 22:56:51,859 autoreload File C:\Users\SIM\AppData\Local\Programs\Python\Python311\Lib\sysconfig.py first seen with mtime 1686106818.0
DEBUG 2025-01-13 22:56:51,859 autoreload File C:\Users\SIM\AppData\Roaming\Python\Python311\site-packages\django\utils\inspect.py first seen with mtime 1730363519.5351002
DEBUG 2025-01-13 22:56:51,859 autoreload File C:\Users\SIM\AppData\Roaming\Python\Python311\site-packages\django\db\models\signals.py first seen with mtime 1730363519.1707
DEBUG 2025-01-13 22:56:51,859 autoreload File C:\Users\SIM\AppData\Roaming\Python\Python311\site-packages\django\core\files\storage\handler.py first seen with mtime 1730363518.8941734
DEBUG 2025-01-13 22:56:51,859 autoreload File C:\Users\SIM\AppData\Roaming\Python\Python311\site-packages\django\core\files\__init__.py first seen with mtime 1730363518.8686414
DEBUG 2025-01-13 22:56:51,859 autoreload File C:\Users\SIM\AppData\Local\Programs\Python\Python311\Lib\importlib\_abc.py first seen with mtime 1686106818.0
DEBUG 2025-01-13 22:56:51,859 autoreload File C:\Users\SIM\AppData\Local\Programs\Python\Python311\Lib\email\errors.py first seen with mtime 1686106818.0
DEBUG 2025-01-13 22:56:51,859 autoreload File C:\Users\SIM\AppData\Roaming\Python\Python311\site-packages\django\db\models\fields\related_descriptors.py first seen with mtime 1730363519.1857815
DEBUG 2025-01-13 22:56:51,859 autoreload File C:\Users\SIM\AppData\Roaming\Python\Python311\site-packages\django\utils\termcolors.py first seen with mtime 1730363519.5421522
DEBUG 2025-01-13 22:56:51,859 autoreload File C:\Users\SIM\AppData\Local\Programs\Python\Python311\Lib\textwrap.py first seen with mtime 1686106818.0
DEBUG 2025-01-13 22:56:51,859 autoreload File C:\Users\SIM\AppData\Roaming\Python\Python311\site-packages\django\contrib\staticfiles\management\commands\__init__.py first seen with mtime 1730363518.7855203
DEBUG 2025-01-13 22:56:51,859 autoreload File C:\Users\SIM\AppData\Roaming\Python\Python311\site-packages\django\db\models\fields\generated.py first seen with mtime 1730363519.1787376
DEBUG 2025-01-13 22:56:51,859 autoreload File C:\Users\SIM\AppData\Local\Programs\Python\Python311\Lib\email\quoprimime.py first seen with mtime 1686106818.0
DEBUG 2025-01-13 22:56:51,859 autoreload File C:\Users\SIM\AppData\Local\Programs\Python\Python311\DLLs\_asyncio.pyd first seen with mtime 1686106918.0
DEBUG 2025-01-13 22:56:51,859 autoreload File C:\Users\SIM\AppData\Roaming\Python\Python311\site-packages\django\views\generic\list.py first seen with mtime 1730363519.5854342
DEBUG 2025-01-13 22:56:51,859 autoreload File C:\Users\SIM\AppData\Local\Programs\Python\Python311\Lib\enum.py first seen with mtime 1686106818.0
DEBUG 2025-01-13 22:56:51,859 autoreload File C:\Users\SIM\AppData\Roaming\Python\Python311\site-packages\django\core\files\storage\base.py first seen with mtime 1730363518.8861403
DEBUG 2025-01-13 22:56:51,859 autoreload File C:\Users\SIM\AppData\Local\Programs\Python\Python311\Lib\selectors.py first seen with mtime 1686106818.0
DEBUG 2025-01-13 22:56:51,859 autoreload File C:\Users\SIM\AppData\Local\Programs\Python\Python311\Lib\linecache.py first seen with mtime 1686106818.0
DEBUG 2025-01-13 22:56:51,859 autoreload File C:\Users\SIM\AppData\Roaming\Python\Python311\site-packages\django\middleware\__init__.py first seen with mtime 1730363519.396641
DEBUG 2025-01-13 22:56:51,859 autoreload File C:\Users\SIM\AppData\Roaming\Python\Python311\site-packages\django\template\autoreload.py first seen with mtime 1730363519.4183285
DEBUG 2025-01-13 22:56:51,859 autoreload File C:\Users\SIM\AppData\Roaming\Python\Python311\site-packages\django\contrib\contenttypes\models.py first seen with mtime 1730363515.2378173
DEBUG 2025-01-13 22:56:51,859 autoreload File C:\Users\SIM\AppData\Roaming\Python\Python311\site-packages\django\core\serializers\base.py first seen with mtime 1730363518.986077
DEBUG 2025-01-13 22:56:51,859 autoreload File C:\Users\SIM\AppData\Roaming\Python\Python311\site-packages\django\db\backends\postgresql\psycopg_any.py first seen with mtime 1730363519.0883665
DEBUG 2025-01-13 22:56:51,859 autoreload File C:\Users\SIM\AppData\Roaming\Python\Python311\site-packages\sqlparse\engine\__init__.py first seen with mtime 1730363510.8419755
DEBUG 2025-01-13 22:56:51,859 autoreload File C:\Users\SIM\AppData\Local\Programs\Python\Python311\Lib\zoneinfo\_tzpath.py first seen with mtime 1686106818.0
DEBUG 2025-01-13 22:56:51,859 autoreload File C:\Users\SIM\AppData\Roaming\Python\Python311\site-packages\django\contrib\sessions\__init__.py first seen with mtime 1730363517.753992
DEBUG 2025-01-13 22:56:51,859 autoreload File C:\Users\SIM\AppData\Local\Programs\Python\Python311\Lib\email\policy.py first seen with mtime 1686106818.0
DEBUG 2025-01-13 22:56:51,859 autoreload File C:\Users\SIM\AppData\Local\Programs\Python\Python311\Lib\subprocess.py first seen with mtime 1686106818.0
DEBUG 2025-01-13 22:56:51,859 autoreload File C:\Users\SIM\AppData\Local\Programs\Python\Python311\Lib\asyncio\sslproto.py first seen with mtime 1686106818.0
DEBUG 2025-01-13 22:56:51,859 autoreload File C:\Users\SIM\AppData\Roaming\Python\Python311\site-packages\sqlparse\filters\others.py first seen with mtime 1730363510.8522604
DEBUG 2025-01-13 22:56:51,859 autoreload File C:\Users\SIM\AppData\Roaming\Python\Python311\site-packages\django\db\migrations\__init__.py first seen with mtime 1730363519.1061597
DEBUG 2025-01-13 22:56:51,859 autoreload File C:\Users\SIM\AppData\Roaming\Python\Python311\site-packages\django\db\models\fields\reverse_related.py first seen with mtime 1730363519.1947956
DEBUG 2025-01-13 22:56:51,859 autoreload File C:\Users\SIM\AppData\Roaming\Python\Python311\site-packages\django\contrib\admin\templatetags\base.py first seen with mtime 1730363514.0031848
DEBUG 2025-01-13 22:56:51,859 autoreload File C:\Users\SIM\AppData\Roaming\Python\Python311\site-packages\django\template\loaders\__init__.py first seen with mtime 1730363519.445303
DEBUG 2025-01-13 22:56:51,859 autoreload File C:\Users\SIM\AppData\Roaming\Python\Python311\site-packages\django\db\migrations\state.py first seen with mtime 1730363519.1302652
DEBUG 2025-01-13 22:56:51,859 autoreload File C:\Users\SIM\AppData\Local\Programs\Python\Python311\Lib\heapq.py first seen with mtime 1686106818.0
DEBUG 2025-01-13 22:56:51,859 autoreload File C:\Users\SIM\AppData\Local\Programs\Python\Python311\Lib\site-packages\colorama\winterm.py first seen with mtime 1686935914.822989
DEBUG 2025-01-13 22:56:51,859 autoreload File C:\Users\SIM\AppData\Roaming\Python\Python311\site-packages\django\db\models\fields\json.py first seen with mtime 1730363519.1787376
DEBUG 2025-01-13 22:56:51,859 autoreload File C:\Users\SIM\AppData\Roaming\Python\Python311\site-packages\django\template\backends\django.py first seen with mtime 1730363519.445303
DEBUG 2025-01-13 22:56:51,859 autoreload File C:\Users\SIM\AppData\Roaming\Python\Python311\site-packages\django\contrib\staticfiles\views.py first seen with mtime 1730363518.7855203
DEBUG 2025-01-13 22:56:51,859 autoreload File C:\Users\SIM\AppData\Roaming\Python\Python311\site-packages\django\core\handlers\wsgi.py first seen with mtime 1730363518.902088
DEBUG 2025-01-13 22:56:51,859 autoreload File C:\Users\SIM\AppData\Local\Programs\Python\Python311\Lib\random.py first seen with mtime 1686106818.0
DEBUG 2025-01-13 22:56:51,859 autoreload File C:\Users\SIM\AppData\Local\Programs\Python\Python311\DLLs\_queue.pyd first seen with mtime 1686106894.0
DEBUG 2025-01-13 22:56:51,859 autoreload File C:\Users\SIM\AppData\Roaming\Python\Python311\site-packages\asgiref\sync.py first seen with mtime 1730363511.5520134
DEBUG 2025-01-13 22:56:51,859 autoreload File C:\Users\SIM\AppData\Roaming\Python\Python311\site-packages\django\contrib\admin\filters.py first seen with mtime 1730363512.6959162
DEBUG 2025-01-13 22:56:51,859 autoreload File C:\Users\SIM\AppData\Roaming\Python\Python311\site-packages\django\utils\deprecation.py first seen with mtime 1730363519.518824
DEBUG 2025-01-13 22:56:51,859 autoreload File C:\Users\SIM\AppData\Roaming\Python\Python311\site-packages\django\utils\crypto.py first seen with mtime 1730363519.5096915
DEBUG 2025-01-13 22:56:51,859 autoreload File C:\Users\SIM\AppData\Local\Programs\Python\Python311\Lib\uuid.py first seen with mtime 1686106818.0
DEBUG 2025-01-13 22:56:51,859 autoreload File C:\Users\SIM\AppData\Roaming\Python\Python311\site-packages\django\db\models\fields\related.py first seen with mtime 1730363519.1857815
DEBUG 2025-01-13 22:56:51,859 autoreload File C:\Users\SIM\Desktop\DJANGO\Proiect1\aplicatie\views.py first seen with mtime 1731591248.9291372
DEBUG 2025-01-13 22:56:51,859 autoreload File C:\Users\SIM\AppData\Roaming\Python\Python311\site-packages\django\contrib\messages\apps.py first seen with mtime 1730363517.005663
DEBUG 2025-01-13 22:56:51,859 autoreload File C:\Users\SIM\AppData\Roaming\Python\Python311\site-packages\django\core\handlers\__init__.py first seen with mtime 1730363518.8993983
DEBUG 2025-01-13 22:56:51,868 autoreload File C:\Users\SIM\AppData\Roaming\Python\Python311\site-packages\django\contrib\contenttypes\apps.py first seen with mtime 1730363515.2296836
DEBUG 2025-01-13 22:56:51,868 autoreload File C:\Users\SIM\AppData\Roaming\Python\Python311\site-packages\django\templatetags\tz.py first seen with mtime 1730363519.4694476
DEBUG 2025-01-13 22:56:51,868 autoreload File C:\Users\SIM\AppData\Roaming\Python\Python311\site-packages\asgiref\current_thread_executor.py first seen with mtime 1730363511.5413363
DEBUG 2025-01-13 22:56:51,869 autoreload File C:\Users\SIM\AppData\Roaming\Python\Python311\site-packages\django\contrib\messages\middleware.py first seen with mtime 1730363517.0118935
DEBUG 2025-01-13 22:56:51,869 autoreload File C:\Users\SIM\AppData\Local\Programs\Python\Python311\Lib\email\utils.py first seen with mtime 1686106818.0
DEBUG 2025-01-13 22:56:51,869 autoreload File C:\Users\SIM\AppData\Roaming\Python\Python311\site-packages\django\contrib\auth\admin.py first seen with mtime 1730363514.6305225
DEBUG 2025-01-13 22:56:51,869 autoreload File C:\Users\SIM\AppData\Roaming\Python\Python311\site-packages\django\template\loaders\filesystem.py first seen with mtime 1730363519.4523761
DEBUG 2025-01-13 22:56:51,869 autoreload File C:\Users\SIM\AppData\Local\Programs\Python\Python311\Lib\email\_policybase.py first seen with mtime 1686106818.0
DEBUG 2025-01-13 22:56:51,869 autoreload File C:\Users\SIM\AppData\Roaming\Python\Python311\site-packages\django\db\models\sql\query.py first seen with mtime 1730363519.2213213
DEBUG 2025-01-13 22:56:51,869 autoreload File C:\Users\SIM\AppData\Local\Programs\Python\Python311\Lib\asyncio\subprocess.py first seen with mtime 1686106818.0
DEBUG 2025-01-13 22:56:51,869 autoreload File C:\Users\SIM\AppData\Roaming\Python\Python311\site-packages\django\views\generic\dates.py first seen with mtime 1730363519.5854342
DEBUG 2025-01-13 22:56:51,869 autoreload File C:\Users\SIM\AppData\Local\Programs\Python\Python311\Lib\email\_parseaddr.py first seen with mtime 1686106818.0
DEBUG 2025-01-13 22:56:51,869 autoreload File C:\Users\SIM\AppData\Roaming\Python\Python311\site-packages\django\contrib\admin\utils.py first seen with mtime 1730363512.712351
DEBUG 2025-01-13 22:56:51,869 autoreload File C:\Users\SIM\AppData\Roaming\Python\Python311\site-packages\django\core\cache\backends\__init__.py first seen with mtime 1730363518.8194945
DEBUG 2025-01-13 22:56:51,869 autoreload File C:\Users\SIM\AppData\Roaming\Python\Python311\site-packages\django\core\management\color.py first seen with mtime 1730363518.9344106
DEBUG 2025-01-13 22:56:51,869 autoreload File C:\Users\SIM\AppData\Local\Programs\Python\Python311\Lib\keyword.py first seen with mtime 1686106818.0
DEBUG 2025-01-13 22:56:51,869 autoreload File C:\Users\SIM\Desktop\DJANGO\Proiect1\manage.py first seen with mtime 1730907575.2803433
DEBUG 2025-01-13 22:56:51,869 autoreload File C:\Users\SIM\AppData\Roaming\Python\Python311\site-packages\django\db\backends\postgresql\introspection.py first seen with mtime 1730363519.0858781
DEBUG 2025-01-13 22:56:51,869 autoreload File C:\Users\SIM\AppData\Roaming\Python\Python311\site-packages\django\forms\formsets.py first seen with mtime 1730363519.236009
DEBUG 2025-01-13 22:56:51,869 autoreload File C:\Users\SIM\AppData\Roaming\Python\Python311\site-packages\django\db\models\sql\datastructures.py first seen with mtime 1730363519.2187681
DEBUG 2025-01-13 22:56:51,869 autoreload File C:\Users\SIM\AppData\Roaming\Python\Python311\site-packages\django\template\utils.py first seen with mtime 1730363519.437286
DEBUG 2025-01-13 22:56:51,869 autoreload File C:\Users\SIM\AppData\Local\Programs\Python\Python311\Lib\numbers.py first seen with mtime 1686106818.0
DEBUG 2025-01-13 22:56:51,869 autoreload File C:\Users\SIM\AppData\Roaming\Python\Python311\site-packages\django\db\models\functions\__init__.py first seen with mtime 1730363519.1947956
DEBUG 2025-01-13 22:56:51,869 autoreload File C:\Users\SIM\AppData\Roaming\Python\Python311\site-packages\django\utils\__init__.py first seen with mtime 1730363519.4856098
DEBUG 2025-01-13 22:56:51,869 autoreload File C:\Users\SIM\AppData\Roaming\Python\Python311\site-packages\django\core\files\temp.py first seen with mtime 1730363518.878176
DEBUG 2025-01-13 22:56:51,869 autoreload File C:\Users\SIM\AppData\Roaming\Python\Python311\site-packages\django\db\models\enums.py first seen with mtime 1730363519.1527572
DEBUG 2025-01-13 22:56:51,869 autoreload File C:\Users\SIM\AppData\Roaming\Python\Python311\site-packages\django\shortcuts.py first seen with mtime 1730363511.8592458
DEBUG 2025-01-13 22:56:51,869 autoreload File C:\Users\SIM\AppData\Roaming\Python\Python311\site-packages\django\contrib\admin\helpers.py first seen with mtime 1730363512.7032437
DEBUG 2025-01-13 22:56:51,869 autoreload File C:\Users\SIM\AppData\Roaming\Python\Python311\site-packages\django\core\checks\translation.py first seen with mtime 1730363518.8527594
DEBUG 2025-01-13 22:56:51,869 autoreload File C:\Users\SIM\AppData\Local\Programs\Python\Python311\Lib\urllib\__init__.py first seen with mtime 1686106818.0
DEBUG 2025-01-13 22:56:51,869 autoreload File C:\Users\SIM\AppData\Local\Programs\Python\Python311\Lib\re\_casefix.py first seen with mtime 1686106818.0
DEBUG 2025-01-13 22:56:51,869 autoreload File C:\Users\SIM\AppData\Roaming\Python\Python311\site-packages\django\contrib\staticfiles\management\commands\runserver.py first seen with mtime 1730363518.7970405
DEBUG 2025-01-13 22:56:51,869 autoreload File C:\Users\SIM\AppData\Roaming\Python\Python311\site-packages\django\contrib\auth\tokens.py first seen with mtime 1730363514.6519113
DEBUG 2025-01-13 22:56:51,869 autoreload File C:\Users\SIM\AppData\Roaming\Python\Python311\site-packages\django\template\backends\base.py first seen with mtime 1730363519.437286
DEBUG 2025-01-13 22:56:51,869 autoreload File C:\Users\SIM\AppData\Roaming\Python\Python311\site-packages\django\contrib\sessions\base_session.py first seen with mtime 1730363517.753992
DEBUG 2025-01-13 22:56:51,869 autoreload File C:\Users\SIM\AppData\Roaming\Python\Python311\site-packages\django\utils\translation\__init__.py first seen with mtime 1730363519.5518892
DEBUG 2025-01-13 22:56:51,869 autoreload File C:\Users\SIM\AppData\Roaming\Python\Python311\site-packages\django\db\backends\postgresql\client.py first seen with mtime 1730363519.073951
DEBUG 2025-01-13 22:56:51,869 autoreload File C:\Users\SIM\AppData\Roaming\Python\Python311\site-packages\django\db\models\query_utils.py first seen with mtime 1730363519.1707
DEBUG 2025-01-13 22:56:51,869 autoreload File C:\Users\SIM\AppData\Roaming\Python\Python311\site-packages\django\contrib\auth\backends.py first seen with mtime 1730363514.6352322
DEBUG 2025-01-13 22:56:51,869 autoreload File C:\Users\SIM\AppData\Local\Programs\Python\Python311\Lib\asyncio\taskgroups.py first seen with mtime 1686106818.0
DEBUG 2025-01-13 22:56:51,869 autoreload File C:\Users\SIM\AppData\Local\Programs\Python\Python311\Lib\asyncio\coroutines.py first seen with mtime 1686106818.0
DEBUG 2025-01-13 22:56:51,869 autoreload File C:\Users\SIM\AppData\Local\Programs\Python\Python311\Lib\asyncio\queues.py first seen with mtime 1686106818.0
DEBUG 2025-01-13 22:56:51,869 autoreload File C:\Users\SIM\AppData\Local\Programs\Python\Python311\Lib\re\_parser.py first seen with mtime 1686106818.0
DEBUG 2025-01-13 22:56:51,869 autoreload File C:\Users\SIM\AppData\Local\Programs\Python\Python311\Lib\site-packages\psycopg2\errors.py first seen with mtime 1731581176.280461
DEBUG 2025-01-13 22:56:51,869 autoreload File C:\Users\SIM\AppData\Roaming\Python\Python311\site-packages\django\db\backends\postgresql\operations.py first seen with mtime 1730363519.0883665
DEBUG 2025-01-13 22:56:51,869 autoreload File C:\Users\SIM\AppData\Local\Programs\Python\Python311\Lib\email\message.py first seen with mtime 1686106818.0
DEBUG 2025-01-13 22:56:51,869 autoreload File C:\Users\SIM\AppData\Roaming\Python\Python311\site-packages\django\db\models\constraints.py first seen with mtime 1730363519.1527572
DEBUG 2025-01-13 22:56:51,869 autoreload File C:\Users\SIM\AppData\Roaming\Python\Python311\site-packages\django\contrib\admin\templatetags\log.py first seen with mtime 1730363514.00396
DEBUG 2025-01-13 22:56:51,869 autoreload File C:\Users\SIM\AppData\Roaming\Python\Python311\site-packages\django\contrib\messages\constants.py first seen with mtime 1730363517.0091832
DEBUG 2025-01-13 22:56:51,869 autoreload File C:\Users\SIM\AppData\Roaming\Python\Python311\site-packages\django\contrib\staticfiles\management\__init__.py first seen with mtime 1730363518.7855203
DEBUG 2025-01-13 22:56:51,869 autoreload File C:\Users\SIM\AppData\Local\Programs\Python\Python311\Lib\functools.py first seen with mtime 1686106818.0
DEBUG 2025-01-13 22:56:51,869 autoreload File C:\Users\SIM\AppData\Roaming\Python\Python311\site-packages\django\utils\deconstruct.py first seen with mtime 1730363519.5096915
DEBUG 2025-01-13 22:56:51,869 autoreload File C:\Users\SIM\AppData\Roaming\Python\Python311\site-packages\django\contrib\sessions\exceptions.py first seen with mtime 1730363517.7646277
DEBUG 2025-01-13 22:56:51,869 autoreload File C:\Users\SIM\AppData\Local\Programs\Python\Python311\Lib\email\mime\base.py first seen with mtime 1686106818.0
DEBUG 2025-01-13 22:56:51,869 autoreload File C:\Users\SIM\AppData\Roaming\Python\Python311\site-packages\django\utils\http.py first seen with mtime 1730363519.5337405
DEBUG 2025-01-13 22:56:51,869 autoreload File C:\Users\SIM\AppData\Roaming\Python\Python311\site-packages\django\db\backends\postgresql\schema.py first seen with mtime 1730363519.0883665
DEBUG 2025-01-13 22:56:51,869 autoreload File C:\Users\SIM\AppData\Roaming\Python\Python311\site-packages\django\utils\html.py first seen with mtime 1730363519.518824
DEBUG 2025-01-13 22:56:51,869 autoreload File C:\Users\SIM\AppData\Local\Programs\Python\Python311\Lib\concurrent\futures\thread.py first seen with mtime 1686106818.0
DEBUG 2025-01-13 22:56:51,869 autoreload File C:\Users\SIM\AppData\Roaming\Python\Python311\site-packages\django\core\files\uploadhandler.py first seen with mtime 1730363518.878176
DEBUG 2025-01-13 22:56:51,869 autoreload File C:\Users\SIM\AppData\Roaming\Python\Python311\site-packages\django\db\migrations\exceptions.py first seen with mtime 1730363519.1142695
DEBUG 2025-01-13 22:56:51,869 autoreload File C:\Users\SIM\AppData\Roaming\Python\Python311\site-packages\django\views\decorators\csrf.py first seen with mtime 1730363519.574051
DEBUG 2025-01-13 22:56:51,869 autoreload File C:\Users\SIM\AppData\Roaming\Python\Python311\site-packages\django\db\migrations\migration.py first seen with mtime 1730363519.1217487
DEBUG 2025-01-13 22:56:51,869 autoreload File C:\Users\SIM\AppData\Local\Programs\Python\Python311\Lib\email\mime\text.py first seen with mtime 1686106818.0
DEBUG 2025-01-13 22:56:51,869 autoreload File C:\Users\SIM\AppData\Roaming\Python\Python311\site-packages\django\db\models\base.py first seen with mtime 1730363519.1527572
DEBUG 2025-01-13 22:56:51,869 autoreload File C:\Users\SIM\AppData\Local\Programs\Python\Python311\Lib\site-packages\PIL\_version.py first seen with mtime 1713199322.0304856
DEBUG 2025-01-13 22:56:51,869 autoreload File C:\Users\SIM\AppData\Roaming\Python\Python311\site-packages\django\core\checks\model_checks.py first seen with mtime 1730363518.8494656
DEBUG 2025-01-13 22:56:51,869 autoreload File C:\Users\SIM\AppData\Roaming\Python\Python311\site-packages\django\core\checks\async_checks.py first seen with mtime 1730363518.8379147
DEBUG 2025-01-13 22:56:51,869 autoreload File C:\Users\SIM\AppData\Roaming\Python\Python311\site-packages\django\db\models\indexes.py first seen with mtime 1730363519.16236
DEBUG 2025-01-13 22:56:51,869 autoreload File C:\Users\SIM\AppData\Local\Programs\Python\Python311\Lib\urllib\error.py first seen with mtime 1686106818.0
DEBUG 2025-01-13 22:56:51,869 autoreload File C:\Users\SIM\AppData\Local\Programs\Python\Python311\DLLs\_ctypes.pyd first seen with mtime 1686106896.0
DEBUG 2025-01-13 22:56:51,869 autoreload File C:\Users\SIM\AppData\Roaming\Python\Python311\site-packages\django\db\migrations\operations\__init__.py first seen with mtime 1730363519.1384592
DEBUG 2025-01-13 22:56:51,869 autoreload File C:\Users\SIM\AppData\Roaming\Python\Python311\site-packages\django\forms\__init__.py first seen with mtime 1730363519.2213213
DEBUG 2025-01-13 22:56:51,869 autoreload File C:\Users\SIM\AppData\Local\Programs\Python\Python311\Lib\site-packages\_distutils_hack\__init__.py first seen with mtime 1730365884.3330114
DEBUG 2025-01-13 22:56:51,869 autoreload File C:\Users\SIM\AppData\Roaming\Python\Python311\site-packages\django\core\checks\urls.py first seen with mtime 1730363518.8527594
DEBUG 2025-01-13 22:56:51,869 autoreload File C:\Users\SIM\AppData\Roaming\Python\Python311\site-packages\django\core\checks\database.py first seen with mtime 1730363518.8379147
DEBUG 2025-01-13 22:56:51,869 autoreload File C:\Users\SIM\AppData\Roaming\Python\Python311\site-packages\django\core\handlers\exception.py first seen with mtime 1730363518.902088
DEBUG 2025-01-13 22:56:51,869 autoreload File C:\Users\SIM\AppData\Roaming\Python\Python311\site-packages\django\dispatch\dispatcher.py first seen with mtime 1730363519.2213213
DEBUG 2025-01-13 22:56:51,869 autoreload File C:\Users\SIM\AppData\Roaming\Python\Python311\site-packages\django\templatetags\cache.py first seen with mtime 1730363519.4613905
DEBUG 2025-01-13 22:56:51,869 autoreload File C:\Users\SIM\AppData\Local\Programs\Python\Python311\Lib\contextlib.py first seen with mtime 1686106818.0
DEBUG 2025-01-13 22:56:51,869 autoreload File C:\Users\SIM\AppData\Roaming\Python\Python311\site-packages\django\db\backends\postgresql\base.py first seen with mtime 1730363519.073951
DEBUG 2025-01-13 22:56:51,869 autoreload File C:\Users\SIM\AppData\Roaming\Python\Python311\site-packages\django\db\backends\postgresql\features.py first seen with mtime 1730363519.0819688
DEBUG 2025-01-13 22:56:51,876 autoreload File C:\Users\SIM\AppData\Local\Programs\Python\Python311\Lib\pprint.py first seen with mtime 1686106818.0
DEBUG 2025-01-13 22:56:51,876 autoreload File C:\Users\SIM\AppData\Roaming\Python\Python311\site-packages\django\contrib\auth\password_validation.py first seen with mtime 1730363514.6519113
DEBUG 2025-01-13 22:56:51,876 autoreload File C:\Users\SIM\AppData\Local\Programs\Python\Python311\Lib\email\encoders.py first seen with mtime 1686106818.0
DEBUG 2025-01-13 22:56:51,876 autoreload File C:\Users\SIM\Desktop\DJANGO\Proiect1\aplicatie_exemplu\__init__.py first seen with mtime 1730907848.146318
DEBUG 2025-01-13 22:56:51,876 autoreload File C:\Users\SIM\AppData\Local\Programs\Python\Python311\Lib\concurrent\futures\_base.py first seen with mtime 1686106818.0
DEBUG 2025-01-13 22:56:51,876 autoreload File C:\Users\SIM\AppData\Roaming\Python\Python311\site-packages\django\contrib\auth\__init__.py first seen with mtime 1730363514.6305225
DEBUG 2025-01-13 22:56:51,876 autoreload File C:\Users\SIM\AppData\Local\Programs\Python\Python311\Lib\asyncio\staggered.py first seen with mtime 1686106818.0
DEBUG 2025-01-13 22:56:51,876 autoreload File C:\Users\SIM\AppData\Local\Programs\Python\Python311\Lib\http\cookies.py first seen with mtime 1686106818.0
DEBUG 2025-01-13 22:56:51,876 autoreload File C:\Users\SIM\AppData\Roaming\Python\Python311\site-packages\django\core\cache\utils.py first seen with mtime 1730363518.8194945
DEBUG 2025-01-13 22:56:51,876 autoreload File C:\Users\SIM\AppData\Roaming\Python\Python311\site-packages\django\db\models\functions\datetime.py first seen with mtime 1730363519.2030535
DEBUG 2025-01-13 22:56:51,876 autoreload File C:\Users\SIM\AppData\Roaming\Python\Python311\site-packages\django\template\context.py first seen with mtime 1730363519.4187372
DEBUG 2025-01-13 22:56:51,876 autoreload File C:\Users\SIM\AppData\Roaming\Python\Python311\site-packages\django\views\decorators\common.py first seen with mtime 1730363519.574051
DEBUG 2025-01-13 22:56:51,876 autoreload File C:\Users\SIM\AppData\Local\Programs\Python\Python311\Lib\asyncio\__init__.py first seen with mtime 1686106818.0
DEBUG 2025-01-13 22:56:51,876 autoreload File C:\Users\SIM\AppData\Roaming\Python\Python311\site-packages\django\db\backends\postgresql\creation.py first seen with mtime 1730363519.0819688
DEBUG 2025-01-13 22:56:51,876 autoreload File C:\Users\SIM\AppData\Local\Programs\Python\Python311\Lib\email\base64mime.py first seen with mtime 1686106818.0
DEBUG 2025-01-13 22:56:51,876 autoreload File C:\Users\SIM\AppData\Roaming\Python\Python311\site-packages\sqlparse\tokens.py first seen with mtime 1730363510.8419755
DEBUG 2025-01-13 22:56:51,876 autoreload File C:\Users\SIM\AppData\Local\Programs\Python\Python311\DLLs\_decimal.pyd first seen with mtime 1686106894.0
DEBUG 2025-01-13 22:56:51,876 autoreload File C:\Users\SIM\AppData\Roaming\Python\Python311\site-packages\django\__init__.py first seen with mtime 1730363511.85427
DEBUG 2025-01-13 22:56:51,876 autoreload File C:\Users\SIM\AppData\Roaming\Python\Python311\site-packages\django\views\decorators\cache.py first seen with mtime 1730363519.574051
DEBUG 2025-01-13 22:56:51,876 autoreload File C:\Users\SIM\AppData\Local\Programs\Python\Python311\Lib\json\decoder.py first seen with mtime 1686106818.0
DEBUG 2025-01-13 22:56:51,876 autoreload File C:\Users\SIM\AppData\Roaming\Python\Python311\site-packages\django\urls\conf.py first seen with mtime 1730363519.4856098
DEBUG 2025-01-13 22:56:51,876 autoreload File C:\Users\SIM\AppData\Roaming\Python\Python311\site-packages\sqlparse\engine\grouping.py first seen with mtime 1730363510.851671
DEBUG 2025-01-13 22:56:51,876 autoreload File C:\Users\SIM\AppData\Roaming\Python\Python311\site-packages\django\core\management\__init__.py first seen with mtime 1730363518.9188974
DEBUG 2025-01-13 22:56:51,876 autoreload File C:\Users\SIM\AppData\Local\Programs\Python\Python311\Lib\asyncio\timeouts.py first seen with mtime 1686106818.0
DEBUG 2025-01-13 22:56:51,876 autoreload File C:\Users\SIM\AppData\Roaming\Python\Python311\site-packages\django\contrib\auth\signals.py first seen with mtime 1730363514.6519113
DEBUG 2025-01-13 22:56:51,876 autoreload File C:\Users\SIM\AppData\Roaming\Python\Python311\site-packages\django\conf\__init__.py first seen with mtime 1730363511.862605
DEBUG 2025-01-13 22:56:51,876 autoreload File C:\Users\SIM\AppData\Roaming\Python\Python311\site-packages\django\core\checks\security\sessions.py first seen with mtime 1730363518.8617742
DEBUG 2025-01-13 22:56:51,876 autoreload File C:\Users\SIM\AppData\Local\Programs\Python\Python311\Lib\_compression.py first seen with mtime 1686106818.0
DEBUG 2025-01-13 22:56:51,876 autoreload File C:\Users\SIM\AppData\Local\Programs\Python\Python311\Lib\zoneinfo\__init__.py first seen with mtime 1686106818.0
DEBUG 2025-01-13 22:56:51,876 autoreload File C:\Users\SIM\AppData\Local\Programs\Python\Python311\Lib\html\entities.py first seen with mtime 1686106818.0
DEBUG 2025-01-13 22:56:51,876 autoreload File C:\Users\SIM\AppData\Roaming\Python\Python311\site-packages\django\contrib\auth\middleware.py first seen with mtime 1730363514.6469238
DEBUG 2025-01-13 22:56:51,876 autoreload File C:\Users\SIM\AppData\Local\Programs\Python\Python311\Lib\asyncio\base_subprocess.py first seen with mtime 1686106818.0
DEBUG 2025-01-13 22:56:51,876 autoreload File C:\Users\SIM\AppData\Local\Programs\Python\Python311\Lib\collections\__init__.py first seen with mtime 1686106818.0
DEBUG 2025-01-13 22:56:51,876 autoreload File C:\Users\SIM\AppData\Roaming\Python\Python311\site-packages\django\contrib\staticfiles\apps.py first seen with mtime 1730363518.768919
DEBUG 2025-01-13 22:56:51,876 autoreload File C:\Users\SIM\AppData\Local\Programs\Python\Python311\Lib\email\_header_value_parser.py first seen with mtime 1686106818.0
DEBUG 2025-01-13 22:56:51,876 autoreload File C:\Users\SIM\AppData\Roaming\Python\Python311\site-packages\sqlparse\sql.py first seen with mtime 1730363510.8419755
DEBUG 2025-01-13 22:56:51,876 autoreload File C:\Users\SIM\AppData\Local\Programs\Python\Python311\DLLs\_uuid.pyd first seen with mtime 1686106894.0
DEBUG 2025-01-13 22:56:51,876 autoreload File C:\Users\SIM\AppData\Roaming\Python\Python311\site-packages\django\core\checks\registry.py first seen with mtime 1730363518.8494656
DEBUG 2025-01-13 22:56:51,876 autoreload File C:\Users\SIM\AppData\Local\Programs\Python\Python311\Lib\asyncio\runners.py first seen with mtime 1686106818.0
DEBUG 2025-01-13 22:56:51,876 autoreload File C:\Users\SIM\AppData\Roaming\Python\Python311\site-packages\django\contrib\sites\requests.py first seen with mtime 1730363518.352321
DEBUG 2025-01-13 22:56:51,876 autoreload File C:\Users\SIM\AppData\Roaming\Python\Python311\site-packages\django\db\models\sql\__init__.py first seen with mtime 1730363519.2111301
DEBUG 2025-01-13 22:56:51,876 autoreload File C:\Users\SIM\AppData\Local\Programs\Python\Python311\Lib\gzip.py first seen with mtime 1686106818.0
DEBUG 2025-01-13 22:56:51,876 autoreload File C:\Users\SIM\AppData\Roaming\Python\Python311\site-packages\django\contrib\admin\templatetags\admin_modify.py first seen with mtime 1730363513.9955804
DEBUG 2025-01-13 22:56:51,876 autoreload File C:\Users\SIM\AppData\Roaming\Python\Python311\site-packages\django\core\checks\messages.py first seen with mtime 1730363518.8459451
DEBUG 2025-01-13 22:56:51,876 autoreload File C:\Users\SIM\AppData\Roaming\Python\Python311\site-packages\django\core\mail\utils.py first seen with mtime 1730363518.913383
DEBUG 2025-01-13 22:56:51,876 autoreload File C:\Users\SIM\AppData\Roaming\Python\Python311\site-packages\django\core\handlers\base.py first seen with mtime 1730363518.902088
DEBUG 2025-01-13 22:56:51,876 autoreload File C:\Users\SIM\AppData\Local\Programs\Python\Python311\Lib\datetime.py first seen with mtime 1686106818.0
DEBUG 2025-01-13 22:56:51,876 autoreload File C:\Users\SIM\AppData\Local\Programs\Python\Python311\Lib\threading.py first seen with mtime 1686106818.0
DEBUG 2025-01-13 22:56:51,876 autoreload File C:\Users\SIM\AppData\Local\Programs\Python\Python311\Lib\_compat_pickle.py first seen with mtime 1686106818.0
DEBUG 2025-01-13 22:56:51,876 autoreload File C:\Users\SIM\AppData\Roaming\Python\Python311\site-packages\django\db\models\fields\proxy.py first seen with mtime 1730363519.1857815
DEBUG 2025-01-13 22:56:51,876 autoreload File C:\Users\SIM\AppData\Local\Programs\Python\Python311\Lib\asyncio\futures.py first seen with mtime 1686106818.0
DEBUG 2025-01-13 22:56:51,876 autoreload File C:\Users\SIM\AppData\Local\Programs\Python\Python311\Lib\ctypes\__init__.py first seen with mtime 1686106818.0
DEBUG 2025-01-13 22:56:51,876 autoreload File C:\Users\SIM\AppData\Roaming\Python\Python311\site-packages\sqlparse\cli.py first seen with mtime 1730363510.8336992
DEBUG 2025-01-13 22:56:51,876 autoreload File C:\Users\SIM\AppData\Local\Programs\Python\Python311\Lib\graphlib.py first seen with mtime 1686106818.0
DEBUG 2025-01-13 22:56:51,876 autoreload File C:\Users\SIM\AppData\Roaming\Python\Python311\site-packages\django\db\backends\utils.py first seen with mtime 1730363519.0159185
DEBUG 2025-01-13 22:56:51,876 autoreload File C:\Users\SIM\AppData\Roaming\Python\Python311\site-packages\django\urls\resolvers.py first seen with mtime 1730363519.4856098
DEBUG 2025-01-13 22:56:51,876 autoreload File C:\Users\SIM\AppData\Roaming\Python\Python311\site-packages\django\http\response.py first seen with mtime 1730363519.396641
DEBUG 2025-01-13 22:56:51,876 autoreload File C:\Users\SIM\AppData\Local\Programs\Python\Python311\Lib\bz2.py first seen with mtime 1686106818.0
DEBUG 2025-01-13 22:56:51,876 autoreload File C:\Users\SIM\AppData\Local\Programs\Python\Python311\Lib\traceback.py first seen with mtime 1686106818.0
DEBUG 2025-01-13 22:56:51,876 autoreload File C:\Users\SIM\AppData\Roaming\Python\Python311\site-packages\django\forms\forms.py first seen with mtime 1730363519.236009
DEBUG 2025-01-13 22:56:51,876 autoreload File C:\Users\SIM\AppData\Roaming\Python\Python311\site-packages\django\core\checks\__init__.py first seen with mtime 1730363518.8379147
DEBUG 2025-01-13 22:56:51,876 autoreload File C:\Users\SIM\AppData\Roaming\Python\Python311\site-packages\django\utils\version.py first seen with mtime 1730363519.5518892
DEBUG 2025-01-13 22:56:51,876 autoreload File C:\Users\SIM\AppData\Local\Programs\Python\Python311\Lib\typing.py first seen with mtime 1686106818.0
DEBUG 2025-01-13 22:56:51,876 autoreload File C:\Users\SIM\AppData\Roaming\Python\Python311\site-packages\django\db\models\fields\files.py first seen with mtime 1730363519.1787376
DEBUG 2025-01-13 22:56:51,876 autoreload File C:\Users\SIM\AppData\Roaming\Python\Python311\site-packages\django\forms\boundfield.py first seen with mtime 1730363519.2348356
DEBUG 2025-01-13 22:56:51,876 autoreload File C:\Users\SIM\AppData\Local\Programs\Python\Python311\Lib\difflib.py first seen with mtime 1686106818.0
DEBUG 2025-01-13 22:56:51,876 autoreload File C:\Users\SIM\AppData\Roaming\Python\Python311\site-packages\django\contrib\auth\checks.py first seen with mtime 1730363514.638802
DEBUG 2025-01-13 22:56:51,876 autoreload File C:\Users\SIM\AppData\Local\Programs\Python\Python311\Lib\email\__init__.py first seen with mtime 1686106818.0
DEBUG 2025-01-13 22:56:51,876 autoreload File C:\Users\SIM\AppData\Roaming\Python\Python311\site-packages\django\utils\encoding.py first seen with mtime 1730363519.518824
DEBUG 2025-01-13 22:56:51,876 autoreload File C:\Users\SIM\AppData\Roaming\Python\Python311\site-packages\django\contrib\admin\templatetags\admin_list.py first seen with mtime 1730363513.9955804
DEBUG 2025-01-13 22:56:51,876 autoreload File C:\Users\SIM\AppData\Roaming\Python\Python311\site-packages\django\contrib\admin\templatetags\admin_urls.py first seen with mtime 1730363514.0001662
DEBUG 2025-01-13 22:56:51,876 autoreload File C:\Users\SIM\AppData\Roaming\Python\Python311\site-packages\django\db\models\manager.py first seen with mtime 1730363519.16236
DEBUG 2025-01-13 22:56:51,876 autoreload File C:\Users\SIM\AppData\Roaming\Python\Python311\site-packages\django\conf\locale\__init__.py first seen with mtime 1730363511.8850079
DEBUG 2025-01-13 22:56:51,876 autoreload File C:\Users\SIM\AppData\Local\Programs\Python\Python311\Lib\encodings\cp1252.py first seen with mtime 1686106818.0
DEBUG 2025-01-13 22:56:51,876 autoreload File C:\Users\SIM\AppData\Roaming\Python\Python311\site-packages\django\contrib\admin\options.py first seen with mtime 1730363512.7042537
DEBUG 2025-01-13 22:56:51,876 autoreload File C:\Users\SIM\AppData\Roaming\Python\Python311\site-packages\django\core\cache\backends\filebased.py first seen with mtime 1730363518.8295124
DEBUG 2025-01-13 22:56:51,876 autoreload File C:\Users\SIM\AppData\Local\Programs\Python\Python311\Lib\socket.py first seen with mtime 1686106818.0
DEBUG 2025-01-13 22:56:51,876 autoreload File C:\Users\SIM\AppData\Roaming\Python\Python311\site-packages\django\core\checks\compatibility\__init__.py first seen with mtime 1730363518.8527594
DEBUG 2025-01-13 22:56:51,876 autoreload File C:\Users\SIM\AppData\Roaming\Python\Python311\site-packages\django\contrib\auth\forms.py first seen with mtime 1730363514.6469238
DEBUG 2025-01-13 22:56:51,876 autoreload File C:\Users\SIM\AppData\Local\Programs\Python\Python311\Lib\inspect.py first seen with mtime 1686106818.0
DEBUG 2025-01-13 22:56:51,876 autoreload File C:\Users\SIM\AppData\Roaming\Python\Python311\site-packages\sqlparse\__init__.py first seen with mtime 1730363510.819172
DEBUG 2025-01-13 22:56:51,876 autoreload File C:\Users\SIM\AppData\Roaming\Python\Python311\site-packages\django\middleware\csrf.py first seen with mtime 1730363519.4048178
DEBUG 2025-01-13 22:56:51,876 autoreload File C:\Users\SIM\AppData\Roaming\Python\Python311\site-packages\django\db\transaction.py first seen with mtime 1730363519.008809
DEBUG 2025-01-13 22:56:51,876 autoreload File C:\Users\SIM\AppData\Roaming\Python\Python311\site-packages\django\contrib\admin\__init__.py first seen with mtime 1730363512.6853182
DEBUG 2025-01-13 22:56:51,876 autoreload File C:\Users\SIM\AppData\Roaming\Python\Python311\site-packages\django\contrib\staticfiles\utils.py first seen with mtime 1730363518.7855203
DEBUG 2025-01-13 22:56:51,876 autoreload File C:\Users\SIM\AppData\Local\Programs\Python\Python311\Lib\getpass.py first seen with mtime 1686106818.0
DEBUG 2025-01-13 22:56:51,876 autoreload File C:\Users\SIM\AppData\Roaming\Python\Python311\site-packages\django\contrib\auth\views.py first seen with mtime 1730363514.662934
DEBUG 2025-01-13 22:56:51,876 autoreload File C:\Users\SIM\AppData\Roaming\Python\Python311\site-packages\django\contrib\sites\__init__.py first seen with mtime 1730363518.3381288
DEBUG 2025-01-13 22:56:51,876 autoreload File C:\Users\SIM\AppData\Roaming\Python\Python311\site-packages\django\db\models\functions\text.py first seen with mtime 1730363519.2030535
DEBUG 2025-01-13 22:56:51,876 autoreload File C:\Users\SIM\AppData\Local\Programs\Python\Python311\DLLs\_bz2.pyd first seen with mtime 1686106896.0
DEBUG 2025-01-13 22:56:51,876 autoreload File C:\Users\SIM\AppData\Local\Programs\Python\Python311\DLLs\select.pyd first seen with mtime 1686106894.0
DEBUG 2025-01-13 22:56:51,876 autoreload File C:\Users\SIM\AppData\Local\Programs\Python\Python311\Lib\tokenize.py first seen with mtime 1686106818.0
DEBUG 2025-01-13 22:56:51,876 autoreload File C:\Users\SIM\AppData\Roaming\Python\Python311\site-packages\django\db\utils.py first seen with mtime 1730363519.008809
DEBUG 2025-01-13 22:56:51,876 autoreload File C:\Users\SIM\AppData\Roaming\Python\Python311\site-packages\django\urls\base.py first seen with mtime 1730363519.4856098
DEBUG 2025-01-13 22:56:51,876 autoreload File C:\Users\SIM\AppData\Roaming\Python\Python311\site-packages\django\utils\text.py first seen with mtime 1730363519.5501654
DEBUG 2025-01-13 22:56:51,876 autoreload File C:\Users\SIM\AppData\Roaming\Python\Python311\site-packages\django\contrib\messages\storage\base.py first seen with mtime 1730363517.0185566
DEBUG 2025-01-13 22:56:51,876 autoreload File C:\Users\SIM\AppData\Local\Programs\Python\Python311\Lib\contextvars.py first seen with mtime 1686106818.0
DEBUG 2025-01-13 22:56:51,884 autoreload File C:\Users\SIM\AppData\Roaming\Python\Python311\site-packages\django\db\backends\base\__init__.py first seen with mtime 1730363519.018852
DEBUG 2025-01-13 22:56:51,884 autoreload File C:\Users\SIM\AppData\Roaming\Python\Python311\site-packages\django\forms\fields.py first seen with mtime 1730363519.236009
DEBUG 2025-01-13 22:56:51,884 autoreload File C:\Users\SIM\AppData\Local\Programs\Python\Python311\Lib\asyncio\selector_events.py first seen with mtime 1686106818.0
DEBUG 2025-01-13 22:56:51,884 autoreload File C:\Users\SIM\AppData\Local\Programs\Python\Python311\Lib\signal.py first seen with mtime 1686106818.0
DEBUG 2025-01-13 22:56:51,884 autoreload File C:\Users\SIM\AppData\Roaming\Python\Python311\site-packages\django\contrib\sessions\middleware.py first seen with mtime 1730363517.7646277
DEBUG 2025-01-13 22:56:51,884 autoreload File C:\Users\SIM\AppData\Local\Programs\Python\Python311\DLLs\_lzma.pyd first seen with mtime 1686106894.0
DEBUG 2025-01-13 22:56:51,884 autoreload File C:\Users\SIM\AppData\Roaming\Python\Python311\site-packages\django\db\models\utils.py first seen with mtime 1730363519.1707
DEBUG 2025-01-13 22:56:51,884 autoreload File C:\Users\SIM\AppData\Roaming\Python\Python311\site-packages\django\utils\choices.py first seen with mtime 1730363519.5025089
DEBUG 2025-01-13 22:56:51,884 autoreload File C:\Users\SIM\AppData\Roaming\Python\Python311\site-packages\django\template\__init__.py first seen with mtime 1730363519.412928
DEBUG 2025-01-13 22:56:51,884 autoreload File C:\Users\SIM\AppData\Roaming\Python\Python311\site-packages\django\db\models\lookups.py first seen with mtime 1730363519.16236
DEBUG 2025-01-13 22:56:51,884 autoreload File C:\Users\SIM\AppData\Roaming\Python\Python311\site-packages\django\core\files\move.py first seen with mtime 1730363518.8701553
DEBUG 2025-01-13 22:56:51,884 autoreload File C:\Users\SIM\Desktop\DJANGO\Proiect1\Proiect1\settings.py first seen with mtime 1736800779.3306959
DEBUG 2025-01-13 22:56:51,884 autoreload File C:\Users\SIM\AppData\Roaming\Python\Python311\site-packages\django\core\mail\message.py first seen with mtime 1730363518.9103847
DEBUG 2025-01-13 22:56:51,884 autoreload File C:\Users\SIM\AppData\Local\Programs\Python\Python311\Lib\email\mime\nonmultipart.py first seen with mtime 1686106818.0
DEBUG 2025-01-13 22:56:51,884 autoreload File C:\Users\SIM\AppData\Local\Programs\Python\Python311\Lib\types.py first seen with mtime 1686106818.0
DEBUG 2025-01-13 22:56:51,884 autoreload File C:\Users\SIM\AppData\Local\Programs\Python\Python311\Lib\wsgiref\__init__.py first seen with mtime 1686106818.0
DEBUG 2025-01-13 22:56:51,884 autoreload File C:\Users\SIM\AppData\Local\Programs\Python\Python311\Lib\__future__.py first seen with mtime 1686106818.0
DEBUG 2025-01-13 22:56:51,884 autoreload File C:\Users\SIM\AppData\Local\Programs\Python\Python311\Lib\asyncio\exceptions.py first seen with mtime 1686106818.0
DEBUG 2025-01-13 22:56:51,884 autoreload File C:\Users\SIM\AppData\Roaming\Python\Python311\site-packages\django\db\models\constants.py first seen with mtime 1730363519.1527572
DEBUG 2025-01-13 22:56:51,887 autoreload File C:\Users\SIM\Desktop\DJANGO\Proiect1\aplicatie_exemplu\admin.py first seen with mtime 1733241541.137926
DEBUG 2025-01-13 22:56:51,887 autoreload File C:\Users\SIM\AppData\Local\Programs\Python\Python311\Lib\wsgiref\handlers.py first seen with mtime 1686106818.0
DEBUG 2025-01-13 22:56:51,887 autoreload File C:\Users\SIM\AppData\Roaming\Python\Python311\site-packages\django\views\generic\__init__.py first seen with mtime 1730363519.5854342
DEBUG 2025-01-13 22:56:51,887 autoreload File C:\Users\SIM\AppData\Roaming\Python\Python311\site-packages\sqlparse\filters\reindent.py first seen with mtime 1730363510.8522604
DEBUG 2025-01-13 22:56:51,887 autoreload File C:\Users\SIM\AppData\Local\Programs\Python\Python311\Lib\pathlib.py first seen with mtime 1686106818.0
DEBUG 2025-01-13 22:56:51,887 autoreload File C:\Users\SIM\AppData\Roaming\Python\Python311\site-packages\django\utils\tree.py first seen with mtime 1730363519.5518892
DEBUG 2025-01-13 22:56:51,887 autoreload File C:\Users\SIM\AppData\Roaming\Python\Python311\site-packages\django\middleware\common.py first seen with mtime 1730363519.4048178
DEBUG 2025-01-13 22:56:51,887 autoreload File C:\Users\SIM\AppData\Roaming\Python\Python311\site-packages\django\utils\regex_helper.py first seen with mtime 1730363519.5421522
DEBUG 2025-01-13 22:56:51,887 autoreload File C:\Users\SIM\AppData\Local\Programs\Python\Python311\Lib\site-packages\colorama\ansi.py first seen with mtime 1686935914.822989
DEBUG 2025-01-13 22:56:51,887 autoreload File C:\Users\SIM\AppData\Roaming\Python\Python311\site-packages\sqlparse\engine\statement_splitter.py first seen with mtime 1730363510.8522604
DEBUG 2025-01-13 22:56:51,887 autoreload File C:\Users\SIM\AppData\Roaming\Python\Python311\site-packages\django\templatetags\i18n.py first seen with mtime 1730363519.4613905
DEBUG 2025-01-13 22:56:51,887 autoreload File C:\Users\SIM\AppData\Local\Programs\Python\Python311\Lib\site-packages\psycopg2\sql.py first seen with mtime 1731581176.2877078
DEBUG 2025-01-13 22:56:51,887 autoreload File C:\Users\SIM\AppData\Roaming\Python\Python311\site-packages\django\contrib\staticfiles\finders.py first seen with mtime 1730363518.7730794
DEBUG 2025-01-13 22:56:51,887 autoreload File C:\Users\SIM\AppData\Roaming\Python\Python311\site-packages\django\db\models\query.py first seen with mtime 1730363519.1707
DEBUG 2025-01-13 22:56:51,887 autoreload File C:\Users\SIM\AppData\Roaming\Python\Python311\site-packages\django\utils\duration.py first seen with mtime 1730363519.518824
DEBUG 2025-01-13 22:56:51,887 autoreload File C:\Users\SIM\AppData\Local\Programs\Python\Python311\Lib\operator.py first seen with mtime 1686106818.0
DEBUG 2025-01-13 22:56:51,887 autoreload File C:\Users\SIM\AppData\Roaming\Python\Python311\site-packages\django\utils\formats.py first seen with mtime 1730363519.518824
DEBUG 2025-01-13 22:56:51,892 autoreload File C:\Users\SIM\Desktop\DJANGO\Proiect1\aplicatie_exemplu\urls.py first seen with mtime 1736800779.3274324
DEBUG 2025-01-13 22:56:51,892 autoreload File C:\Users\SIM\AppData\Local\Programs\Python\Python311\Lib\site-packages\psycopg2\extras.py first seen with mtime 1731581176.280461
DEBUG 2025-01-13 22:56:51,892 autoreload File C:\Users\SIM\AppData\Local\Programs\Python\Python311\Lib\decimal.py first seen with mtime 1686106818.0
DEBUG 2025-01-13 22:56:51,892 autoreload File C:\Users\SIM\AppData\Roaming\Python\Python311\site-packages\django\utils\autoreload.py first seen with mtime 1730363519.5025089
DEBUG 2025-01-13 22:56:51,892 autoreload File C:\Users\SIM\AppData\Local\Programs\Python\Python311\Lib\weakref.py first seen with mtime 1686106818.0
DEBUG 2025-01-13 22:56:51,892 autoreload File C:\Users\SIM\AppData\Local\Programs\Python\Python311\Lib\email\mime\message.py first seen with mtime 1686106818.0
DEBUG 2025-01-13 22:56:51,892 autoreload File C:\Users\SIM\AppData\Roaming\Python\Python311\site-packages\django\contrib\auth\validators.py first seen with mtime 1730363514.662934
DEBUG 2025-01-13 22:56:51,892 autoreload File C:\Users\SIM\AppData\Local\Programs\Python\Python311\Lib\email\header.py first seen with mtime 1686106818.0
DEBUG 2025-01-13 22:56:51,892 autoreload File C:\Users\SIM\AppData\Roaming\Python\Python311\site-packages\django\db\models\sql\subqueries.py first seen with mtime 1730363519.2213213
DEBUG 2025-01-13 22:56:51,892 autoreload File C:\Users\SIM\AppData\Roaming\Python\Python311\site-packages\django\core\files\storage\__init__.py first seen with mtime 1730363518.8861403
DEBUG 2025-01-13 22:56:51,892 autoreload File C:\Users\SIM\AppData\Roaming\Python\Python311\site-packages\django\contrib\admin\checks.py first seen with mtime 1730363512.6853182
DEBUG 2025-01-13 22:56:51,892 autoreload File C:\Users\SIM\AppData\Roaming\Python\Python311\site-packages\django\contrib\__init__.py first seen with mtime 1730363512.6822865
DEBUG 2025-01-13 22:56:51,892 autoreload File C:\Users\SIM\AppData\Local\Programs\Python\Python311\Lib\hmac.py first seen with mtime 1686106818.0
DEBUG 2025-01-13 22:56:51,892 autoreload File C:\Users\SIM\AppData\Local\Programs\Python\Python311\Lib\wsgiref\headers.py first seen with mtime 1686106818.0
DEBUG 2025-01-13 22:56:51,892 autoreload File C:\Users\SIM\AppData\Local\Programs\Python\Python311\Lib\asyncio\streams.py first seen with mtime 1686106818.0
DEBUG 2025-01-13 22:56:51,892 autoreload File C:\Users\SIM\AppData\Roaming\Python\Python311\site-packages\django\contrib\messages\utils.py first seen with mtime 1730363517.0118935
DEBUG 2025-01-13 22:56:51,892 autoreload File C:\Users\SIM\AppData\Roaming\Python\Python311\site-packages\django\db\models\aggregates.py first seen with mtime 1730363519.1506968
DEBUG 2025-01-13 22:56:51,892 autoreload File C:\Users\SIM\AppData\Roaming\Python\Python311\site-packages\django\http\cookie.py first seen with mtime 1730363519.3856273
DEBUG 2025-01-13 22:56:51,892 autoreload File C:\Users\SIM\AppData\Roaming\Python\Python311\site-packages\django\core\serializers\__init__.py first seen with mtime 1730363518.986077
DEBUG 2025-01-13 22:56:51,892 autoreload File C:\Users\SIM\AppData\Roaming\Python\Python311\site-packages\django\conf\global_settings.py first seen with mtime 1730363511.8686903
DEBUG 2025-01-13 22:56:51,892 autoreload File C:\Users\SIM\AppData\Local\Programs\Python\Python311\Lib\concurrent\__init__.py first seen with mtime 1686106818.0
DEBUG 2025-01-13 22:56:51,892 autoreload File C:\Users\SIM\AppData\Local\Programs\Python\Python311\Lib\bisect.py first seen with mtime 1686106818.0
DEBUG 2025-01-13 22:56:51,892 autoreload File C:\Users\SIM\AppData\Roaming\Python\Python311\site-packages\django\contrib\sessions\backends\base.py first seen with mtime 1730363517.772861
DEBUG 2025-01-13 22:56:51,892 autoreload File C:\Users\SIM\AppData\Roaming\Python\Python311\site-packages\django\core\management\commands\__init__.py first seen with mtime 1730363518.9353774
DEBUG 2025-01-13 22:56:51,892 autoreload File C:\Users\SIM\AppData\Roaming\Python\Python311\site-packages\django\apps\__init__.py first seen with mtime 1730363511.86104
DEBUG 2025-01-13 22:56:51,892 autoreload File C:\Users\SIM\AppData\Roaming\Python\Python311\site-packages\django\contrib\admin\views\main.py first seen with mtime 1730363514.0105746
DEBUG 2025-01-13 22:56:51,892 autoreload File C:\Users\SIM\AppData\Roaming\Python\Python311\site-packages\django\core\files\storage\memory.py first seen with mtime 1730363518.8955162
DEBUG 2025-01-13 22:56:51,892 autoreload File C:\Users\SIM\AppData\Roaming\Python\Python311\site-packages\django\utils\module_loading.py first seen with mtime 1730363519.5421522
DEBUG 2025-01-13 22:56:51,892 autoreload File C:\Users\SIM\AppData\Local\Programs\Python\Python311\Lib\logging\__init__.py first seen with mtime 1686106818.0
DEBUG 2025-01-13 22:56:51,892 autoreload File C:\Users\SIM\AppData\Local\Programs\Python\Python311\Lib\http\__init__.py first seen with mtime 1686106818.0
DEBUG 2025-01-13 22:56:51,892 autoreload File C:\Users\SIM\AppData\Roaming\Python\Python311\site-packages\django\utils\log.py first seen with mtime 1730363519.5351002
DEBUG 2025-01-13 22:56:51,892 autoreload File C:\Users\SIM\AppData\Local\Programs\Python\Python311\Lib\site-packages\psycopg2\_json.py first seen with mtime 1731581176.263129
DEBUG 2025-01-13 22:56:51,892 autoreload File C:\Users\SIM\AppData\Roaming\Python\Python311\site-packages\django\contrib\admin\templatetags\__init__.py first seen with mtime 1730363513.9955804
DEBUG 2025-01-13 22:56:51,892 autoreload File C:\Users\SIM\AppData\Local\Programs\Python\Python311\Lib\site-packages\colorama\__init__.py first seen with mtime 1686935914.822989
DEBUG 2025-01-13 22:56:51,892 autoreload File C:\Users\SIM\AppData\Roaming\Python\Python311\site-packages\django\core\signing.py first seen with mtime 1730363518.8134735
DEBUG 2025-01-13 22:56:51,892 autoreload File C:\Users\SIM\AppData\Local\Programs\Python\Python311\Lib\logging\handlers.py first seen with mtime 1686106818.0
DEBUG 2025-01-13 22:56:51,892 autoreload File C:\Users\SIM\AppData\Local\Programs\Python\Python311\Lib\html\__init__.py first seen with mtime 1686106818.0
DEBUG 2025-01-13 22:56:51,892 autoreload File C:\Users\SIM\AppData\Local\Programs\Python\Python311\Lib\lzma.py first seen with mtime 1686106818.0
DEBUG 2025-01-13 22:56:51,892 autoreload File C:\Users\SIM\AppData\Roaming\Python\Python311\site-packages\django\utils\_os.py first seen with mtime 1730363519.4856098
DEBUG 2025-01-13 22:56:51,892 autoreload File C:\Users\SIM\AppData\Roaming\Python\Python311\site-packages\django\templatetags\__init__.py first seen with mtime 1730363519.4523761
DEBUG 2025-01-13 22:56:51,892 autoreload File C:\Users\SIM\AppData\Roaming\Python\Python311\site-packages\django\template\response.py first seen with mtime 1730363519.4351766
DEBUG 2025-01-13 22:56:51,892 autoreload File C:\Users\SIM\AppData\Local\Programs\Python\Python311\Lib\email\headerregistry.py first seen with mtime 1686106818.0
DEBUG 2025-01-13 22:56:51,892 autoreload File C:\Users\SIM\AppData\Roaming\Python\Python311\site-packages\django\forms\models.py first seen with mtime 1730363519.236009
DEBUG 2025-01-13 22:56:51,892 autoreload File C:\Users\SIM\AppData\Local\Programs\Python\Python311\Lib\dis.py first seen with mtime 1686106818.0
DEBUG 2025-01-13 22:56:51,892 autoreload File C:\Users\SIM\AppData\Roaming\Python\Python311\site-packages\django\apps\config.py first seen with mtime 1730363511.862605
DEBUG 2025-01-13 22:56:51,892 autoreload File C:\Users\SIM\AppData\Local\Programs\Python\Python311\Lib\ast.py first seen with mtime 1686106818.0
DEBUG 2025-01-13 22:56:51,892 autoreload File C:\Users\SIM\AppData\Roaming\Python\Python311\site-packages\django\utils\dates.py first seen with mtime 1730363519.5096915
DEBUG 2025-01-13 22:56:51,892 autoreload File C:\Users\SIM\AppData\Roaming\Python\Python311\site-packages\django\db\models\functions\math.py first seen with mtime 1730363519.2030535
DEBUG 2025-01-13 22:56:51,892 autoreload File C:\Users\SIM\AppData\Local\Programs\Python\Python311\Lib\logging\config.py first seen with mtime 1686106818.0
DEBUG 2025-01-13 22:56:51,892 autoreload File C:\Users\SIM\AppData\Local\Programs\Python\Python311\DLLs\_hashlib.pyd first seen with mtime 1686106894.0
DEBUG 2025-01-13 22:56:51,892 autoreload File C:\Users\SIM\AppData\Roaming\Python\Python311\site-packages\sqlparse\exceptions.py first seen with mtime 1730363510.8352342
DEBUG 2025-01-13 22:56:51,892 autoreload File C:\Users\SIM\AppData\Local\Programs\Python\Python311\Lib\token.py first seen with mtime 1686106818.0
DEBUG 2025-01-13 22:56:51,892 autoreload File C:\Users\SIM\AppData\Roaming\Python\Python311\site-packages\django\contrib\admin\exceptions.py first seen with mtime 1730363512.6959162
DEBUG 2025-01-13 22:56:51,892 autoreload File C:\Users\SIM\AppData\Roaming\Python\Python311\site-packages\django\core\files\storage\filesystem.py first seen with mtime 1730363518.8861403
DEBUG 2025-01-13 22:56:51,892 autoreload File C:\Users\SIM\AppData\Local\Programs\Python\Python311\Lib\site-packages\psycopg2\__init__.py first seen with mtime 1731581176.263129
DEBUG 2025-01-13 22:56:51,892 autoreload File C:\Users\SIM\AppData\Roaming\Python\Python311\site-packages\django\core\checks\files.py first seen with mtime 1730363518.8459451
DEBUG 2025-01-13 22:56:51,892 autoreload File C:\Users\SIM\AppData\Roaming\Python\Python311\site-packages\django\template\loader_tags.py first seen with mtime 1730363519.4351766
DEBUG 2025-01-13 22:56:51,892 autoreload File C:\Users\SIM\AppData\Local\Programs\Python\Python311\Lib\site-packages\PIL\ExifTags.py first seen with mtime 1713199321.7820168
DEBUG 2025-01-13 22:56:51,892 autoreload File C:\Users\SIM\AppData\Local\Programs\Python\Python311\Lib\_weakrefset.py first seen with mtime 1686106818.0
DEBUG 2025-01-13 22:56:51,892 autoreload File C:\Users\SIM\AppData\Local\Programs\Python\Python311\DLLs\_ssl.pyd first seen with mtime 1686106894.0
DEBUG 2025-01-13 22:56:51,892 autoreload File C:\Users\SIM\AppData\Roaming\Python\Python311\site-packages\django\core\handlers\asgi.py first seen with mtime 1730363518.9017847
DEBUG 2025-01-13 22:56:51,892 autoreload File C:\Users\SIM\AppData\Roaming\Python\Python311\site-packages\django\contrib\admin\views\__init__.py first seen with mtime 1730363514.00396
DEBUG 2025-01-13 22:56:51,892 autoreload File C:\Users\SIM\AppData\Roaming\Python\Python311\site-packages\django\contrib\contenttypes\checks.py first seen with mtime 1730363515.2296836
DEBUG 2025-01-13 22:56:51,892 autoreload File C:\Users\SIM\AppData\Roaming\Python\Python311\site-packages\django\views\i18n.py first seen with mtime 1730363519.5688384
DEBUG 2025-01-13 22:56:51,892 autoreload File C:\Users\SIM\AppData\Local\Programs\Python\Python311\Lib\fnmatch.py first seen with mtime 1686106818.0
DEBUG 2025-01-13 22:56:51,892 autoreload File C:\Users\SIM\AppData\Roaming\Python\Python311\site-packages\django\core\checks\security\base.py first seen with mtime 1730363518.8617742
DEBUG 2025-01-13 22:56:51,892 autoreload File C:\Users\SIM\AppData\Roaming\Python\Python311\site-packages\django\middleware\clickjacking.py first seen with mtime 1730363519.403794
DEBUG 2025-01-13 22:56:51,892 autoreload File C:\Users\SIM\AppData\Roaming\Python\Python311\site-packages\django\db\backends\base\client.py first seen with mtime 1730363519.018852
DEBUG 2025-01-13 22:56:51,892 autoreload File C:\Users\SIM\AppData\Roaming\Python\Python311\site-packages\django\contrib\auth\base_user.py first seen with mtime 1730363514.6352322
DEBUG 2025-01-13 22:56:51,892 autoreload File C:\Users\SIM\AppData\Roaming\Python\Python311\site-packages\django\views\decorators\__init__.py first seen with mtime 1730363519.574051
DEBUG 2025-01-13 22:56:51,892 autoreload File C:\Users\SIM\AppData\Local\Programs\Python\Python311\Lib\copyreg.py first seen with mtime 1686106818.0
DEBUG 2025-01-13 22:56:51,892 autoreload File C:\Users\SIM\AppData\Local\Programs\Python\Python311\Lib\site-packages\colorama\initialise.py first seen with mtime 1686935914.822989
DEBUG 2025-01-13 22:56:51,892 autoreload File C:\Users\SIM\AppData\Roaming\Python\Python311\site-packages\django\http\__init__.py first seen with mtime 1730363519.3856273
DEBUG 2025-01-13 22:56:51,892 autoreload File C:\Users\SIM\AppData\Local\Programs\Python\Python311\Lib\site-packages\psycopg2\extensions.py first seen with mtime 1731581176.280461
DEBUG 2025-01-13 22:56:51,892 autoreload File C:\Users\SIM\AppData\Local\Programs\Python\Python311\Lib\re\_compiler.py first seen with mtime 1686106818.0
DEBUG 2025-01-13 22:56:51,892 autoreload File C:\Users\SIM\AppData\Roaming\Python\Python311\site-packages\django\utils\asyncio.py first seen with mtime 1730363519.5025089
DEBUG 2025-01-13 22:56:51,892 autoreload File C:\Users\SIM\AppData\Roaming\Python\Python311\site-packages\django\template\exceptions.py first seen with mtime 1730363519.428758
DEBUG 2025-01-13 22:56:51,892 autoreload File C:\Users\SIM\AppData\Roaming\Python\Python311\site-packages\django\utils\decorators.py first seen with mtime 1730363519.5184324
DEBUG 2025-01-13 22:56:51,892 autoreload File C:\Users\SIM\AppData\Roaming\Python\Python311\site-packages\django\contrib\auth\models.py first seen with mtime 1730363514.6519113
DEBUG 2025-01-13 22:56:51,892 autoreload File C:\Users\SIM\AppData\Local\Programs\Python\Python311\Lib\asyncio\windows_utils.py first seen with mtime 1686106818.0
DEBUG 2025-01-13 22:56:51,892 autoreload File C:\Users\SIM\AppData\Roaming\Python\Python311\site-packages\django\utils\timesince.py first seen with mtime 1730363519.5514941
DEBUG 2025-01-13 22:56:51,892 autoreload File C:\Users\SIM\AppData\Roaming\Python\Python311\site-packages\sqlparse\filters\right_margin.py first seen with mtime 1730363510.8657744
DEBUG 2025-01-13 22:56:51,892 autoreload File C:\Users\SIM\AppData\Roaming\Python\Python311\site-packages\django\core\files\base.py first seen with mtime 1730363518.8701553
DEBUG 2025-01-13 22:56:51,892 autoreload File C:\Users\SIM\AppData\Local\Programs\Python\Python311\Lib\site-packages\psycopg2\_ipaddress.py first seen with mtime 1731581176.263129
DEBUG 2025-01-13 22:56:51,892 autoreload File C:\Users\SIM\AppData\Local\Programs\Python\Python311\Lib\site-packages\colorama\ansitowin32.py first seen with mtime 1686935914.822989
DEBUG 2025-01-13 22:56:51,892 autoreload File C:\Users\SIM\AppData\Roaming\Python\Python311\site-packages\django\contrib\admin\sites.py first seen with mtime 1730363512.7042537
DEBUG 2025-01-13 22:56:51,892 autoreload File C:\Users\SIM\AppData\Local\Programs\Python\Python311\Lib\ctypes\_endian.py first seen with mtime 1686106818.0
DEBUG 2025-01-13 22:56:51,892 autoreload File C:\Users\SIM\AppData\Roaming\Python\Python311\site-packages\django\db\backends\base\schema.py first seen with mtime 1730363519.02519
DEBUG 2025-01-13 22:56:51,892 autoreload File C:\Users\SIM\AppData\Local\Programs\Python\Python311\Lib\concurrent\futures\__init__.py first seen with mtime 1686106818.0
DEBUG 2025-01-13 22:56:51,892 autoreload File C:\Users\SIM\AppData\Roaming\Python\Python311\site-packages\django\contrib\sites\shortcuts.py first seen with mtime 1730363518.352321
DEBUG 2025-01-13 22:56:51,892 autoreload File C:\Users\SIM\AppData\Local\Programs\Python\Python311\Lib\encodings\utf_8.py first seen with mtime 1686106818.0
DEBUG 2025-01-13 22:56:51,892 autoreload File C:\Users\SIM\AppData\Roaming\Python\Python311\site-packages\django\urls\utils.py first seen with mtime 1730363519.4856098
DEBUG 2025-01-13 22:56:51,900 autoreload File C:\Users\SIM\AppData\Roaming\Python\Python311\site-packages\sqlparse\filters\aligned_indent.py first seen with mtime 1730363510.8522604
DEBUG 2025-01-13 22:56:51,900 autoreload File C:\Users\SIM\AppData\Roaming\Python\Python311\site-packages\django\templatetags\static.py first seen with mtime 1730363519.4684384
DEBUG 2025-01-13 22:56:51,900 autoreload File C:\Users\SIM\AppData\Local\Programs\Python\Python311\Lib\zoneinfo\_common.py first seen with mtime 1686106818.0
DEBUG 2025-01-13 22:56:51,900 autoreload File C:\Users\SIM\AppData\Roaming\Python\Python311\site-packages\django\views\generic\detail.py first seen with mtime 1730363519.5854342
DEBUG 2025-01-13 22:56:51,900 autoreload File C:\Users\SIM\AppData\Roaming\Python\Python311\site-packages\django\contrib\messages\api.py first seen with mtime 1730363517.005663
DEBUG 2025-01-13 22:56:51,900 autoreload File C:\Users\SIM\AppData\Roaming\Python\Python311\site-packages\django\views\__init__.py first seen with mtime 1730363519.5659022
DEBUG 2025-01-13 22:56:51,900 autoreload File C:\Users\SIM\AppData\Roaming\Python\Python311\site-packages\django\contrib\contenttypes\admin.py first seen with mtime 1730363515.2296836
DEBUG 2025-01-13 22:56:51,900 autoreload File C:\Users\SIM\AppData\Local\Programs\Python\Python311\Lib\email\contentmanager.py first seen with mtime 1686106818.0
DEBUG 2025-01-13 22:56:51,900 autoreload File C:\Users\SIM\AppData\Local\Programs\Python\Python311\Lib\email\parser.py first seen with mtime 1686106818.0
DEBUG 2025-01-13 22:56:51,900 autoreload File C:\Users\SIM\AppData\Local\Programs\Python\Python311\Lib\asyncio\events.py first seen with mtime 1686106818.0
DEBUG 2025-01-13 22:56:51,900 autoreload File C:\Users\SIM\AppData\Local\Programs\Python\Python311\Lib\urllib\request.py first seen with mtime 1686106818.0
DEBUG 2025-01-13 22:56:51,900 autoreload File C:\Users\SIM\AppData\Roaming\Python\Python311\site-packages\django\db\backends\__init__.py first seen with mtime 1730363519.008809
DEBUG 2025-01-13 22:56:51,900 autoreload File C:\Users\SIM\AppData\Roaming\Python\Python311\site-packages\django\core\servers\__init__.py first seen with mtime 1730363519.000327
DEBUG 2025-01-13 22:56:51,900 autoreload File C:\Users\SIM\AppData\Local\Programs\Python\Python311\Lib\socketserver.py first seen with mtime 1686106818.0
DEBUG 2025-01-13 22:56:51,900 autoreload File C:\Users\SIM\AppData\Roaming\Python\Python311\site-packages\asgiref\__init__.py first seen with mtime 1730363511.5413363
DEBUG 2025-01-13 22:56:51,900 autoreload File C:\Users\SIM\AppData\Local\Programs\Python\Python311\Lib\email\mime\multipart.py first seen with mtime 1686106818.0
DEBUG 2025-01-13 22:56:51,900 autoreload File C:\Users\SIM\AppData\Roaming\Python\Python311\site-packages\django\contrib\auth\apps.py first seen with mtime 1730363514.6305225
DEBUG 2025-01-13 22:56:51,900 autoreload File C:\Users\SIM\AppData\Roaming\Python\Python311\site-packages\django\template\loaders\base.py first seen with mtime 1730363519.4523761
DEBUG 2025-01-13 22:56:51,900 autoreload File C:\Users\SIM\AppData\Local\Programs\Python\Python311\Lib\wsgiref\util.py first seen with mtime 1686106818.0
DEBUG 2025-01-13 22:56:51,900 autoreload File C:\Users\SIM\AppData\Roaming\Python\Python311\site-packages\django\db\models\functions\mixins.py first seen with mtime 1730363519.2030535
DEBUG 2025-01-13 22:56:51,900 autoreload File C:\Users\SIM\AppData\Roaming\Python\Python311\site-packages\django\db\models\expressions.py first seen with mtime 1730363519.16236
DEBUG 2025-01-13 22:56:51,900 autoreload File C:\Users\SIM\AppData\Roaming\Python\Python311\site-packages\django\contrib\admin\actions.py first seen with mtime 1730363512.6853182
DEBUG 2025-01-13 22:56:51,900 autoreload File C:\Users\SIM\AppData\Roaming\Python\Python311\site-packages\django\db\backends\signals.py first seen with mtime 1730363519.0159185
DEBUG 2025-01-13 22:56:51,900 autoreload File C:\Users\SIM\AppData\Local\Programs\Python\Python311\Lib\asyncio\log.py first seen with mtime 1686106818.0
DEBUG 2025-01-13 22:56:51,900 autoreload File C:\Users\SIM\AppData\Roaming\Python\Python311\site-packages\django\db\backends\base\base.py first seen with mtime 1730363519.018852
DEBUG 2025-01-13 22:56:51,900 autoreload File C:\Users\SIM\AppData\Roaming\Python\Python311\site-packages\django\views\generic\edit.py first seen with mtime 1730363519.5854342
DEBUG 2025-01-13 22:56:51,900 autoreload File C:\Users\SIM\AppData\Local\Programs\Python\Python311\Lib\re\_constants.py first seen with mtime 1686106818.0
DEBUG 2025-01-13 22:56:51,900 autoreload File C:\Users\SIM\AppData\Local\Programs\Python\Python311\Lib\string.py first seen with mtime 1686106818.0
DEBUG 2025-01-13 22:56:51,903 autoreload File C:\Users\SIM\AppData\Roaming\Python\Python311\site-packages\django\core\management\commands\runserver.py first seen with mtime 1730363518.9687588
DEBUG 2025-01-13 22:56:51,903 autoreload File C:\Users\SIM\AppData\Local\Programs\Python\Python311\Lib\email\feedparser.py first seen with mtime 1686106818.0
DEBUG 2025-01-13 22:56:51,903 autoreload File C:\Users\SIM\AppData\Roaming\Python\Python311\site-packages\django\core\files\uploadedfile.py first seen with mtime 1730363518.878176
DEBUG 2025-01-13 22:56:51,903 autoreload File C:\Users\SIM\AppData\Roaming\Python\Python311\site-packages\django\core\checks\security\csrf.py first seen with mtime 1730363518.8617742
DEBUG 2025-01-13 22:56:51,903 autoreload File C:\Users\SIM\AppData\Roaming\Python\Python311\site-packages\django\db\__init__.py first seen with mtime 1730363519.008809
DEBUG 2025-01-13 22:56:51,903 autoreload File C:\Users\SIM\AppData\Roaming\Python\Python311\site-packages\django\db\models\fields\mixins.py first seen with mtime 1730363519.1857815
DEBUG 2025-01-13 22:56:51,903 autoreload File C:\Users\SIM\AppData\Local\Programs\Python\Python311\DLLs\_overlapped.pyd first seen with mtime 1686106894.0
DEBUG 2025-01-13 22:56:51,903 autoreload File C:\Users\SIM\AppData\Roaming\Python\Python311\site-packages\django\contrib\sessions\models.py first seen with mtime 1730363517.768443
DEBUG 2025-01-13 22:56:51,903 autoreload File C:\Users\SIM\Desktop\DJANGO\Proiect1\aplicatie\__init__.py first seen with mtime 1730938752.565714
DEBUG 2025-01-13 22:56:51,903 autoreload File C:\Users\SIM\AppData\Roaming\Python\Python311\site-packages\django\utils\connection.py first seen with mtime 1730363519.5025089
DEBUG 2025-01-13 22:56:51,903 autoreload File C:\Users\SIM\AppData\Roaming\Python\Python311\site-packages\django\template\engine.py first seen with mtime 1730363519.428758
DEBUG 2025-01-13 22:56:51,903 autoreload File C:\Users\SIM\AppData\Roaming\Python\Python311\site-packages\django\utils\datastructures.py first seen with mtime 1730363519.5096915
DEBUG 2025-01-13 22:56:51,903 autoreload File C:\Users\SIM\AppData\Local\Programs\Python\Python311\Lib\mimetypes.py first seen with mtime 1686106818.0
DEBUG 2025-01-13 22:56:51,903 autoreload File C:\Users\SIM\AppData\Roaming\Python\Python311\site-packages\django\forms\renderers.py first seen with mtime 1730363519.24311
DEBUG 2025-01-13 22:56:51,903 autoreload File C:\Users\SIM\AppData\Local\Programs\Python\Python311\Lib\re\__init__.py first seen with mtime 1686106818.0
DEBUG 2025-01-13 22:56:51,903 autoreload File C:\Users\SIM\AppData\Roaming\Python\Python311\site-packages\django\views\static.py first seen with mtime 1730363519.5688384
DEBUG 2025-01-13 22:56:51,903 autoreload File C:\Users\SIM\AppData\Roaming\Python\Python311\site-packages\django\contrib\auth\decorators.py first seen with mtime 1730363514.6418157
DEBUG 2025-01-13 22:56:51,903 autoreload File C:\Users\SIM\AppData\Roaming\Python\Python311\site-packages\django\db\models\deletion.py first seen with mtime 1730363519.1527572
DEBUG 2025-01-13 22:56:51,903 autoreload File C:\Users\SIM\AppData\Local\Programs\Python\Python311\Lib\struct.py first seen with mtime 1686106818.0
DEBUG 2025-01-13 22:56:51,903 autoreload File C:\Users\SIM\AppData\Local\Programs\Python\Python311\Lib\base64.py first seen with mtime 1686106818.0
DEBUG 2025-01-13 22:56:51,903 autoreload File C:\Users\SIM\AppData\Roaming\Python\Python311\site-packages\django\contrib\admin\models.py first seen with mtime 1730363512.7042537
DEBUG 2025-01-13 22:56:51,903 autoreload File C:\Users\SIM\AppData\Local\Programs\Python\Python311\Lib\http\server.py first seen with mtime 1686106818.0
DEBUG 2025-01-13 22:56:51,903 autoreload File C:\Users\SIM\AppData\Roaming\Python\Python311\site-packages\django\core\cache\backends\base.py first seen with mtime 1730363518.8194945
DEBUG 2025-01-13 22:56:51,903 autoreload File C:\Users\SIM\AppData\Local\Programs\Python\Python311\Lib\argparse.py first seen with mtime 1686106818.0
DEBUG 2025-01-13 22:56:51,903 autoreload File C:\Users\SIM\AppData\Roaming\Python\Python311\site-packages\django\core\wsgi.py first seen with mtime 1730363518.8134735
DEBUG 2025-01-13 22:56:51,903 autoreload File C:\Users\SIM\AppData\Local\Programs\Python\Python311\Lib\collections\abc.py first seen with mtime 1686106818.0
DEBUG 2025-01-13 22:56:51,903 autoreload File C:\Users\SIM\Desktop\DJANGO\Proiect1\aplicatie_exemplu\templates\adaugare_pizza.html first seen with mtime 1733405406.4156568
DEBUG 2025-01-13 22:56:51,903 autoreload File C:\Users\SIM\Desktop\DJANGO\Proiect1\aplicatie_exemplu\templates\adauga_promotie.html first seen with mtime 1734456694.1470876
DEBUG 2025-01-13 22:56:51,903 autoreload File C:\Users\SIM\Desktop\DJANGO\Proiect1\aplicatie_exemplu\templates\articole.html first seen with mtime 1732145058.6291988
DEBUG 2025-01-13 22:56:51,903 autoreload File C:\Users\SIM\Desktop\DJANGO\Proiect1\aplicatie_exemplu\templates\confirmare_email.html first seen with mtime 1734452863.3257353
DEBUG 2025-01-13 22:56:51,903 autoreload File C:\Users\SIM\Desktop\DJANGO\Proiect1\aplicatie_exemplu\templates\contact.html first seen with mtime 1733402852.2961094
DEBUG 2025-01-13 22:56:51,903 autoreload File C:\Users\SIM\Desktop\DJANGO\Proiect1\aplicatie_exemplu\templates\detalii_pizza.html first seen with mtime 1734458480.7238045
DEBUG 2025-01-13 22:56:51,903 autoreload File C:\Users\SIM\Desktop\DJANGO\Proiect1\aplicatie_exemplu\templates\email_promotie_meniu_seara.txt first seen with mtime 1736791277.0101433
DEBUG 2025-01-13 22:56:51,903 autoreload File C:\Users\SIM\Desktop\DJANGO\Proiect1\aplicatie_exemplu\templates\email_promotie_meniu_zi.txt first seen with mtime 1736790103.468267
DEBUG 2025-01-13 22:56:51,903 autoreload File C:\Users\SIM\Desktop\DJANGO\Proiect1\aplicatie_exemplu\templates\email_template.html first seen with mtime 1734453007.0543363
DEBUG 2025-01-13 22:56:51,903 autoreload File C:\Users\SIM\Desktop\DJANGO\Proiect1\aplicatie_exemplu\templates\inregistrare.html first seen with mtime 1734015717.9268386
DEBUG 2025-01-13 22:56:51,903 autoreload File C:\Users\SIM\Desktop\DJANGO\Proiect1\aplicatie_exemplu\templates\lista_promotii.html first seen with mtime 1734456694.2244902
DEBUG 2025-01-13 22:56:51,903 autoreload File C:\Users\SIM\Desktop\DJANGO\Proiect1\aplicatie_exemplu\templates\login.html first seen with mtime 1733880649.4997177
DEBUG 2025-01-13 22:56:51,903 autoreload File C:\Users\SIM\Desktop\DJANGO\Proiect1\aplicatie_exemplu\templates\mesaj_trimis.html first seen with mtime 1733403385.7844315
DEBUG 2025-01-13 22:56:51,903 autoreload File C:\Users\SIM\Desktop\DJANGO\Proiect1\aplicatie_exemplu\templates\password_change.html first seen with mtime 1734016886.585492
DEBUG 2025-01-13 22:56:51,903 autoreload File C:\Users\SIM\Desktop\DJANGO\Proiect1\aplicatie_exemplu\templates\password_change_done.html first seen with mtime 1734017321.539737
DEBUG 2025-01-13 22:56:51,903 autoreload File C:\Users\SIM\Desktop\DJANGO\Proiect1\aplicatie_exemplu\templates\pizzas.html first seen with mtime 1734458567.7909873
DEBUG 2025-01-13 22:56:51,903 autoreload File C:\Users\SIM\Desktop\DJANGO\Proiect1\aplicatie_exemplu\templates\prajituri.html first seen with mtime 1733249306.3769193
DEBUG 2025-01-13 22:56:51,903 autoreload File C:\Users\SIM\Desktop\DJANGO\Proiect1\aplicatie_exemplu\templates\profile.html first seen with mtime 1734016886.5941782
DEBUG 2025-01-13 22:56:51,908 autoreload File C:\Users\SIM\Desktop\DJANGO\Proiect1\aplicatie\templates\operatii.html first seen with mtime 1731591295.788468
DEBUG 2025-01-13 22:56:51,908 utils (0.000) 
            SELECT
                c.relname,
                CASE
                    WHEN c.relispartition THEN 'p'
                    WHEN c.relkind IN ('m', 'v') THEN 'v'
                    ELSE 't'
                END,
                obj_description(c.oid, 'pg_class')
            FROM pg_catalog.pg_class c
            LEFT JOIN pg_catalog.pg_namespace n ON n.oid = c.relnamespace
            WHERE c.relkind IN ('f', 'm', 'p', 'r', 'v')
                AND n.nspname NOT IN ('pg_catalog', 'pg_toast')
                AND pg_catalog.pg_table_is_visible(c.oid)
        ; args=None; alias=default
DEBUG 2025-01-13 22:56:51,908 utils (0.000) SELECT "django_migrations"."id", "django_migrations"."app", "django_migrations"."name", "django_migrations"."applied" FROM "django_migrations"; args=(); alias=default
DEBUG 2025-01-13 22:56:53,025 autoreload File C:\Users\SIM\AppData\Roaming\Python\Python311\site-packages\django\contrib\auth\migrations\0007_alter_validators_add_error_messages.py first seen with mtime 1730363515.2055457
DEBUG 2025-01-13 22:56:53,025 autoreload File C:\Users\SIM\AppData\Roaming\Python\Python311\site-packages\django\contrib\auth\migrations\0002_alter_permission_name_max_length.py first seen with mtime 1730363515.2019997
DEBUG 2025-01-13 22:56:53,025 autoreload File C:\Users\SIM\AppData\Roaming\Python\Python311\site-packages\django\db\migrations\graph.py first seen with mtime 1730363519.1217487
DEBUG 2025-01-13 22:56:53,025 autoreload File C:\Users\SIM\Desktop\DJANGO\Proiect1\aplicatie_exemplu\migrations\0001_initial.py first seen with mtime 1733881962.020991
DEBUG 2025-01-13 22:56:53,025 autoreload File C:\Users\SIM\AppData\Local\Programs\Python\Python311\Lib\site-packages\PIL\_util.py first seen with mtime 1713199322.0304856
DEBUG 2025-01-13 22:56:53,025 autoreload File C:\Users\SIM\AppData\Roaming\Python\Python311\site-packages\django\contrib\auth\migrations\0001_initial.py first seen with mtime 1730363515.1973174
DEBUG 2025-01-13 22:56:53,025 autoreload File C:\Users\SIM\AppData\Roaming\Python\Python311\site-packages\django\contrib\auth\migrations\0003_alter_user_email_max_length.py first seen with mtime 1730363515.2026243
DEBUG 2025-01-13 22:56:53,025 autoreload File C:\Users\SIM\AppData\Roaming\Python\Python311\site-packages\django\contrib\admin\migrations\0001_initial.py first seen with mtime 1730363513.645662
DEBUG 2025-01-13 22:56:53,025 autoreload File C:\Users\SIM\AppData\Roaming\Python\Python311\site-packages\django\contrib\contenttypes\migrations\0002_remove_content_type_name.py first seen with mtime 1730363515.6521795
DEBUG 2025-01-13 22:56:53,025 autoreload File C:\Users\SIM\AppData\Roaming\Python\Python311\site-packages\django\contrib\auth\migrations\0008_alter_user_username_max_length.py first seen with mtime 1730363515.2055457
DEBUG 2025-01-13 22:56:53,025 autoreload File C:\Users\SIM\Desktop\DJANGO\Proiect1\aplicatie_exemplu\migrations\__init__.py first seen with mtime 1732801320.7642558
DEBUG 2025-01-13 22:56:53,025 autoreload File C:\Users\SIM\AppData\Local\Programs\Python\Python311\Lib\site-packages\PIL\_typing.py first seen with mtime 1713199322.0304856
DEBUG 2025-01-13 22:56:53,025 autoreload File C:\Users\SIM\AppData\Roaming\Python\Python311\site-packages\django\contrib\auth\migrations\__init__.py first seen with mtime 1730363515.2186658
DEBUG 2025-01-13 22:56:53,025 autoreload File C:\Users\SIM\Desktop\DJANGO\Proiect1\aplicatie_exemplu\migrations\0004_customuser_adresa_customuser_data_nasterii_and_more.py first seen with mtime 1734016340.0623882
DEBUG 2025-01-13 22:56:53,034 autoreload File C:\Users\SIM\AppData\Roaming\Python\Python311\site-packages\django\contrib\admin\migrations\0002_logentry_remove_auto_add.py first seen with mtime 1730363513.652066
DEBUG 2025-01-13 22:56:53,034 autoreload File C:\Users\SIM\AppData\Roaming\Python\Python311\site-packages\django\contrib\auth\migrations\0011_update_proxy_permissions.py first seen with mtime 1730363515.2135768
DEBUG 2025-01-13 22:56:53,034 autoreload File C:\Users\SIM\Desktop\DJANGO\Proiect1\aplicatie_exemplu\migrations\0006_promotie_vizualizari.py first seen with mtime 1734456698.5619638
DEBUG 2025-01-13 22:56:53,034 autoreload File C:\Users\SIM\AppData\Roaming\Python\Python311\site-packages\django\contrib\sessions\migrations\0001_initial.py first seen with mtime 1730363518.3192728
DEBUG 2025-01-13 22:56:53,034 autoreload File C:\Users\SIM\AppData\Roaming\Python\Python311\site-packages\django\contrib\auth\migrations\0012_alter_user_first_name_max_length.py first seen with mtime 1730363515.2186658
DEBUG 2025-01-13 22:56:53,034 autoreload File C:\Users\SIM\AppData\Local\Programs\Python\Python311\Lib\encodings\idna.py first seen with mtime 1686106818.0
DEBUG 2025-01-13 22:56:53,034 autoreload File C:\Users\SIM\Desktop\DJANGO\Proiect1\Proiect1\wsgi.py first seen with mtime 1730907575.288558
DEBUG 2025-01-13 22:56:53,034 autoreload File C:\Users\SIM\AppData\Roaming\Python\Python311\site-packages\django\contrib\contenttypes\migrations\0001_initial.py first seen with mtime 1730363515.6521795
DEBUG 2025-01-13 22:56:53,034 autoreload File C:\Users\SIM\AppData\Roaming\Python\Python311\site-packages\django\contrib\admin\migrations\__init__.py first seen with mtime 1730363513.652066
DEBUG 2025-01-13 22:56:53,034 autoreload File C:\Users\SIM\AppData\Roaming\Python\Python311\site-packages\django\db\migrations\recorder.py first seen with mtime 1730363519.1302652
DEBUG 2025-01-13 22:56:53,034 autoreload File C:\Users\SIM\Desktop\DJANGO\Proiect1\aplicatie_exemplu\migrations\0005_customuser_cod_customuser_email_confirmat.py first seen with mtime 1734452382.3271067
DEBUG 2025-01-13 22:56:53,034 autoreload File C:\Users\SIM\AppData\Roaming\Python\Python311\site-packages\django\db\models\sql\compiler.py first seen with mtime 1730363519.2111301
DEBUG 2025-01-13 22:56:53,034 autoreload File C:\Users\SIM\AppData\Local\Programs\Python\Python311\Lib\site-packages\PIL\_binary.py first seen with mtime 1713199321.9274669
DEBUG 2025-01-13 22:56:53,034 autoreload File C:\Users\SIM\AppData\Roaming\Python\Python311\site-packages\django\views\csrf.py first seen with mtime 1730363519.5659022
DEBUG 2025-01-13 22:56:53,034 autoreload File C:\Users\SIM\AppData\Roaming\Python\Python311\site-packages\django\contrib\sessions\migrations\__init__.py first seen with mtime 1730363518.3192728
DEBUG 2025-01-13 22:56:53,034 autoreload File C:\Users\SIM\AppData\Roaming\Python\Python311\site-packages\django\conf\urls\__init__.py first seen with mtime 1730363512.6716802
DEBUG 2025-01-13 22:56:53,034 autoreload File C:\Users\SIM\AppData\Local\Programs\Python\Python311\Lib\site-packages\PIL\TiffTags.py first seen with mtime 1713199321.914797
DEBUG 2025-01-13 22:56:53,034 autoreload File C:\Users\SIM\AppData\Roaming\Python\Python311\site-packages\django\contrib\contenttypes\migrations\__init__.py first seen with mtime 1730363515.6521795
DEBUG 2025-01-13 22:56:53,034 autoreload File C:\Users\SIM\AppData\Local\Programs\Python\Python311\Lib\stringprep.py first seen with mtime 1686106818.0
DEBUG 2025-01-13 22:56:53,034 autoreload File C:\Users\SIM\AppData\Roaming\Python\Python311\site-packages\django\contrib\auth\migrations\0009_alter_user_last_name_max_length.py first seen with mtime 1730363515.2135768
DEBUG 2025-01-13 22:56:53,034 autoreload File C:\Users\SIM\AppData\Roaming\Python\Python311\site-packages\django\contrib\auth\migrations\0005_alter_user_last_login_null.py first seen with mtime 1730363515.2055457
DEBUG 2025-01-13 22:56:53,034 autoreload File C:\Users\SIM\AppData\Roaming\Python\Python311\site-packages\django\contrib\auth\migrations\0010_alter_group_name_max_length.py first seen with mtime 1730363515.2135768
DEBUG 2025-01-13 22:56:53,034 autoreload File C:\Users\SIM\AppData\Roaming\Python\Python311\site-packages\django\core\cache\backends\locmem.py first seen with mtime 1730363518.8295124
DEBUG 2025-01-13 22:56:53,034 autoreload File C:\Users\SIM\AppData\Roaming\Python\Python311\site-packages\django\contrib\admin\migrations\0003_logentry_add_action_flag_choices.py first seen with mtime 1730363513.652066
DEBUG 2025-01-13 22:56:53,042 autoreload File C:\Users\SIM\Desktop\DJANGO\Proiect1\aplicatie_exemplu\migrations\0003_remove_customuser_test_field.py first seen with mtime 1733883270.4782133
DEBUG 2025-01-13 22:56:53,042 autoreload File C:\Users\SIM\AppData\Local\Programs\Python\Python311\Lib\site-packages\PIL\_imaging.cp311-win_amd64.pyd first seen with mtime 1713199321.964252
DEBUG 2025-01-13 22:56:53,042 autoreload File C:\Users\SIM\Desktop\DJANGO\Proiect1\aplicatie_exemplu\migrations\0002_customuser_test_field.py first seen with mtime 1733882372.8594377
DEBUG 2025-01-13 22:56:53,042 autoreload File C:\Users\SIM\AppData\Roaming\Python\Python311\site-packages\django\contrib\auth\migrations\0004_alter_user_username_opts.py first seen with mtime 1730363515.2035208
DEBUG 2025-01-13 22:56:53,042 autoreload File C:\Users\SIM\AppData\Roaming\Python\Python311\site-packages\django\contrib\sessions\backends\db.py first seen with mtime 1730363517.772861
DEBUG 2025-01-13 22:56:53,042 autoreload File C:\Users\SIM\AppData\Roaming\Python\Python311\site-packages\django\db\migrations\loader.py first seen with mtime 1730363519.1217487
DEBUG 2025-01-13 22:56:53,042 autoreload File C:\Users\SIM\AppData\Roaming\Python\Python311\site-packages\django\views\defaults.py first seen with mtime 1730363519.5688384
DEBUG 2025-01-13 22:56:53,042 autoreload File C:\Users\SIM\AppData\Roaming\Python\Python311\site-packages\django\db\migrations\executor.py first seen with mtime 1730363519.1192303
DEBUG 2025-01-13 22:56:53,042 autoreload File C:\Users\SIM\AppData\Roaming\Python\Python311\site-packages\django\contrib\auth\migrations\0006_require_contenttypes_0002.py first seen with mtime 1730363515.2055457
DEBUG 2025-01-13 23:04:36,009 autoreload File C:\Users\SIM\Desktop\DJANGO\Proiect1\aplicatie_exemplu\forms.py previous mtime: 1736799755.31205, current mtime: 1736802275.2053216
DEBUG 2025-01-13 23:04:36,020 autoreload C:\Users\SIM\Desktop\DJANGO\Proiect1\aplicatie_exemplu\forms.py notified as changed. Signal results: [(<function template_changed at 0x0000020D919E0900>, None), (<function translation_file_changed at 0x0000020D929C5760>, None)].
INFO 2025-01-13 23:04:36,020 autoreload C:\Users\SIM\Desktop\DJANGO\Proiect1\aplicatie_exemplu\forms.py changed, reloading.
INFO 2025-01-13 23:04:37,215 autoreload Watching for file changes with StatReloader
DEBUG 2025-01-13 23:04:37,215 autoreload Waiting for apps ready_event.
DEBUG 2025-01-13 23:04:37,305 autoreload Apps ready_event triggered. Sending autoreload_started signal.
DEBUG 2025-01-13 23:04:37,314 autoreload Watching dir C:\Users\SIM\Desktop\DJANGO\Proiect1\aplicatie_exemplu\templates with glob **/*.
DEBUG 2025-01-13 23:04:37,314 autoreload Watching dir C:\Users\SIM\Desktop\DJANGO\Proiect1\aplicatie\templates with glob **/*.
DEBUG 2025-01-13 23:04:37,314 autoreload Watching dir C:\Users\SIM\Desktop\DJANGO\Proiect1\locale with glob **/*.mo.
DEBUG 2025-01-13 23:04:37,321 autoreload Watching dir C:\Users\SIM\Desktop\DJANGO\Proiect1\aplicatie_exemplu\locale with glob **/*.mo.
DEBUG 2025-01-13 23:04:37,467 utils (0.016) 
            SELECT
                c.relname,
                CASE
                    WHEN c.relispartition THEN 'p'
                    WHEN c.relkind IN ('m', 'v') THEN 'v'
                    ELSE 't'
                END,
                obj_description(c.oid, 'pg_class')
            FROM pg_catalog.pg_class c
            LEFT JOIN pg_catalog.pg_namespace n ON n.oid = c.relnamespace
            WHERE c.relkind IN ('f', 'm', 'p', 'r', 'v')
                AND n.nspname NOT IN ('pg_catalog', 'pg_toast')
                AND pg_catalog.pg_table_is_visible(c.oid)
        ; args=None; alias=default
DEBUG 2025-01-13 23:04:37,468 utils (0.000) SELECT "django_migrations"."id", "django_migrations"."app", "django_migrations"."name", "django_migrations"."applied" FROM "django_migrations"; args=(); alias=default
DEBUG 2025-01-13 23:04:37,484 autoreload File C:\Users\SIM\AppData\Roaming\Python\Python311\site-packages\django\core\files\storage\handler.py first seen with mtime 1730363518.8941734
DEBUG 2025-01-13 23:04:37,484 autoreload File C:\Users\SIM\AppData\Roaming\Python\Python311\site-packages\django\contrib\admin\sites.py first seen with mtime 1730363512.7042537
DEBUG 2025-01-13 23:04:37,484 autoreload File C:\Users\SIM\AppData\Local\Programs\Python\Python311\Lib\mimetypes.py first seen with mtime 1686106818.0
DEBUG 2025-01-13 23:04:37,484 autoreload File C:\Users\SIM\AppData\Roaming\Python\Python311\site-packages\django\db\migrations\state.py first seen with mtime 1730363519.1302652
DEBUG 2025-01-13 23:04:37,484 autoreload File C:\Users\SIM\AppData\Local\Programs\Python\Python311\Lib\http\__init__.py first seen with mtime 1686106818.0
DEBUG 2025-01-13 23:04:37,484 autoreload File C:\Users\SIM\AppData\Roaming\Python\Python311\site-packages\django\db\backends\postgresql\__init__.py first seen with mtime 1730363519.073951
DEBUG 2025-01-13 23:04:37,484 autoreload File C:\Users\SIM\AppData\Roaming\Python\Python311\site-packages\sqlparse\engine\grouping.py first seen with mtime 1730363510.851671
DEBUG 2025-01-13 23:04:37,484 autoreload File C:\Users\SIM\AppData\Local\Programs\Python\Python311\Lib\graphlib.py first seen with mtime 1686106818.0
DEBUG 2025-01-13 23:04:37,484 autoreload File C:\Users\SIM\AppData\Local\Programs\Python\Python311\Lib\asyncio\protocols.py first seen with mtime 1686106818.0
DEBUG 2025-01-13 23:04:37,484 autoreload File C:\Users\SIM\AppData\Local\Programs\Python\Python311\Lib\email\feedparser.py first seen with mtime 1686106818.0
DEBUG 2025-01-13 23:04:37,484 autoreload File C:\Users\SIM\AppData\Local\Programs\Python\Python311\Lib\lzma.py first seen with mtime 1686106818.0
DEBUG 2025-01-13 23:04:37,484 autoreload File C:\Users\SIM\AppData\Roaming\Python\Python311\site-packages\django\utils\timezone.py first seen with mtime 1730363519.5518892
DEBUG 2025-01-13 23:04:37,484 autoreload File C:\Users\SIM\AppData\Roaming\Python\Python311\site-packages\django\contrib\auth\apps.py first seen with mtime 1730363514.6305225
DEBUG 2025-01-13 23:04:37,484 autoreload File C:\Users\SIM\AppData\Roaming\Python\Python311\site-packages\django\contrib\auth\hashers.py first seen with mtime 1730363514.6469238
DEBUG 2025-01-13 23:04:37,484 autoreload File C:\Users\SIM\AppData\Local\Programs\Python\Python311\Lib\token.py first seen with mtime 1686106818.0
DEBUG 2025-01-13 23:04:37,484 autoreload File C:\Users\SIM\AppData\Roaming\Python\Python311\site-packages\django\http\multipartparser.py first seen with mtime 1730363519.3856273
DEBUG 2025-01-13 23:04:37,484 autoreload File C:\Users\SIM\AppData\Local\Programs\Python\Python311\Lib\site-packages\psycopg2\_ipaddress.py first seen with mtime 1731581176.263129
DEBUG 2025-01-13 23:04:37,484 autoreload File C:\Users\SIM\AppData\Roaming\Python\Python311\site-packages\django\db\models\functions\math.py first seen with mtime 1730363519.2030535
DEBUG 2025-01-13 23:04:37,484 autoreload File C:\Users\SIM\AppData\Roaming\Python\Python311\site-packages\django\urls\__init__.py first seen with mtime 1730363519.4856098
DEBUG 2025-01-13 23:04:37,484 autoreload File C:\Users\SIM\AppData\Roaming\Python\Python311\site-packages\django\db\migrations\operations\models.py first seen with mtime 1730363519.1384592
DEBUG 2025-01-13 23:04:37,484 autoreload File C:\Users\SIM\AppData\Roaming\Python\Python311\site-packages\django\utils\_os.py first seen with mtime 1730363519.4856098
DEBUG 2025-01-13 23:04:37,484 autoreload File C:\Users\SIM\AppData\Roaming\Python\Python311\site-packages\django\views\generic\list.py first seen with mtime 1730363519.5854342
DEBUG 2025-01-13 23:04:37,484 autoreload File C:\Users\SIM\AppData\Roaming\Python\Python311\site-packages\asgiref\local.py first seen with mtime 1730363511.5493543
DEBUG 2025-01-13 23:04:37,484 autoreload File C:\Users\SIM\AppData\Roaming\Python\Python311\site-packages\django\forms\formsets.py first seen with mtime 1730363519.236009
DEBUG 2025-01-13 23:04:37,484 autoreload File C:\Users\SIM\AppData\Roaming\Python\Python311\site-packages\django\contrib\messages\middleware.py first seen with mtime 1730363517.0118935
DEBUG 2025-01-13 23:04:37,484 autoreload File C:\Users\SIM\AppData\Roaming\Python\Python311\site-packages\django\views\debug.py first seen with mtime 1730363519.5685668
DEBUG 2025-01-13 23:04:37,484 autoreload File C:\Users\SIM\AppData\Roaming\Python\Python311\site-packages\django\db\backends\postgresql\client.py first seen with mtime 1730363519.073951
DEBUG 2025-01-13 23:04:37,484 autoreload File C:\Users\SIM\AppData\Local\Programs\Python\Python311\Lib\glob.py first seen with mtime 1686106818.0
DEBUG 2025-01-13 23:04:37,484 autoreload File C:\Users\SIM\AppData\Local\Programs\Python\Python311\DLLs\_ssl.pyd first seen with mtime 1686106894.0
DEBUG 2025-01-13 23:04:37,484 autoreload File C:\Users\SIM\AppData\Roaming\Python\Python311\site-packages\django\core\management\color.py first seen with mtime 1730363518.9344106
DEBUG 2025-01-13 23:04:37,484 autoreload File C:\Users\SIM\AppData\Local\Programs\Python\Python311\Lib\asyncio\base_subprocess.py first seen with mtime 1686106818.0
DEBUG 2025-01-13 23:04:37,484 autoreload File C:\Users\SIM\AppData\Roaming\Python\Python311\site-packages\django\core\files\uploadedfile.py first seen with mtime 1730363518.878176
DEBUG 2025-01-13 23:04:37,484 autoreload File C:\Users\SIM\AppData\Roaming\Python\Python311\site-packages\django\views\i18n.py first seen with mtime 1730363519.5688384
DEBUG 2025-01-13 23:04:37,484 autoreload File C:\Users\SIM\AppData\Roaming\Python\Python311\site-packages\django\db\migrations\utils.py first seen with mtime 1730363519.1358416
DEBUG 2025-01-13 23:04:37,484 autoreload File C:\Users\SIM\AppData\Roaming\Python\Python311\site-packages\django\db\backends\base\schema.py first seen with mtime 1730363519.02519
DEBUG 2025-01-13 23:04:37,484 autoreload File C:\Users\SIM\AppData\Roaming\Python\Python311\site-packages\django\contrib\staticfiles\management\__init__.py first seen with mtime 1730363518.7855203
DEBUG 2025-01-13 23:04:37,484 autoreload File C:\Users\SIM\AppData\Local\Programs\Python\Python311\Lib\email\mime\__init__.py first seen with mtime 1686106818.0
DEBUG 2025-01-13 23:04:37,484 autoreload File C:\Users\SIM\AppData\Local\Programs\Python\Python311\DLLs\_zoneinfo.pyd first seen with mtime 1686106896.0
DEBUG 2025-01-13 23:04:37,484 autoreload File C:\Users\SIM\AppData\Roaming\Python\Python311\site-packages\django\contrib\messages\storage\base.py first seen with mtime 1730363517.0185566
DEBUG 2025-01-13 23:04:37,484 autoreload File C:\Users\SIM\AppData\Roaming\Python\Python311\site-packages\django\core\servers\basehttp.py first seen with mtime 1730363519.0074275
DEBUG 2025-01-13 23:04:37,484 autoreload File C:\Users\SIM\AppData\Local\Programs\Python\Python311\Lib\wsgiref\__init__.py first seen with mtime 1686106818.0
DEBUG 2025-01-13 23:04:37,484 autoreload File C:\Users\SIM\AppData\Local\Programs\Python\Python311\Lib\zoneinfo\_tzpath.py first seen with mtime 1686106818.0
DEBUG 2025-01-13 23:04:37,484 autoreload File C:\Users\SIM\AppData\Local\Programs\Python\Python311\Lib\site-packages\psycopg2\_json.py first seen with mtime 1731581176.263129
DEBUG 2025-01-13 23:04:37,484 autoreload File C:\Users\SIM\AppData\Roaming\Python\Python311\site-packages\django\utils\translation\trans_real.py first seen with mtime 1730363519.5518892
DEBUG 2025-01-13 23:04:37,484 autoreload File C:\Users\SIM\AppData\Local\Programs\Python\Python311\Lib\email\_header_value_parser.py first seen with mtime 1686106818.0
DEBUG 2025-01-13 23:04:37,492 autoreload File C:\Users\SIM\AppData\Local\Programs\Python\Python311\Lib\asyncio\threads.py first seen with mtime 1686106818.0
DEBUG 2025-01-13 23:04:37,492 autoreload File C:\Users\SIM\AppData\Roaming\Python\Python311\site-packages\django\db\models\fields\__init__.py first seen with mtime 1730363519.1787376
DEBUG 2025-01-13 23:04:37,492 autoreload File C:\Users\SIM\AppData\Roaming\Python\Python311\site-packages\django\db\models\query_utils.py first seen with mtime 1730363519.1707
DEBUG 2025-01-13 23:04:37,492 autoreload File C:\Users\SIM\AppData\Local\Programs\Python\Python311\Lib\email\parser.py first seen with mtime 1686106818.0
DEBUG 2025-01-13 23:04:37,492 autoreload File C:\Users\SIM\AppData\Roaming\Python\Python311\site-packages\django\contrib\admin\templatetags\base.py first seen with mtime 1730363514.0031848
DEBUG 2025-01-13 23:04:37,492 autoreload File C:\Users\SIM\AppData\Local\Programs\Python\Python311\Lib\asyncio\staggered.py first seen with mtime 1686106818.0
DEBUG 2025-01-13 23:04:37,492 autoreload File C:\Users\SIM\AppData\Local\Programs\Python\Python311\Lib\pkgutil.py first seen with mtime 1686106818.0
DEBUG 2025-01-13 23:04:37,492 autoreload File C:\Users\SIM\AppData\Roaming\Python\Python311\site-packages\django\contrib\contenttypes\checks.py first seen with mtime 1730363515.2296836
DEBUG 2025-01-13 23:04:37,492 autoreload File C:\Users\SIM\AppData\Roaming\Python\Python311\site-packages\django\template\utils.py first seen with mtime 1730363519.437286
DEBUG 2025-01-13 23:04:37,492 autoreload File C:\Users\SIM\AppData\Local\Programs\Python\Python311\Lib\__future__.py first seen with mtime 1686106818.0
DEBUG 2025-01-13 23:04:37,492 autoreload File C:\Users\SIM\AppData\Roaming\Python\Python311\site-packages\django\template\loaders\__init__.py first seen with mtime 1730363519.445303
DEBUG 2025-01-13 23:04:37,492 autoreload File C:\Users\SIM\AppData\Local\Programs\Python\Python311\Lib\email\encoders.py first seen with mtime 1686106818.0
DEBUG 2025-01-13 23:04:37,492 autoreload File C:\Users\SIM\AppData\Roaming\Python\Python311\site-packages\django\core\management\base.py first seen with mtime 1730363518.9188974
DEBUG 2025-01-13 23:04:37,492 autoreload File C:\Users\SIM\AppData\Local\Programs\Python\Python311\Lib\email\base64mime.py first seen with mtime 1686106818.0
DEBUG 2025-01-13 23:04:37,492 autoreload File C:\Users\SIM\AppData\Local\Programs\Python\Python311\Lib\json\__init__.py first seen with mtime 1686106818.0
DEBUG 2025-01-13 23:04:37,492 autoreload File C:\Users\SIM\AppData\Roaming\Python\Python311\site-packages\asgiref\current_thread_executor.py first seen with mtime 1730363511.5413363
DEBUG 2025-01-13 23:04:37,492 autoreload File C:\Users\SIM\AppData\Roaming\Python\Python311\site-packages\django\utils\html.py first seen with mtime 1730363519.518824
DEBUG 2025-01-13 23:04:37,492 autoreload File C:\Users\SIM\AppData\Local\Programs\Python\Python311\DLLs\_overlapped.pyd first seen with mtime 1686106894.0
DEBUG 2025-01-13 23:04:37,492 autoreload File C:\Users\SIM\AppData\Local\Programs\Python\Python311\Lib\site-packages\psycopg2\_range.py first seen with mtime 1731581176.280461
DEBUG 2025-01-13 23:04:37,492 autoreload File C:\Users\SIM\AppData\Roaming\Python\Python311\site-packages\django\utils\decorators.py first seen with mtime 1730363519.5184324
DEBUG 2025-01-13 23:04:37,492 autoreload File C:\Users\SIM\AppData\Roaming\Python\Python311\site-packages\django\db\transaction.py first seen with mtime 1730363519.008809
DEBUG 2025-01-13 23:04:37,492 autoreload File C:\Users\SIM\AppData\Roaming\Python\Python311\site-packages\django\core\handlers\exception.py first seen with mtime 1730363518.902088
DEBUG 2025-01-13 23:04:37,492 autoreload File C:\Users\SIM\AppData\Roaming\Python\Python311\site-packages\django\db\__init__.py first seen with mtime 1730363519.008809
DEBUG 2025-01-13 23:04:37,492 autoreload File C:\Users\SIM\AppData\Roaming\Python\Python311\site-packages\django\contrib\auth\forms.py first seen with mtime 1730363514.6469238
DEBUG 2025-01-13 23:04:37,492 autoreload File C:\Users\SIM\AppData\Roaming\Python\Python311\site-packages\django\contrib\messages\utils.py first seen with mtime 1730363517.0118935
DEBUG 2025-01-13 23:04:37,492 autoreload File C:\Users\SIM\AppData\Roaming\Python\Python311\site-packages\django\core\cache\backends\base.py first seen with mtime 1730363518.8194945
DEBUG 2025-01-13 23:04:37,492 autoreload File C:\Users\SIM\AppData\Roaming\Python\Python311\site-packages\django\contrib\staticfiles\finders.py first seen with mtime 1730363518.7730794
DEBUG 2025-01-13 23:04:37,492 autoreload File C:\Users\SIM\AppData\Roaming\Python\Python311\site-packages\django\contrib\contenttypes\fields.py first seen with mtime 1730363515.2358246
DEBUG 2025-01-13 23:04:37,492 autoreload File C:\Users\SIM\AppData\Local\Programs\Python\Python311\Lib\asyncio\taskgroups.py first seen with mtime 1686106818.0
DEBUG 2025-01-13 23:04:37,492 autoreload File C:\Users\SIM\AppData\Roaming\Python\Python311\site-packages\django\core\handlers\__init__.py first seen with mtime 1730363518.8993983
DEBUG 2025-01-13 23:04:37,492 autoreload File C:\Users\SIM\AppData\Local\Programs\Python\Python311\Lib\string.py first seen with mtime 1686106818.0
DEBUG 2025-01-13 23:04:37,492 autoreload File C:\Users\SIM\AppData\Roaming\Python\Python311\site-packages\django\db\backends\postgresql\features.py first seen with mtime 1730363519.0819688
DEBUG 2025-01-13 23:04:37,492 autoreload File C:\Users\SIM\AppData\Roaming\Python\Python311\site-packages\django\contrib\admin\models.py first seen with mtime 1730363512.7042537
DEBUG 2025-01-13 23:04:37,492 autoreload File C:\Users\SIM\AppData\Local\Programs\Python\Python311\Lib\urllib\parse.py first seen with mtime 1686106818.0
DEBUG 2025-01-13 23:04:37,492 autoreload File C:\Users\SIM\AppData\Roaming\Python\Python311\site-packages\sqlparse\filters\reindent.py first seen with mtime 1730363510.8522604
DEBUG 2025-01-13 23:04:37,492 autoreload File C:\Users\SIM\AppData\Local\Programs\Python\Python311\Lib\copyreg.py first seen with mtime 1686106818.0
DEBUG 2025-01-13 23:04:37,492 autoreload File C:\Users\SIM\AppData\Roaming\Python\Python311\site-packages\django\utils\module_loading.py first seen with mtime 1730363519.5421522
DEBUG 2025-01-13 23:04:37,492 autoreload File C:\Users\SIM\AppData\Local\Programs\Python\Python311\Lib\asyncio\subprocess.py first seen with mtime 1686106818.0
DEBUG 2025-01-13 23:04:37,492 autoreload File C:\Users\SIM\AppData\Roaming\Python\Python311\site-packages\django\template\base.py first seen with mtime 1730363519.4187372
DEBUG 2025-01-13 23:04:37,492 autoreload File C:\Users\SIM\AppData\Roaming\Python\Python311\site-packages\django\middleware\csrf.py first seen with mtime 1730363519.4048178
DEBUG 2025-01-13 23:04:37,492 autoreload File C:\Users\SIM\AppData\Roaming\Python\Python311\site-packages\django\core\serializers\__init__.py first seen with mtime 1730363518.986077
DEBUG 2025-01-13 23:04:37,492 autoreload File C:\Users\SIM\AppData\Roaming\Python\Python311\site-packages\django\template\loader_tags.py first seen with mtime 1730363519.4351766
DEBUG 2025-01-13 23:04:37,492 autoreload File C:\Users\SIM\AppData\Roaming\Python\Python311\site-packages\django\core\checks\security\__init__.py first seen with mtime 1730363518.8527594
DEBUG 2025-01-13 23:04:37,492 autoreload File C:\Users\SIM\AppData\Roaming\Python\Python311\site-packages\django\db\models\sql\where.py first seen with mtime 1730363519.2213213
DEBUG 2025-01-13 23:04:37,492 autoreload File C:\Users\SIM\AppData\Local\Programs\Python\Python311\Lib\encodings\utf_8.py first seen with mtime 1686106818.0
DEBUG 2025-01-13 23:04:37,492 autoreload File C:\Users\SIM\AppData\Local\Programs\Python\Python311\DLLs\_decimal.pyd first seen with mtime 1686106894.0
DEBUG 2025-01-13 23:04:37,492 autoreload File C:\Users\SIM\AppData\Roaming\Python\Python311\site-packages\django\dispatch\__init__.py first seen with mtime 1730363519.2213213
DEBUG 2025-01-13 23:04:37,492 autoreload File C:\Users\SIM\AppData\Roaming\Python\Python311\site-packages\django\middleware\security.py first seen with mtime 1730363519.412928
DEBUG 2025-01-13 23:04:37,492 autoreload File C:\Users\SIM\AppData\Roaming\Python\Python311\site-packages\sqlparse\filters\aligned_indent.py first seen with mtime 1730363510.8522604
DEBUG 2025-01-13 23:04:37,492 autoreload File C:\Users\SIM\AppData\Roaming\Python\Python311\site-packages\django\core\files\storage\filesystem.py first seen with mtime 1730363518.8861403
DEBUG 2025-01-13 23:04:37,492 autoreload File C:\Users\SIM\AppData\Roaming\Python\Python311\site-packages\django\utils\numberformat.py first seen with mtime 1730363519.5421522
DEBUG 2025-01-13 23:04:37,492 autoreload File C:\Users\SIM\AppData\Roaming\Python\Python311\site-packages\django\db\migrations\operations\base.py first seen with mtime 1730363519.1384592
DEBUG 2025-01-13 23:04:37,492 autoreload File C:\Users\SIM\AppData\Roaming\Python\Python311\site-packages\django\contrib\messages\constants.py first seen with mtime 1730363517.0091832
DEBUG 2025-01-13 23:04:37,492 autoreload File C:\Users\SIM\AppData\Local\Programs\Python\Python311\Lib\sysconfig.py first seen with mtime 1686106818.0
DEBUG 2025-01-13 23:04:37,492 autoreload File C:\Users\SIM\AppData\Local\Programs\Python\Python311\Lib\asyncio\__init__.py first seen with mtime 1686106818.0
DEBUG 2025-01-13 23:04:37,492 autoreload File C:\Users\SIM\AppData\Roaming\Python\Python311\site-packages\django\core\checks\files.py first seen with mtime 1730363518.8459451
DEBUG 2025-01-13 23:04:37,492 autoreload File C:\Users\SIM\AppData\Local\Programs\Python\Python311\Lib\ipaddress.py first seen with mtime 1686106818.0
DEBUG 2025-01-13 23:04:37,492 autoreload File C:\Users\SIM\AppData\Roaming\Python\Python311\site-packages\django\contrib\sessions\models.py first seen with mtime 1730363517.768443
DEBUG 2025-01-13 23:04:37,492 autoreload File C:\Users\SIM\AppData\Roaming\Python\Python311\site-packages\django\forms\__init__.py first seen with mtime 1730363519.2213213
DEBUG 2025-01-13 23:04:37,492 autoreload File C:\Users\SIM\AppData\Roaming\Python\Python311\site-packages\django\db\models\sql\__init__.py first seen with mtime 1730363519.2111301
DEBUG 2025-01-13 23:04:37,492 autoreload File C:\Users\SIM\AppData\Local\Programs\Python\Python311\Lib\site-packages\PIL\ExifTags.py first seen with mtime 1713199321.7820168
DEBUG 2025-01-13 23:04:37,492 autoreload File C:\Users\SIM\AppData\Roaming\Python\Python311\site-packages\django\db\models\fields\related_lookups.py first seen with mtime 1730363519.1947956
DEBUG 2025-01-13 23:04:37,500 autoreload File C:\Users\SIM\AppData\Roaming\Python\Python311\site-packages\django\utils\dateformat.py first seen with mtime 1730363519.5096915
DEBUG 2025-01-13 23:04:37,500 autoreload File C:\Users\SIM\AppData\Local\Programs\Python\Python311\Lib\wsgiref\simple_server.py first seen with mtime 1686106818.0
DEBUG 2025-01-13 23:04:37,500 autoreload File C:\Users\SIM\AppData\Roaming\Python\Python311\site-packages\django\db\backends\__init__.py first seen with mtime 1730363519.008809
DEBUG 2025-01-13 23:04:37,500 autoreload File C:\Users\SIM\AppData\Roaming\Python\Python311\site-packages\django\utils\tree.py first seen with mtime 1730363519.5518892
DEBUG 2025-01-13 23:04:37,500 autoreload File C:\Users\SIM\AppData\Local\Programs\Python\Python311\Lib\secrets.py first seen with mtime 1686106818.0
DEBUG 2025-01-13 23:04:37,500 autoreload File C:\Users\SIM\AppData\Roaming\Python\Python311\site-packages\django\__init__.py first seen with mtime 1730363511.85427
DEBUG 2025-01-13 23:04:37,500 autoreload File C:\Users\SIM\AppData\Roaming\Python\Python311\site-packages\django\http\cookie.py first seen with mtime 1730363519.3856273
DEBUG 2025-01-13 23:04:37,500 autoreload File C:\Users\SIM\AppData\Local\Programs\Python\Python311\Lib\ctypes\__init__.py first seen with mtime 1686106818.0
DEBUG 2025-01-13 23:04:37,500 autoreload File C:\Users\SIM\AppData\Roaming\Python\Python311\site-packages\django\views\decorators\debug.py first seen with mtime 1730363519.574051
DEBUG 2025-01-13 23:04:37,500 autoreload File C:\Users\SIM\AppData\Local\Programs\Python\Python311\Lib\_compression.py first seen with mtime 1686106818.0
DEBUG 2025-01-13 23:04:37,500 autoreload File C:\Users\SIM\AppData\Local\Programs\Python\Python311\Lib\collections\__init__.py first seen with mtime 1686106818.0
DEBUG 2025-01-13 23:04:37,500 autoreload File C:\Users\SIM\AppData\Roaming\Python\Python311\site-packages\django\contrib\sessions\exceptions.py first seen with mtime 1730363517.7646277
DEBUG 2025-01-13 23:04:37,500 autoreload File C:\Users\SIM\AppData\Roaming\Python\Python311\site-packages\django\contrib\sessions\middleware.py first seen with mtime 1730363517.7646277
DEBUG 2025-01-13 23:04:37,500 autoreload File C:\Users\SIM\AppData\Local\Programs\Python\Python311\Lib\nturl2path.py first seen with mtime 1686106818.0
DEBUG 2025-01-13 23:04:37,500 autoreload File C:\Users\SIM\AppData\Local\Programs\Python\Python311\Lib\bz2.py first seen with mtime 1686106818.0
DEBUG 2025-01-13 23:04:37,500 autoreload File C:\Users\SIM\AppData\Local\Programs\Python\Python311\Lib\site-packages\colorama\win32.py first seen with mtime 1686935914.822989
DEBUG 2025-01-13 23:04:37,500 autoreload File C:\Users\SIM\AppData\Local\Programs\Python\Python311\DLLs\_ctypes.pyd first seen with mtime 1686106896.0
DEBUG 2025-01-13 23:04:37,500 autoreload File C:\Users\SIM\AppData\Roaming\Python\Python311\site-packages\django\core\checks\database.py first seen with mtime 1730363518.8379147
DEBUG 2025-01-13 23:04:37,500 autoreload File C:\Users\SIM\AppData\Local\Programs\Python\Python311\Lib\site-packages\colorama\initialise.py first seen with mtime 1686935914.822989
DEBUG 2025-01-13 23:04:37,500 autoreload File C:\Users\SIM\AppData\Roaming\Python\Python311\site-packages\django\utils\datastructures.py first seen with mtime 1730363519.5096915
DEBUG 2025-01-13 23:04:37,500 autoreload File C:\Users\SIM\AppData\Local\Programs\Python\Python311\DLLs\_socket.pyd first seen with mtime 1686106894.0
DEBUG 2025-01-13 23:04:37,500 autoreload File C:\Users\SIM\AppData\Local\Programs\Python\Python311\Lib\site-packages\colorama\ansi.py first seen with mtime 1686935914.822989
DEBUG 2025-01-13 23:04:37,500 autoreload File C:\Users\SIM\AppData\Roaming\Python\Python311\site-packages\django\views\generic\base.py first seen with mtime 1730363519.5854342
DEBUG 2025-01-13 23:04:37,500 autoreload File C:\Users\SIM\Desktop\DJANGO\Proiect1\Proiect1\__init__.py first seen with mtime 1730907575.288558
DEBUG 2025-01-13 23:04:37,500 autoreload File C:\Users\SIM\AppData\Roaming\Python\Python311\site-packages\django\utils\regex_helper.py first seen with mtime 1730363519.5421522
DEBUG 2025-01-13 23:04:37,500 autoreload File C:\Users\SIM\AppData\Roaming\Python\Python311\site-packages\django\db\migrations\operations\fields.py first seen with mtime 1730363519.1384592
DEBUG 2025-01-13 23:04:37,500 autoreload File C:\Users\SIM\AppData\Roaming\Python\Python311\site-packages\django\contrib\admin\utils.py first seen with mtime 1730363512.712351
DEBUG 2025-01-13 23:04:37,500 autoreload File C:\Users\SIM\AppData\Roaming\Python\Python311\site-packages\django\core\checks\translation.py first seen with mtime 1730363518.8527594
DEBUG 2025-01-13 23:04:37,500 autoreload File C:\Users\SIM\AppData\Roaming\Python\Python311\site-packages\django\core\files\storage\base.py first seen with mtime 1730363518.8861403
DEBUG 2025-01-13 23:04:37,500 autoreload File C:\Users\SIM\Desktop\DJANGO\Proiect1\manage.py first seen with mtime 1730907575.2803433
DEBUG 2025-01-13 23:04:37,500 autoreload File C:\Users\SIM\AppData\Local\Programs\Python\Python311\Lib\locale.py first seen with mtime 1686106818.0
DEBUG 2025-01-13 23:04:37,500 autoreload File C:\Users\SIM\AppData\Roaming\Python\Python311\site-packages\django\utils\autoreload.py first seen with mtime 1730363519.5025089
DEBUG 2025-01-13 23:04:37,500 autoreload File C:\Users\SIM\AppData\Roaming\Python\Python311\site-packages\django\utils\cache.py first seen with mtime 1730363519.5025089
DEBUG 2025-01-13 23:04:37,500 autoreload File C:\Users\SIM\AppData\Local\Programs\Python\Python311\DLLs\unicodedata.pyd first seen with mtime 1686106896.0
DEBUG 2025-01-13 23:04:37,500 autoreload File C:\Users\SIM\AppData\Roaming\Python\Python311\site-packages\django\template\loader.py first seen with mtime 1730363519.428758
DEBUG 2025-01-13 23:04:37,500 autoreload File C:\Users\SIM\AppData\Local\Programs\Python\Python311\Lib\site-packages\psycopg2\__init__.py first seen with mtime 1731581176.263129
DEBUG 2025-01-13 23:04:37,500 autoreload File C:\Users\SIM\AppData\Roaming\Python\Python311\site-packages\django\contrib\__init__.py first seen with mtime 1730363512.6822865
DEBUG 2025-01-13 23:04:37,500 autoreload File C:\Users\SIM\AppData\Local\Programs\Python\Python311\Lib\numbers.py first seen with mtime 1686106818.0
DEBUG 2025-01-13 23:04:37,500 autoreload File C:\Users\SIM\AppData\Local\Programs\Python\Python311\Lib\ctypes\wintypes.py first seen with mtime 1686106818.0
DEBUG 2025-01-13 23:04:37,500 autoreload File C:\Users\SIM\AppData\Roaming\Python\Python311\site-packages\django\db\models\signals.py first seen with mtime 1730363519.1707
DEBUG 2025-01-13 23:04:37,500 autoreload File C:\Users\SIM\AppData\Local\Programs\Python\Python311\Lib\queue.py first seen with mtime 1686106818.0
DEBUG 2025-01-13 23:04:37,500 autoreload File C:\Users\SIM\AppData\Roaming\Python\Python311\site-packages\django\template\response.py first seen with mtime 1730363519.4351766
DEBUG 2025-01-13 23:04:37,500 autoreload File C:\Users\SIM\AppData\Roaming\Python\Python311\site-packages\django\db\models\functions\comparison.py first seen with mtime 1730363519.201999
DEBUG 2025-01-13 23:04:37,500 autoreload File C:\Users\SIM\AppData\Roaming\Python\Python311\site-packages\django\template\autoreload.py first seen with mtime 1730363519.4183285
DEBUG 2025-01-13 23:04:37,500 autoreload File C:\Users\SIM\AppData\Roaming\Python\Python311\site-packages\django\contrib\staticfiles\management\commands\__init__.py first seen with mtime 1730363518.7855203
DEBUG 2025-01-13 23:04:37,500 autoreload File C:\Users\SIM\AppData\Roaming\Python\Python311\site-packages\django\db\backends\base\__init__.py first seen with mtime 1730363519.018852
DEBUG 2025-01-13 23:04:37,500 autoreload File C:\Users\SIM\AppData\Roaming\Python\Python311\site-packages\django\db\models\constraints.py first seen with mtime 1730363519.1527572
DEBUG 2025-01-13 23:04:37,500 autoreload File C:\Users\SIM\AppData\Roaming\Python\Python311\site-packages\django\contrib\admin\decorators.py first seen with mtime 1730363512.6959162
DEBUG 2025-01-13 23:04:37,500 autoreload File C:\Users\SIM\AppData\Roaming\Python\Python311\site-packages\django\core\management\commands\runserver.py first seen with mtime 1730363518.9687588
DEBUG 2025-01-13 23:04:37,500 autoreload File C:\Users\SIM\AppData\Roaming\Python\Python311\site-packages\django\utils\termcolors.py first seen with mtime 1730363519.5421522
DEBUG 2025-01-13 23:04:37,500 autoreload File C:\Users\SIM\AppData\Local\Programs\Python\Python311\Lib\logging\handlers.py first seen with mtime 1686106818.0
DEBUG 2025-01-13 23:04:37,500 autoreload File C:\Users\SIM\AppData\Local\Programs\Python\Python311\Lib\asyncio\base_tasks.py first seen with mtime 1686106818.0
DEBUG 2025-01-13 23:04:37,500 autoreload File C:\Users\SIM\AppData\Roaming\Python\Python311\site-packages\django\http\request.py first seen with mtime 1730363519.396641
DEBUG 2025-01-13 23:04:37,500 autoreload File C:\Users\SIM\AppData\Roaming\Python\Python311\site-packages\django\middleware\cache.py first seen with mtime 1730363519.4017735
DEBUG 2025-01-13 23:04:37,500 autoreload File C:\Users\SIM\AppData\Local\Programs\Python\Python311\DLLs\_asyncio.pyd first seen with mtime 1686106918.0
DEBUG 2025-01-13 23:04:37,500 autoreload File C:\Users\SIM\AppData\Roaming\Python\Python311\site-packages\django\db\models\indexes.py first seen with mtime 1730363519.16236
DEBUG 2025-01-13 23:04:37,500 autoreload File C:\Users\SIM\AppData\Roaming\Python\Python311\site-packages\django\contrib\auth\base_user.py first seen with mtime 1730363514.6352322
DEBUG 2025-01-13 23:04:37,500 autoreload File C:\Users\SIM\AppData\Local\Programs\Python\Python311\Lib\site-packages\PIL\_version.py first seen with mtime 1713199322.0304856
DEBUG 2025-01-13 23:04:37,500 autoreload File C:\Users\SIM\AppData\Local\Programs\Python\Python311\Lib\concurrent\futures\thread.py first seen with mtime 1686106818.0
DEBUG 2025-01-13 23:04:37,500 autoreload File C:\Users\SIM\AppData\Roaming\Python\Python311\site-packages\django\utils\deprecation.py first seen with mtime 1730363519.518824
DEBUG 2025-01-13 23:04:37,500 autoreload File C:\Users\SIM\AppData\Roaming\Python\Python311\site-packages\django\core\serializers\json.py first seen with mtime 1730363518.986077
DEBUG 2025-01-13 23:04:37,500 autoreload File C:\Users\SIM\AppData\Roaming\Python\Python311\site-packages\django\db\backends\postgresql\creation.py first seen with mtime 1730363519.0819688
DEBUG 2025-01-13 23:04:37,500 autoreload File C:\Users\SIM\AppData\Local\Programs\Python\Python311\Lib\json\decoder.py first seen with mtime 1686106818.0
DEBUG 2025-01-13 23:04:37,500 autoreload File C:\Users\SIM\AppData\Roaming\Python\Python311\site-packages\django\contrib\admin\checks.py first seen with mtime 1730363512.6853182
DEBUG 2025-01-13 23:04:37,500 autoreload File C:\Users\SIM\AppData\Local\Programs\Python\Python311\Lib\email\_policybase.py first seen with mtime 1686106818.0
DEBUG 2025-01-13 23:04:37,508 autoreload File C:\Users\SIM\AppData\Local\Programs\Python\Python311\Lib\asyncio\timeouts.py first seen with mtime 1686106818.0
DEBUG 2025-01-13 23:04:37,508 autoreload File C:\Users\SIM\AppData\Local\Programs\Python\Python311\Lib\quopri.py first seen with mtime 1686106818.0
DEBUG 2025-01-13 23:04:37,508 autoreload File C:\Users\SIM\AppData\Local\Programs\Python\Python311\Lib\inspect.py first seen with mtime 1686106818.0
DEBUG 2025-01-13 23:04:37,508 autoreload File C:\Users\SIM\AppData\Local\Programs\Python\Python311\Lib\html\parser.py first seen with mtime 1686106818.0
DEBUG 2025-01-13 23:04:37,508 autoreload File C:\Users\SIM\AppData\Roaming\Python\Python311\site-packages\django\utils\duration.py first seen with mtime 1730363519.518824
DEBUG 2025-01-13 23:04:37,508 autoreload File C:\Users\SIM\AppData\Local\Programs\Python\Python311\Lib\asyncio\trsock.py first seen with mtime 1686106818.0
DEBUG 2025-01-13 23:04:37,508 autoreload File C:\Users\SIM\AppData\Roaming\Python\Python311\site-packages\django\db\migrations\exceptions.py first seen with mtime 1730363519.1142695
DEBUG 2025-01-13 23:04:37,508 autoreload File C:\Users\SIM\AppData\Roaming\Python\Python311\site-packages\django\templatetags\tz.py first seen with mtime 1730363519.4694476
DEBUG 2025-01-13 23:04:37,508 autoreload File C:\Users\SIM\AppData\Roaming\Python\Python311\site-packages\django\utils\safestring.py first seen with mtime 1730363519.5421522
DEBUG 2025-01-13 23:04:37,508 autoreload File C:\Users\SIM\AppData\Roaming\Python\Python311\site-packages\django\utils\dateparse.py first seen with mtime 1730363519.5096915
DEBUG 2025-01-13 23:04:37,508 autoreload File C:\Users\SIM\AppData\Roaming\Python\Python311\site-packages\django\contrib\sessions\backends\base.py first seen with mtime 1730363517.772861
DEBUG 2025-01-13 23:04:37,508 autoreload File C:\Users\SIM\AppData\Roaming\Python\Python311\site-packages\django\utils\ipv6.py first seen with mtime 1730363519.5351002
DEBUG 2025-01-13 23:04:37,508 autoreload File C:\Users\SIM\AppData\Local\Programs\Python\Python311\Lib\email\_encoded_words.py first seen with mtime 1686106818.0
DEBUG 2025-01-13 23:04:37,508 autoreload File C:\Users\SIM\AppData\Local\Programs\Python\Python311\Lib\email\utils.py first seen with mtime 1686106818.0
DEBUG 2025-01-13 23:04:37,508 autoreload File C:\Users\SIM\AppData\Local\Programs\Python\Python311\Lib\asyncio\locks.py first seen with mtime 1686106818.0
DEBUG 2025-01-13 23:04:37,508 autoreload File C:\Users\SIM\AppData\Local\Programs\Python\Python311\Lib\email\mime\message.py first seen with mtime 1686106818.0
DEBUG 2025-01-13 23:04:37,508 autoreload File C:\Users\SIM\AppData\Local\Programs\Python\Python311\Lib\contextlib.py first seen with mtime 1686106818.0
DEBUG 2025-01-13 23:04:37,508 autoreload File C:\Users\SIM\AppData\Local\Programs\Python\Python311\Lib\subprocess.py first seen with mtime 1686106818.0
DEBUG 2025-01-13 23:04:37,508 autoreload File C:\Users\SIM\AppData\Roaming\Python\Python311\site-packages\django\core\checks\messages.py first seen with mtime 1730363518.8459451
DEBUG 2025-01-13 23:04:37,508 autoreload File C:\Users\SIM\AppData\Roaming\Python\Python311\site-packages\django\utils\version.py first seen with mtime 1730363519.5518892
DEBUG 2025-01-13 23:04:37,508 autoreload File C:\Users\SIM\AppData\Roaming\Python\Python311\site-packages\django\template\backends\base.py first seen with mtime 1730363519.437286
DEBUG 2025-01-13 23:04:37,508 autoreload File C:\Users\SIM\AppData\Local\Programs\Python\Python311\Lib\html\entities.py first seen with mtime 1686106818.0
DEBUG 2025-01-13 23:04:37,508 autoreload File C:\Users\SIM\AppData\Local\Programs\Python\Python311\Lib\random.py first seen with mtime 1686106818.0
DEBUG 2025-01-13 23:04:37,508 autoreload File C:\Users\SIM\AppData\Local\Programs\Python\Python311\Lib\contextvars.py first seen with mtime 1686106818.0
DEBUG 2025-01-13 23:04:37,508 autoreload File C:\Users\SIM\AppData\Roaming\Python\Python311\site-packages\django\utils\translation\__init__.py first seen with mtime 1730363519.5518892
DEBUG 2025-01-13 23:04:37,508 autoreload File C:\Users\SIM\AppData\Local\Programs\Python\Python311\Lib\_compat_pickle.py first seen with mtime 1686106818.0
DEBUG 2025-01-13 23:04:37,508 autoreload File C:\Users\SIM\AppData\Local\Programs\Python\Python311\Lib\email\header.py first seen with mtime 1686106818.0
DEBUG 2025-01-13 23:04:37,508 autoreload File C:\Users\SIM\AppData\Roaming\Python\Python311\site-packages\django\core\cache\__init__.py first seen with mtime 1730363518.8194945
DEBUG 2025-01-13 23:04:37,508 autoreload File C:\Users\SIM\AppData\Roaming\Python\Python311\site-packages\django\template\loaders\cached.py first seen with mtime 1730363519.4523761
DEBUG 2025-01-13 23:04:37,508 autoreload File C:\Users\SIM\AppData\Local\Programs\Python\Python311\Lib\asyncio\events.py first seen with mtime 1686106818.0
DEBUG 2025-01-13 23:04:37,508 autoreload File C:\Users\SIM\AppData\Roaming\Python\Python311\site-packages\django\template\exceptions.py first seen with mtime 1730363519.428758
DEBUG 2025-01-13 23:04:37,508 autoreload File C:\Users\SIM\AppData\Local\Programs\Python\Python311\Lib\site-packages\_distutils_hack\__init__.py first seen with mtime 1730365884.3330114
DEBUG 2025-01-13 23:04:37,508 autoreload File C:\Users\SIM\AppData\Roaming\Python\Python311\site-packages\django\contrib\auth\checks.py first seen with mtime 1730363514.638802
DEBUG 2025-01-13 23:04:37,508 autoreload File C:\Users\SIM\AppData\Roaming\Python\Python311\site-packages\django\contrib\staticfiles\__init__.py first seen with mtime 1730363518.768919
DEBUG 2025-01-13 23:04:37,508 autoreload File C:\Users\SIM\AppData\Local\Programs\Python\Python311\Lib\weakref.py first seen with mtime 1686106818.0
DEBUG 2025-01-13 23:04:37,508 autoreload File C:\Users\SIM\AppData\Roaming\Python\Python311\site-packages\django\utils\connection.py first seen with mtime 1730363519.5025089
DEBUG 2025-01-13 23:04:37,508 autoreload File C:\Users\SIM\AppData\Local\Programs\Python\Python311\Lib\warnings.py first seen with mtime 1686106818.0
DEBUG 2025-01-13 23:04:37,508 autoreload File C:\Users\SIM\AppData\Local\Programs\Python\Python311\Lib\http\client.py first seen with mtime 1686106818.0
DEBUG 2025-01-13 23:04:37,508 autoreload File C:\Users\SIM\Desktop\DJANGO\Proiect1\aplicatie_exemplu\forms.py first seen with mtime 1736802275.2053216
DEBUG 2025-01-13 23:04:37,508 autoreload File C:\Users\SIM\AppData\Local\Programs\Python\Python311\Lib\concurrent\__init__.py first seen with mtime 1686106818.0
DEBUG 2025-01-13 23:04:37,508 autoreload File C:\Users\SIM\AppData\Roaming\Python\Python311\site-packages\django\utils\http.py first seen with mtime 1730363519.5337405
DEBUG 2025-01-13 23:04:37,508 autoreload File C:\Users\SIM\AppData\Roaming\Python\Python311\site-packages\sqlparse\engine\__init__.py first seen with mtime 1730363510.8419755
DEBUG 2025-01-13 23:04:37,508 autoreload File C:\Users\SIM\AppData\Roaming\Python\Python311\site-packages\django\core\files\storage\mixins.py first seen with mtime 1730363518.8974378
DEBUG 2025-01-13 23:04:37,508 autoreload File C:\Users\SIM\AppData\Local\Programs\Python\Python311\Lib\asyncio\log.py first seen with mtime 1686106818.0
DEBUG 2025-01-13 23:04:37,508 autoreload File C:\Users\SIM\AppData\Roaming\Python\Python311\site-packages\sqlparse\filters\right_margin.py first seen with mtime 1730363510.8657744
DEBUG 2025-01-13 23:04:37,508 autoreload File C:\Users\SIM\AppData\Roaming\Python\Python311\site-packages\django\db\models\functions\text.py first seen with mtime 1730363519.2030535
DEBUG 2025-01-13 23:04:37,508 autoreload File C:\Users\SIM\AppData\Roaming\Python\Python311\site-packages\sqlparse\__init__.py first seen with mtime 1730363510.819172
DEBUG 2025-01-13 23:04:37,508 autoreload File C:\Users\SIM\AppData\Roaming\Python\Python311\site-packages\django\templatetags\cache.py first seen with mtime 1730363519.4613905
DEBUG 2025-01-13 23:04:37,508 autoreload File C:\Users\SIM\AppData\Local\Programs\Python\Python311\Lib\email\__init__.py first seen with mtime 1686106818.0
DEBUG 2025-01-13 23:04:37,508 autoreload File C:\Users\SIM\AppData\Local\Programs\Python\Python311\Lib\asyncio\format_helpers.py first seen with mtime 1686106818.0
DEBUG 2025-01-13 23:04:37,508 autoreload File C:\Users\SIM\AppData\Roaming\Python\Python311\site-packages\sqlparse\filters\output.py first seen with mtime 1730363510.8522604
DEBUG 2025-01-13 23:04:37,508 autoreload File C:\Users\SIM\AppData\Local\Programs\Python\Python311\Lib\textwrap.py first seen with mtime 1686106818.0
DEBUG 2025-01-13 23:04:37,508 autoreload File C:\Users\SIM\AppData\Local\Programs\Python\Python311\Lib\asyncio\base_events.py first seen with mtime 1686106818.0
DEBUG 2025-01-13 23:04:37,508 autoreload File C:\Users\SIM\AppData\Local\Programs\Python\Python311\Lib\base64.py first seen with mtime 1686106818.0
DEBUG 2025-01-13 23:04:37,508 autoreload File C:\Users\SIM\AppData\Roaming\Python\Python311\site-packages\django\core\__init__.py first seen with mtime 1730363518.8052104
DEBUG 2025-01-13 23:04:37,508 autoreload File C:\Users\SIM\Desktop\DJANGO\Proiect1\aplicatie\__init__.py first seen with mtime 1730938752.565714
DEBUG 2025-01-13 23:04:37,508 autoreload File C:\Users\SIM\AppData\Roaming\Python\Python311\site-packages\django\middleware\common.py first seen with mtime 1730363519.4048178
DEBUG 2025-01-13 23:04:37,508 autoreload File C:\Users\SIM\AppData\Roaming\Python\Python311\site-packages\django\contrib\staticfiles\apps.py first seen with mtime 1730363518.768919
DEBUG 2025-01-13 23:04:37,508 autoreload File C:\Users\SIM\Desktop\DJANGO\Proiect1\aplicatie_exemplu\urls.py first seen with mtime 1736800779.3274324
DEBUG 2025-01-13 23:04:37,508 autoreload File C:\Users\SIM\AppData\Local\Programs\Python\Python311\Lib\re\__init__.py first seen with mtime 1686106818.0
DEBUG 2025-01-13 23:04:37,508 autoreload File C:\Users\SIM\AppData\Local\Programs\Python\Python311\Lib\pickle.py first seen with mtime 1686106818.0
DEBUG 2025-01-13 23:04:37,508 autoreload File C:\Users\SIM\AppData\Roaming\Python\Python311\site-packages\django\db\models\sql\subqueries.py first seen with mtime 1730363519.2213213
DEBUG 2025-01-13 23:04:37,508 autoreload File C:\Users\SIM\AppData\Roaming\Python\Python311\site-packages\django\contrib\sites\shortcuts.py first seen with mtime 1730363518.352321
DEBUG 2025-01-13 23:04:37,508 autoreload File C:\Users\SIM\AppData\Local\Programs\Python\Python311\Lib\calendar.py first seen with mtime 1686106818.0
DEBUG 2025-01-13 23:04:37,508 autoreload File C:\Users\SIM\AppData\Roaming\Python\Python311\site-packages\django\core\handlers\wsgi.py first seen with mtime 1730363518.902088
DEBUG 2025-01-13 23:04:37,508 autoreload File C:\Users\SIM\AppData\Local\Programs\Python\Python311\Lib\site-packages\psycopg2\sql.py first seen with mtime 1731581176.2877078
DEBUG 2025-01-13 23:04:37,508 autoreload File C:\Users\SIM\AppData\Local\Programs\Python\Python311\Lib\email\mime\base.py first seen with mtime 1686106818.0
DEBUG 2025-01-13 23:04:37,508 autoreload File C:\Users\SIM\AppData\Local\Programs\Python\Python311\Lib\asyncio\windows_utils.py first seen with mtime 1686106818.0
DEBUG 2025-01-13 23:04:37,508 autoreload File C:\Users\SIM\AppData\Local\Programs\Python\Python311\Lib\ast.py first seen with mtime 1686106818.0
DEBUG 2025-01-13 23:04:37,508 autoreload File C:\Users\SIM\AppData\Roaming\Python\Python311\site-packages\django\contrib\messages\api.py first seen with mtime 1730363517.005663
DEBUG 2025-01-13 23:04:37,508 autoreload File C:\Users\SIM\AppData\Roaming\Python\Python311\site-packages\django\utils\inspect.py first seen with mtime 1730363519.5351002
DEBUG 2025-01-13 23:04:37,508 autoreload File C:\Users\SIM\Desktop\DJANGO\Proiect1\aplicatie_exemplu\views.py first seen with mtime 1736802275.200594
DEBUG 2025-01-13 23:04:37,508 autoreload File C:\Users\SIM\AppData\Roaming\Python\Python311\site-packages\django\urls\converters.py first seen with mtime 1730363519.4856098
DEBUG 2025-01-13 23:04:37,508 autoreload File C:\Users\SIM\AppData\Local\Programs\Python\Python311\DLLs\select.pyd first seen with mtime 1686106894.0
DEBUG 2025-01-13 23:04:37,508 autoreload File C:\Users\SIM\AppData\Roaming\Python\Python311\site-packages\django\contrib\contenttypes\__init__.py first seen with mtime 1730363515.2186658
DEBUG 2025-01-13 23:04:37,508 autoreload File C:\Users\SIM\AppData\Roaming\Python\Python311\site-packages\django\core\serializers\python.py first seen with mtime 1730363519.000327
DEBUG 2025-01-13 23:04:37,508 autoreload File C:\Users\SIM\AppData\Roaming\Python\Python311\site-packages\django\contrib\messages\storage\__init__.py first seen with mtime 1730363517.0174048
DEBUG 2025-01-13 23:04:37,508 autoreload File C:\Users\SIM\Desktop\DJANGO\Proiect1\aplicatie_exemplu\models.py first seen with mtime 1734456694.1404996
DEBUG 2025-01-13 23:04:37,508 autoreload File C:\Users\SIM\AppData\Roaming\Python\Python311\site-packages\django\contrib\auth\validators.py first seen with mtime 1730363514.662934
DEBUG 2025-01-13 23:04:37,508 autoreload File C:\Users\SIM\AppData\Local\Programs\Python\Python311\Lib\http\cookies.py first seen with mtime 1686106818.0
DEBUG 2025-01-13 23:04:37,508 autoreload File C:\Users\SIM\AppData\Roaming\Python\Python311\site-packages\django\conf\global_settings.py first seen with mtime 1730363511.8686903
DEBUG 2025-01-13 23:04:37,508 autoreload File C:\Users\SIM\AppData\Roaming\Python\Python311\site-packages\django\core\files\storage\memory.py first seen with mtime 1730363518.8955162
DEBUG 2025-01-13 23:04:37,508 autoreload File C:\Users\SIM\AppData\Roaming\Python\Python311\site-packages\django\db\models\deletion.py first seen with mtime 1730363519.1527572
DEBUG 2025-01-13 23:04:37,508 autoreload File C:\Users\SIM\AppData\Local\Programs\Python\Python311\Lib\selectors.py first seen with mtime 1686106818.0
DEBUG 2025-01-13 23:04:37,508 autoreload File C:\Users\SIM\AppData\Roaming\Python\Python311\site-packages\django\contrib\admin\widgets.py first seen with mtime 1730363512.7183719
DEBUG 2025-01-13 23:04:37,508 autoreload File C:\Users\SIM\AppData\Roaming\Python\Python311\site-packages\django\core\mail\message.py first seen with mtime 1730363518.9103847
DEBUG 2025-01-13 23:04:37,508 autoreload File C:\Users\SIM\AppData\Local\Programs\Python\Python311\Lib\re\_compiler.py first seen with mtime 1686106818.0
DEBUG 2025-01-13 23:04:37,508 autoreload File C:\Users\SIM\AppData\Roaming\Python\Python311\site-packages\django\core\files\base.py first seen with mtime 1730363518.8701553
DEBUG 2025-01-13 23:04:37,508 autoreload File C:\Users\SIM\AppData\Local\Programs\Python\Python311\Lib\site-packages\psycopg2\extensions.py first seen with mtime 1731581176.280461
DEBUG 2025-01-13 23:04:37,508 autoreload File C:\Users\SIM\AppData\Roaming\Python\Python311\site-packages\django\core\paginator.py first seen with mtime 1730363518.8052104
DEBUG 2025-01-13 23:04:37,508 autoreload File C:\Users\SIM\AppData\Roaming\Python\Python311\site-packages\django\contrib\admin\templatetags\__init__.py first seen with mtime 1730363513.9955804
DEBUG 2025-01-13 23:04:37,508 autoreload File C:\Users\SIM\AppData\Roaming\Python\Python311\site-packages\django\core\checks\__init__.py first seen with mtime 1730363518.8379147
DEBUG 2025-01-13 23:04:37,508 autoreload File C:\Users\SIM\AppData\Roaming\Python\Python311\site-packages\django\db\migrations\__init__.py first seen with mtime 1730363519.1061597
DEBUG 2025-01-13 23:04:37,508 autoreload File C:\Users\SIM\AppData\Roaming\Python\Python311\site-packages\django\db\models\query.py first seen with mtime 1730363519.1707
DEBUG 2025-01-13 23:04:37,508 autoreload File C:\Users\SIM\AppData\Roaming\Python\Python311\site-packages\django\core\management\__init__.py first seen with mtime 1730363518.9188974
DEBUG 2025-01-13 23:04:37,516 autoreload File C:\Users\SIM\AppData\Local\Programs\Python\Python311\Lib\email\generator.py first seen with mtime 1686106818.0
DEBUG 2025-01-13 23:04:37,516 autoreload File C:\Users\SIM\AppData\Roaming\Python\Python311\site-packages\django\http\response.py first seen with mtime 1730363519.396641
DEBUG 2025-01-13 23:04:37,516 autoreload File C:\Users\SIM\AppData\Roaming\Python\Python311\site-packages\django\db\backends\signals.py first seen with mtime 1730363519.0159185
DEBUG 2025-01-13 23:04:37,516 autoreload File C:\Users\SIM\AppData\Roaming\Python\Python311\site-packages\django\contrib\admin\exceptions.py first seen with mtime 1730363512.6959162
DEBUG 2025-01-13 23:04:37,516 autoreload File C:\Users\SIM\AppData\Roaming\Python\Python311\site-packages\sqlparse\filters\__init__.py first seen with mtime 1730363510.8522604
DEBUG 2025-01-13 23:04:37,516 autoreload File C:\Users\SIM\AppData\Local\Programs\Python\Python311\Lib\gzip.py first seen with mtime 1686106818.0
DEBUG 2025-01-13 23:04:37,516 autoreload File C:\Users\SIM\AppData\Roaming\Python\Python311\site-packages\django\contrib\contenttypes\apps.py first seen with mtime 1730363515.2296836
DEBUG 2025-01-13 23:04:37,516 autoreload File C:\Users\SIM\AppData\Roaming\Python\Python311\site-packages\django\core\cache\backends\__init__.py first seen with mtime 1730363518.8194945
DEBUG 2025-01-13 23:04:37,516 autoreload File C:\Users\SIM\AppData\Local\Programs\Python\Python311\Lib\shutil.py first seen with mtime 1686106818.0
DEBUG 2025-01-13 23:04:37,516 autoreload File C:\Users\SIM\Desktop\DJANGO\Proiect1\aplicatie_exemplu\admin.py first seen with mtime 1733241541.137926
DEBUG 2025-01-13 23:04:37,516 autoreload File C:\Users\SIM\AppData\Local\Programs\Python\Python311\Lib\ctypes\_endian.py first seen with mtime 1686106818.0
DEBUG 2025-01-13 23:04:37,516 autoreload File C:\Users\SIM\AppData\Roaming\Python\Python311\site-packages\django\utils\__init__.py first seen with mtime 1730363519.4856098
DEBUG 2025-01-13 23:04:37,516 autoreload File C:\Users\SIM\AppData\Local\Programs\Python\Python311\Lib\difflib.py first seen with mtime 1686106818.0
DEBUG 2025-01-13 23:04:37,516 autoreload File C:\Users\SIM\AppData\Roaming\Python\Python311\site-packages\django\core\files\images.py first seen with mtime 1730363518.8701553
DEBUG 2025-01-13 23:04:37,516 autoreload File C:\Users\SIM\AppData\Roaming\Python\Python311\site-packages\django\db\backends\postgresql\introspection.py first seen with mtime 1730363519.0858781
DEBUG 2025-01-13 23:04:37,516 autoreload File C:\Users\SIM\AppData\Local\Programs\Python\Python311\Lib\asyncio\runners.py first seen with mtime 1686106818.0
DEBUG 2025-01-13 23:04:37,516 autoreload File C:\Users\SIM\AppData\Roaming\Python\Python311\site-packages\django\core\signing.py first seen with mtime 1730363518.8134735
DEBUG 2025-01-13 23:04:37,516 autoreload File C:\Users\SIM\AppData\Local\Programs\Python\Python311\Lib\zoneinfo\__init__.py first seen with mtime 1686106818.0
DEBUG 2025-01-13 23:04:37,516 autoreload File C:\Users\SIM\AppData\Local\Programs\Python\Python311\Lib\socketserver.py first seen with mtime 1686106818.0
DEBUG 2025-01-13 23:04:37,516 autoreload File C:\Users\SIM\AppData\Roaming\Python\Python311\site-packages\django\template\__init__.py first seen with mtime 1730363519.412928
DEBUG 2025-01-13 23:04:37,516 autoreload File C:\Users\SIM\AppData\Roaming\Python\Python311\site-packages\django\contrib\auth\views.py first seen with mtime 1730363514.662934
DEBUG 2025-01-13 23:04:37,516 autoreload File C:\Users\SIM\AppData\Roaming\Python\Python311\site-packages\django\contrib\admin\templatetags\admin_list.py first seen with mtime 1730363513.9955804
DEBUG 2025-01-13 23:04:37,516 autoreload File C:\Users\SIM\AppData\Local\Programs\Python\Python311\Lib\logging\__init__.py first seen with mtime 1686106818.0
DEBUG 2025-01-13 23:04:37,516 autoreload File C:\Users\SIM\AppData\Roaming\Python\Python311\site-packages\django\utils\encoding.py first seen with mtime 1730363519.518824
DEBUG 2025-01-13 23:04:37,516 autoreload File C:\Users\SIM\AppData\Roaming\Python\Python311\site-packages\django\contrib\auth\models.py first seen with mtime 1730363514.6519113
DEBUG 2025-01-13 23:04:37,516 autoreload File C:\Users\SIM\AppData\Local\Programs\Python\Python311\Lib\struct.py first seen with mtime 1686106818.0
DEBUG 2025-01-13 23:04:37,516 autoreload File C:\Users\SIM\AppData\Local\Programs\Python\Python311\Lib\hashlib.py first seen with mtime 1686106818.0
DEBUG 2025-01-13 23:04:37,516 autoreload File C:\Users\SIM\AppData\Local\Programs\Python\Python311\Lib\tokenize.py first seen with mtime 1686106818.0
DEBUG 2025-01-13 23:04:37,516 autoreload File C:\Users\SIM\AppData\Roaming\Python\Python311\site-packages\django\middleware\__init__.py first seen with mtime 1730363519.396641
DEBUG 2025-01-13 23:04:37,516 autoreload File C:\Users\SIM\AppData\Local\Programs\Python\Python311\Lib\urllib\request.py first seen with mtime 1686106818.0
DEBUG 2025-01-13 23:04:37,516 autoreload File C:\Users\SIM\AppData\Roaming\Python\Python311\site-packages\django\contrib\messages\__init__.py first seen with mtime 1730363517.005663
DEBUG 2025-01-13 23:04:37,516 autoreload File C:\Users\SIM\AppData\Local\Programs\Python\Python311\Lib\traceback.py first seen with mtime 1686106818.0
DEBUG 2025-01-13 23:04:37,516 autoreload File C:\Users\SIM\AppData\Roaming\Python\Python311\site-packages\django\db\models\fields\files.py first seen with mtime 1730363519.1787376
DEBUG 2025-01-13 23:04:37,516 autoreload File C:\Users\SIM\AppData\Roaming\Python\Python311\site-packages\django\views\decorators\csrf.py first seen with mtime 1730363519.574051
DEBUG 2025-01-13 23:04:37,516 autoreload File C:\Users\SIM\AppData\Local\Programs\Python\Python311\Lib\asyncio\base_futures.py first seen with mtime 1686106818.0
DEBUG 2025-01-13 23:04:37,516 autoreload File C:\Users\SIM\AppData\Roaming\Python\Python311\site-packages\django\contrib\auth\middleware.py first seen with mtime 1730363514.6469238
DEBUG 2025-01-13 23:04:37,516 autoreload File C:\Users\SIM\AppData\Roaming\Python\Python311\site-packages\django\db\migrations\operations\__init__.py first seen with mtime 1730363519.1384592
DEBUG 2025-01-13 23:04:37,516 autoreload File C:\Users\SIM\AppData\Roaming\Python\Python311\site-packages\django\db\backends\base\creation.py first seen with mtime 1730363519.024365
DEBUG 2025-01-13 23:04:37,516 autoreload File C:\Users\SIM\AppData\Local\Programs\Python\Python311\Lib\fnmatch.py first seen with mtime 1686106818.0
DEBUG 2025-01-13 23:04:37,516 autoreload File C:\Users\SIM\AppData\Local\Programs\Python\Python311\Lib\wsgiref\handlers.py first seen with mtime 1686106818.0
DEBUG 2025-01-13 23:04:37,516 autoreload File C:\Users\SIM\AppData\Local\Programs\Python\Python311\Lib\asyncio\sslproto.py first seen with mtime 1686106818.0
DEBUG 2025-01-13 23:04:37,516 autoreload File C:\Users\SIM\AppData\Local\Programs\Python\Python311\Lib\collections\abc.py first seen with mtime 1686106818.0
DEBUG 2025-01-13 23:04:37,516 autoreload File C:\Users\SIM\AppData\Local\Programs\Python\Python311\Lib\keyword.py first seen with mtime 1686106818.0
DEBUG 2025-01-13 23:04:37,516 autoreload File C:\Users\SIM\AppData\Local\Programs\Python\Python311\Lib\datetime.py first seen with mtime 1686106818.0
DEBUG 2025-01-13 23:04:37,516 autoreload File C:\Users\SIM\AppData\Roaming\Python\Python311\site-packages\django\contrib\admin\views\main.py first seen with mtime 1730363514.0105746
DEBUG 2025-01-13 23:04:37,516 autoreload File C:\Users\SIM\AppData\Roaming\Python\Python311\site-packages\django\contrib\auth\admin.py first seen with mtime 1730363514.6305225
DEBUG 2025-01-13 23:04:37,516 autoreload File C:\Users\SIM\AppData\Roaming\Python\Python311\site-packages\django\utils\deconstruct.py first seen with mtime 1730363519.5096915
DEBUG 2025-01-13 23:04:37,516 autoreload File C:\Users\SIM\AppData\Roaming\Python\Python311\site-packages\sqlparse\sql.py first seen with mtime 1730363510.8419755
DEBUG 2025-01-13 23:04:37,516 autoreload File C:\Users\SIM\AppData\Local\Programs\Python\Python311\Lib\site-packages\psycopg2\errors.py first seen with mtime 1731581176.280461
DEBUG 2025-01-13 23:04:37,516 autoreload File C:\Users\SIM\AppData\Local\Programs\Python\Python311\Lib\pathlib.py first seen with mtime 1686106818.0
DEBUG 2025-01-13 23:04:37,516 autoreload File C:\Users\SIM\AppData\Roaming\Python\Python311\site-packages\django\contrib\messages\apps.py first seen with mtime 1730363517.005663
DEBUG 2025-01-13 23:04:37,516 autoreload File C:\Users\SIM\AppData\Roaming\Python\Python311\site-packages\django\db\models\functions\__init__.py first seen with mtime 1730363519.1947956
DEBUG 2025-01-13 23:04:37,516 autoreload File C:\Users\SIM\AppData\Local\Programs\Python\Python311\Lib\signal.py first seen with mtime 1686106818.0
DEBUG 2025-01-13 23:04:37,516 autoreload File C:\Users\SIM\AppData\Local\Programs\Python\Python311\Lib\asyncio\windows_events.py first seen with mtime 1686106818.0
DEBUG 2025-01-13 23:04:37,516 autoreload File C:\Users\SIM\AppData\Roaming\Python\Python311\site-packages\django\template\library.py first seen with mtime 1730363519.428758
DEBUG 2025-01-13 23:04:37,516 autoreload File C:\Users\SIM\AppData\Local\Programs\Python\Python311\Lib\hmac.py first seen with mtime 1686106818.0
DEBUG 2025-01-13 23:04:37,516 autoreload File C:\Users\SIM\AppData\Local\Programs\Python\Python311\Lib\email\mime\nonmultipart.py first seen with mtime 1686106818.0
DEBUG 2025-01-13 23:04:37,516 autoreload File C:\Users\SIM\AppData\Roaming\Python\Python311\site-packages\django\views\generic\__init__.py first seen with mtime 1730363519.5854342
DEBUG 2025-01-13 23:04:37,516 autoreload File C:\Users\SIM\AppData\Roaming\Python\Python311\site-packages\django\template\smartif.py first seen with mtime 1730363519.437286
DEBUG 2025-01-13 23:04:37,516 autoreload File C:\Users\SIM\AppData\Roaming\Python\Python311\site-packages\sqlparse\keywords.py first seen with mtime 1730363510.8374615
DEBUG 2025-01-13 23:04:37,516 autoreload File C:\Users\SIM\AppData\Local\Programs\Python\Python311\Lib\site-packages\colorama\winterm.py first seen with mtime 1686935914.822989
DEBUG 2025-01-13 23:04:37,516 autoreload File C:\Users\SIM\AppData\Roaming\Python\Python311\site-packages\django\templatetags\l10n.py first seen with mtime 1730363519.4613905
DEBUG 2025-01-13 23:04:37,516 autoreload File C:\Users\SIM\AppData\Local\Programs\Python\Python311\Lib\email\mime\text.py first seen with mtime 1686106818.0
DEBUG 2025-01-13 23:04:37,516 autoreload File C:\Users\SIM\AppData\Local\Programs\Python\Python311\Lib\_markupbase.py first seen with mtime 1686106818.0
DEBUG 2025-01-13 23:04:37,516 autoreload File C:\Users\SIM\AppData\Roaming\Python\Python311\site-packages\django\template\defaulttags.py first seen with mtime 1730363519.4187372
DEBUG 2025-01-13 23:04:37,516 autoreload File C:\Users\SIM\AppData\Roaming\Python\Python311\site-packages\django\core\files\storage\__init__.py first seen with mtime 1730363518.8861403
DEBUG 2025-01-13 23:04:37,516 autoreload File C:\Users\SIM\AppData\Local\Programs\Python\Python311\Lib\reprlib.py first seen with mtime 1686106818.0
DEBUG 2025-01-13 23:04:37,516 autoreload File C:\Users\SIM\AppData\Local\Programs\Python\Python311\Lib\html\__init__.py first seen with mtime 1686106818.0
DEBUG 2025-01-13 23:04:37,516 autoreload File C:\Users\SIM\AppData\Local\Programs\Python\Python311\Lib\encodings\cp1252.py first seen with mtime 1686106818.0
DEBUG 2025-01-13 23:04:37,516 autoreload File C:\Users\SIM\AppData\Roaming\Python\Python311\site-packages\django\db\models\utils.py first seen with mtime 1730363519.1707
DEBUG 2025-01-13 23:04:37,516 autoreload File C:\Users\SIM\AppData\Roaming\Python\Python311\site-packages\django\contrib\admin\helpers.py first seen with mtime 1730363512.7032437
DEBUG 2025-01-13 23:04:37,516 autoreload File C:\Users\SIM\AppData\Roaming\Python\Python311\site-packages\django\utils\lorem_ipsum.py first seen with mtime 1730363519.5421522
DEBUG 2025-01-13 23:04:37,516 autoreload File C:\Users\SIM\AppData\Roaming\Python\Python311\site-packages\django\template\loaders\app_directories.py first seen with mtime 1730363519.4523761
DEBUG 2025-01-13 23:04:37,516 autoreload File C:\Users\SIM\AppData\Local\Programs\Python\Python311\Lib\opcode.py first seen with mtime 1686106818.0
DEBUG 2025-01-13 23:04:37,516 autoreload File C:\Users\SIM\AppData\Local\Programs\Python\Python311\DLLs\_queue.pyd first seen with mtime 1686106894.0
DEBUG 2025-01-13 23:04:37,516 autoreload File C:\Users\SIM\AppData\Roaming\Python\Python311\site-packages\django\db\backends\base\client.py first seen with mtime 1730363519.018852
DEBUG 2025-01-13 23:04:37,516 autoreload File C:\Users\SIM\AppData\Roaming\Python\Python311\site-packages\django\core\checks\compatibility\django_4_0.py first seen with mtime 1730363518.8527594
DEBUG 2025-01-13 23:04:37,524 autoreload File C:\Users\SIM\AppData\Roaming\Python\Python311\site-packages\django\contrib\admin\__init__.py first seen with mtime 1730363512.6853182
DEBUG 2025-01-13 23:04:37,524 autoreload File C:\Users\SIM\AppData\Roaming\Python\Python311\site-packages\django\core\files\move.py first seen with mtime 1730363518.8701553
DEBUG 2025-01-13 23:04:37,524 autoreload File C:\Users\SIM\AppData\Roaming\Python\Python311\site-packages\django\template\backends\django.py first seen with mtime 1730363519.445303
DEBUG 2025-01-13 23:04:37,524 autoreload File C:\Users\SIM\AppData\Roaming\Python\Python311\site-packages\django\templatetags\__init__.py first seen with mtime 1730363519.4523761
DEBUG 2025-01-13 23:04:37,524 autoreload File C:\Users\SIM\AppData\Local\Programs\Python\Python311\Lib\argparse.py first seen with mtime 1686106818.0
DEBUG 2025-01-13 23:04:37,524 autoreload File C:\Users\SIM\AppData\Roaming\Python\Python311\site-packages\django\db\models\lookups.py first seen with mtime 1730363519.16236
DEBUG 2025-01-13 23:04:37,524 autoreload File C:\Users\SIM\AppData\Roaming\Python\Python311\site-packages\sqlparse\engine\filter_stack.py first seen with mtime 1730363510.8500051
DEBUG 2025-01-13 23:04:37,524 autoreload File C:\Users\SIM\AppData\Local\Programs\Python\Python311\Lib\asyncio\coroutines.py first seen with mtime 1686106818.0
DEBUG 2025-01-13 23:04:37,524 autoreload File C:\Users\SIM\AppData\Roaming\Python\Python311\site-packages\django\utils\choices.py first seen with mtime 1730363519.5025089
DEBUG 2025-01-13 23:04:37,524 autoreload File C:\Users\SIM\AppData\Roaming\Python\Python311\site-packages\django\contrib\sessions\base_session.py first seen with mtime 1730363517.753992
DEBUG 2025-01-13 23:04:37,524 autoreload File C:\Users\SIM\AppData\Roaming\Python\Python311\site-packages\sqlparse\filters\others.py first seen with mtime 1730363510.8522604
DEBUG 2025-01-13 23:04:37,524 autoreload File C:\Users\SIM\AppData\Roaming\Python\Python311\site-packages\django\contrib\auth\decorators.py first seen with mtime 1730363514.6418157
DEBUG 2025-01-13 23:04:37,524 autoreload File C:\Users\SIM\AppData\Roaming\Python\Python311\site-packages\django\contrib\staticfiles\management\commands\runserver.py first seen with mtime 1730363518.7970405
DEBUG 2025-01-13 23:04:37,524 autoreload File C:\Users\SIM\AppData\Local\Programs\Python\Python311\Lib\linecache.py first seen with mtime 1686106818.0
DEBUG 2025-01-13 23:04:37,524 autoreload File C:\Users\SIM\AppData\Roaming\Python\Python311\site-packages\django\utils\asyncio.py first seen with mtime 1730363519.5025089
DEBUG 2025-01-13 23:04:37,524 autoreload File C:\Users\SIM\AppData\Roaming\Python\Python311\site-packages\django\views\generic\detail.py first seen with mtime 1730363519.5854342
DEBUG 2025-01-13 23:04:37,524 autoreload File C:\Users\SIM\AppData\Local\Programs\Python\Python311\Lib\decimal.py first seen with mtime 1686106818.0
DEBUG 2025-01-13 23:04:37,524 autoreload File C:\Users\SIM\AppData\Roaming\Python\Python311\site-packages\django\db\models\base.py first seen with mtime 1730363519.1527572
DEBUG 2025-01-13 23:04:37,524 autoreload File C:\Users\SIM\AppData\Roaming\Python\Python311\site-packages\django\utils\hashable.py first seen with mtime 1730363519.518824
DEBUG 2025-01-13 23:04:37,524 autoreload File C:\Users\SIM\AppData\Local\Programs\Python\Python311\Lib\typing.py first seen with mtime 1686106818.0
DEBUG 2025-01-13 23:04:37,524 autoreload File C:\Users\SIM\AppData\Roaming\Python\Python311\site-packages\django\core\checks\compatibility\__init__.py first seen with mtime 1730363518.8527594
DEBUG 2025-01-13 23:04:37,524 autoreload File C:\Users\SIM\AppData\Roaming\Python\Python311\site-packages\django\apps\__init__.py first seen with mtime 1730363511.86104
DEBUG 2025-01-13 23:04:37,524 autoreload File C:\Users\SIM\AppData\Roaming\Python\Python311\site-packages\django\templatetags\i18n.py first seen with mtime 1730363519.4613905
DEBUG 2025-01-13 23:04:37,524 autoreload File C:\Users\SIM\AppData\Roaming\Python\Python311\site-packages\django\utils\crypto.py first seen with mtime 1730363519.5096915
DEBUG 2025-01-13 23:04:37,524 autoreload File C:\Users\SIM\AppData\Roaming\Python\Python311\site-packages\django\contrib\admin\views\autocomplete.py first seen with mtime 1730363514.00396
DEBUG 2025-01-13 23:04:37,524 autoreload File C:\Users\SIM\AppData\Roaming\Python\Python311\site-packages\django\forms\forms.py first seen with mtime 1730363519.236009
DEBUG 2025-01-13 23:04:37,524 autoreload File C:\Users\SIM\AppData\Roaming\Python\Python311\site-packages\django\contrib\admin\actions.py first seen with mtime 1730363512.6853182
DEBUG 2025-01-13 23:04:37,524 autoreload File C:\Users\SIM\AppData\Roaming\Python\Python311\site-packages\django\views\decorators\cache.py first seen with mtime 1730363519.574051
DEBUG 2025-01-13 23:04:37,524 autoreload File C:\Users\SIM\AppData\Roaming\Python\Python311\site-packages\django\db\models\constants.py first seen with mtime 1730363519.1527572
DEBUG 2025-01-13 23:04:37,524 autoreload File C:\Users\SIM\AppData\Local\Programs\Python\Python311\Lib\pprint.py first seen with mtime 1686106818.0
DEBUG 2025-01-13 23:04:37,524 autoreload File C:\Users\SIM\AppData\Local\Programs\Python\Python311\Lib\logging\config.py first seen with mtime 1686106818.0
DEBUG 2025-01-13 23:04:37,524 autoreload File C:\Users\SIM\AppData\Roaming\Python\Python311\site-packages\django\core\signals.py first seen with mtime 1730363518.8052104
DEBUG 2025-01-13 23:04:37,524 autoreload File C:\Users\SIM\AppData\Local\Programs\Python\Python311\Lib\site-packages\colorama\__init__.py first seen with mtime 1686935914.822989
DEBUG 2025-01-13 23:04:37,524 autoreload File C:\Users\SIM\AppData\Roaming\Python\Python311\site-packages\django\contrib\admin\apps.py first seen with mtime 1730363512.6853182
DEBUG 2025-01-13 23:04:37,524 autoreload File C:\Users\SIM\AppData\Roaming\Python\Python311\site-packages\django\contrib\sessions\backends\__init__.py first seen with mtime 1730363517.7698474
DEBUG 2025-01-13 23:04:37,524 autoreload File C:\Users\SIM\AppData\Local\Programs\Python\Python311\Lib\email\quoprimime.py first seen with mtime 1686106818.0
DEBUG 2025-01-13 23:04:37,524 autoreload File C:\Users\SIM\AppData\Roaming\Python\Python311\site-packages\django\db\models\expressions.py first seen with mtime 1730363519.16236
DEBUG 2025-01-13 23:04:37,524 autoreload File C:\Users\SIM\AppData\Roaming\Python\Python311\site-packages\django\core\wsgi.py first seen with mtime 1730363518.8134735
DEBUG 2025-01-13 23:04:37,524 autoreload File C:\Users\SIM\AppData\Roaming\Python\Python311\site-packages\django\contrib\sessions\__init__.py first seen with mtime 1730363517.753992
DEBUG 2025-01-13 23:04:37,524 autoreload File C:\Users\SIM\AppData\Roaming\Python\Python311\site-packages\django\db\migrations\migration.py first seen with mtime 1730363519.1217487
DEBUG 2025-01-13 23:04:37,524 autoreload File C:\Users\SIM\AppData\Roaming\Python\Python311\site-packages\django\db\models\functions\mixins.py first seen with mtime 1730363519.2030535
DEBUG 2025-01-13 23:04:37,524 autoreload File C:\Users\SIM\AppData\Roaming\Python\Python311\site-packages\django\db\backends\postgresql\base.py first seen with mtime 1730363519.073951
DEBUG 2025-01-13 23:04:37,524 autoreload File C:\Users\SIM\AppData\Roaming\Python\Python311\site-packages\sqlparse\tokens.py first seen with mtime 1730363510.8419755
DEBUG 2025-01-13 23:04:37,524 autoreload File C:\Users\SIM\AppData\Roaming\Python\Python311\site-packages\django\template\backends\__init__.py first seen with mtime 1730363519.437286
DEBUG 2025-01-13 23:04:37,524 autoreload File C:\Users\SIM\AppData\Roaming\Python\Python311\site-packages\sqlparse\cli.py first seen with mtime 1730363510.8336992
DEBUG 2025-01-13 23:04:37,524 autoreload File C:\Users\SIM\AppData\Roaming\Python\Python311\site-packages\sqlparse\formatter.py first seen with mtime 1730363510.8357532
DEBUG 2025-01-13 23:04:37,524 autoreload File C:\Users\SIM\AppData\Roaming\Python\Python311\site-packages\django\db\backends\postgresql\operations.py first seen with mtime 1730363519.0883665
DEBUG 2025-01-13 23:04:37,524 autoreload File C:\Users\SIM\AppData\Roaming\Python\Python311\site-packages\django\db\backends\base\features.py first seen with mtime 1730363519.02519
DEBUG 2025-01-13 23:04:37,524 autoreload File C:\Users\SIM\AppData\Roaming\Python\Python311\site-packages\django\urls\resolvers.py first seen with mtime 1730363519.4856098
DEBUG 2025-01-13 23:04:37,524 autoreload File C:\Users\SIM\AppData\Roaming\Python\Python311\site-packages\django\db\models\fields\related_descriptors.py first seen with mtime 1730363519.1857815
DEBUG 2025-01-13 23:04:37,524 autoreload File C:\Users\SIM\AppData\Roaming\Python\Python311\site-packages\django\forms\widgets.py first seen with mtime 1730363519.24311
DEBUG 2025-01-13 23:04:37,524 autoreload File C:\Users\SIM\AppData\Local\Programs\Python\Python311\Lib\site-packages\PIL\Image.py first seen with mtime 1713199321.8112986
DEBUG 2025-01-13 23:04:37,524 autoreload File C:\Users\SIM\AppData\Roaming\Python\Python311\site-packages\django\core\servers\__init__.py first seen with mtime 1730363519.000327
DEBUG 2025-01-13 23:04:37,524 autoreload File C:\Users\SIM\AppData\Roaming\Python\Python311\site-packages\django\urls\base.py first seen with mtime 1730363519.4856098
DEBUG 2025-01-13 23:04:37,524 autoreload File C:\Users\SIM\AppData\Roaming\Python\Python311\site-packages\django\http\__init__.py first seen with mtime 1730363519.3856273
DEBUG 2025-01-13 23:04:37,524 autoreload File C:\Users\SIM\AppData\Roaming\Python\Python311\site-packages\django\contrib\admin\templatetags\admin_modify.py first seen with mtime 1730363513.9955804
DEBUG 2025-01-13 23:04:37,524 autoreload File C:\Users\SIM\AppData\Roaming\Python\Python311\site-packages\django\forms\models.py first seen with mtime 1730363519.236009
DEBUG 2025-01-13 23:04:37,524 autoreload File C:\Users\SIM\AppData\Roaming\Python\Python311\site-packages\django\template\loaders\filesystem.py first seen with mtime 1730363519.4523761
DEBUG 2025-01-13 23:04:37,524 autoreload File C:\Users\SIM\AppData\Local\Programs\Python\Python311\Lib\urllib\response.py first seen with mtime 1686106818.0
DEBUG 2025-01-13 23:04:37,524 autoreload File C:\Users\SIM\AppData\Roaming\Python\Python311\site-packages\django\db\migrations\operations\special.py first seen with mtime 1730363519.146573
DEBUG 2025-01-13 23:04:37,524 autoreload File C:\Users\SIM\Desktop\DJANGO\Proiect1\Proiect1\urls.py first seen with mtime 1732800255.296215
DEBUG 2025-01-13 23:04:37,524 autoreload File C:\Users\SIM\AppData\Roaming\Python\Python311\site-packages\django\core\checks\model_checks.py first seen with mtime 1730363518.8494656
DEBUG 2025-01-13 23:04:37,524 autoreload File C:\Users\SIM\AppData\Roaming\Python\Python311\site-packages\django\contrib\sessions\apps.py first seen with mtime 1730363517.753992
DEBUG 2025-01-13 23:04:37,524 autoreload File C:\Users\SIM\AppData\Roaming\Python\Python311\site-packages\django\contrib\staticfiles\checks.py first seen with mtime 1730363518.7730794
DEBUG 2025-01-13 23:04:37,524 autoreload File C:\Users\SIM\AppData\Roaming\Python\Python311\site-packages\django\db\backends\base\introspection.py first seen with mtime 1730363519.02519
DEBUG 2025-01-13 23:04:37,524 autoreload File C:\Users\SIM\AppData\Local\Programs\Python\Python311\Lib\asyncio\exceptions.py first seen with mtime 1686106818.0
DEBUG 2025-01-13 23:04:37,524 autoreload File C:\Users\SIM\AppData\Roaming\Python\Python311\site-packages\django\core\files\utils.py first seen with mtime 1730363518.878176
DEBUG 2025-01-13 23:04:37,524 autoreload File C:\Users\SIM\AppData\Roaming\Python\Python311\site-packages\django\views\__init__.py first seen with mtime 1730363519.5659022
DEBUG 2025-01-13 23:04:37,524 autoreload File C:\Users\SIM\AppData\Local\Programs\Python\Python311\Lib\json\scanner.py first seen with mtime 1686106818.0
DEBUG 2025-01-13 23:04:37,524 autoreload File C:\Users\SIM\AppData\Local\Programs\Python\Python311\Lib\uuid.py first seen with mtime 1686106818.0
DEBUG 2025-01-13 23:04:37,524 autoreload File C:\Users\SIM\AppData\Local\Programs\Python\Python311\Lib\copy.py first seen with mtime 1686106818.0
DEBUG 2025-01-13 23:04:37,524 autoreload File C:\Users\SIM\AppData\Local\Programs\Python\Python311\DLLs\_uuid.pyd first seen with mtime 1686106894.0
DEBUG 2025-01-13 23:04:37,524 autoreload File C:\Users\SIM\AppData\Local\Programs\Python\Python311\Lib\asyncio\selector_events.py first seen with mtime 1686106818.0
DEBUG 2025-01-13 23:04:37,524 autoreload File C:\Users\SIM\AppData\Roaming\Python\Python311\site-packages\django\db\backends\base\validation.py first seen with mtime 1730363519.0328045
DEBUG 2025-01-13 23:04:37,524 autoreload File C:\Users\SIM\AppData\Roaming\Python\Python311\site-packages\django\core\files\temp.py first seen with mtime 1730363518.878176
DEBUG 2025-01-13 23:04:37,524 autoreload File C:\Users\SIM\AppData\Roaming\Python\Python311\site-packages\django\db\utils.py first seen with mtime 1730363519.008809
DEBUG 2025-01-13 23:04:37,524 autoreload File C:\Users\SIM\AppData\Local\Programs\Python\Python311\Lib\dis.py first seen with mtime 1686106818.0
DEBUG 2025-01-13 23:04:37,524 autoreload File C:\Users\SIM\AppData\Local\Programs\Python\Python311\Lib\asyncio\tasks.py first seen with mtime 1686106818.0
DEBUG 2025-01-13 23:04:37,532 autoreload File C:\Users\SIM\AppData\Roaming\Python\Python311\site-packages\django\db\models\fields\proxy.py first seen with mtime 1730363519.1857815
DEBUG 2025-01-13 23:04:37,532 autoreload File C:\Users\SIM\AppData\Roaming\Python\Python311\site-packages\django\db\models\functions\datetime.py first seen with mtime 1730363519.2030535
DEBUG 2025-01-13 23:04:37,532 autoreload File C:\Users\SIM\AppData\Roaming\Python\Python311\site-packages\django\core\checks\security\sessions.py first seen with mtime 1730363518.8617742
DEBUG 2025-01-13 23:04:37,532 autoreload File C:\Users\SIM\AppData\Local\Programs\Python\Python311\Lib\email\charset.py first seen with mtime 1686106818.0
DEBUG 2025-01-13 23:04:37,532 autoreload File C:\Users\SIM\AppData\Local\Programs\Python\Python311\Lib\zoneinfo\_common.py first seen with mtime 1686106818.0
DEBUG 2025-01-13 23:04:37,532 autoreload File C:\Users\SIM\AppData\Roaming\Python\Python311\site-packages\django\templatetags\static.py first seen with mtime 1730363519.4684384
DEBUG 2025-01-13 23:04:37,532 autoreload File C:\Users\SIM\AppData\Roaming\Python\Python311\site-packages\django\middleware\clickjacking.py first seen with mtime 1730363519.403794
DEBUG 2025-01-13 23:04:37,532 autoreload File C:\Users\SIM\AppData\Local\Programs\Python\Python311\Lib\ssl.py first seen with mtime 1686106818.0
DEBUG 2025-01-13 23:04:37,532 autoreload File C:\Users\SIM\AppData\Local\Programs\Python\Python311\Lib\json\encoder.py first seen with mtime 1686106818.0
DEBUG 2025-01-13 23:04:37,532 autoreload File C:\Users\SIM\AppData\Roaming\Python\Python311\site-packages\django\template\loaders\base.py first seen with mtime 1730363519.4523761
DEBUG 2025-01-13 23:04:37,532 autoreload File C:\Users\SIM\AppData\Local\Programs\Python\Python311\DLLs\_bz2.pyd first seen with mtime 1686106896.0
DEBUG 2025-01-13 23:04:37,532 autoreload File C:\Users\SIM\AppData\Roaming\Python\Python311\site-packages\django\utils\timesince.py first seen with mtime 1730363519.5514941
DEBUG 2025-01-13 23:04:37,532 autoreload File C:\Users\SIM\AppData\Roaming\Python\Python311\site-packages\sqlparse\filters\tokens.py first seen with mtime 1730363510.868614
DEBUG 2025-01-13 23:04:37,532 autoreload File C:\Users\SIM\AppData\Local\Programs\Python\Python311\Lib\email\headerregistry.py first seen with mtime 1686106818.0
DEBUG 2025-01-13 23:04:37,532 autoreload File C:\Users\SIM\AppData\Roaming\Python\Python311\site-packages\django\db\models\fields\generated.py first seen with mtime 1730363519.1787376
DEBUG 2025-01-13 23:04:37,532 autoreload File C:\Users\SIM\AppData\Roaming\Python\Python311\site-packages\django\db\models\functions\window.py first seen with mtime 1730363519.2030535
DEBUG 2025-01-13 23:04:37,532 autoreload File C:\Users\SIM\AppData\Roaming\Python\Python311\site-packages\django\core\checks\async_checks.py first seen with mtime 1730363518.8379147
DEBUG 2025-01-13 23:04:37,532 autoreload File C:\Users\SIM\AppData\Roaming\Python\Python311\site-packages\django\core\handlers\asgi.py first seen with mtime 1730363518.9017847
DEBUG 2025-01-13 23:04:37,532 autoreload File C:\Users\SIM\AppData\Local\Programs\Python\Python311\Lib\asyncio\futures.py first seen with mtime 1686106818.0
DEBUG 2025-01-13 23:04:37,532 autoreload File C:\Users\SIM\AppData\Roaming\Python\Python311\site-packages\django\views\decorators\common.py first seen with mtime 1730363519.574051
DEBUG 2025-01-13 23:04:37,532 autoreload File C:\Users\SIM\AppData\Local\Programs\Python\Python311\Lib\heapq.py first seen with mtime 1686106818.0
DEBUG 2025-01-13 23:04:37,532 autoreload File C:\Users\SIM\AppData\Roaming\Python\Python311\site-packages\django\shortcuts.py first seen with mtime 1730363511.8592458
DEBUG 2025-01-13 23:04:37,532 autoreload File C:\Users\SIM\AppData\Roaming\Python\Python311\site-packages\django\core\handlers\base.py first seen with mtime 1730363518.902088
DEBUG 2025-01-13 23:04:37,532 autoreload File C:\Users\SIM\AppData\Roaming\Python\Python311\site-packages\django\contrib\auth\management\__init__.py first seen with mtime 1730363515.1852982
DEBUG 2025-01-13 23:04:37,532 autoreload File C:\Users\SIM\AppData\Roaming\Python\Python311\site-packages\django\db\models\enums.py first seen with mtime 1730363519.1527572
DEBUG 2025-01-13 23:04:37,532 autoreload File C:\Users\SIM\AppData\Roaming\Python\Python311\site-packages\django\core\checks\caches.py first seen with mtime 1730363518.8379147
DEBUG 2025-01-13 23:04:37,532 autoreload File C:\Users\SIM\AppData\Roaming\Python\Python311\site-packages\django\core\files\__init__.py first seen with mtime 1730363518.8686414
DEBUG 2025-01-13 23:04:37,532 autoreload File C:\Users\SIM\AppData\Local\Programs\Python\Python311\Lib\site-packages\psycopg2\_psycopg.cp311-win_amd64.pyd first seen with mtime 1731581176.280461
DEBUG 2025-01-13 23:04:37,532 autoreload File C:\Users\SIM\AppData\Local\Programs\Python\Python311\Lib\asyncio\queues.py first seen with mtime 1686106818.0
DEBUG 2025-01-13 23:04:37,532 autoreload File C:\Users\SIM\AppData\Roaming\Python\Python311\site-packages\django\core\checks\security\csrf.py first seen with mtime 1730363518.8617742
DEBUG 2025-01-13 23:04:37,532 autoreload File C:\Users\SIM\AppData\Roaming\Python\Python311\site-packages\django\apps\config.py first seen with mtime 1730363511.862605
DEBUG 2025-01-13 23:04:37,532 autoreload File C:\Users\SIM\AppData\Roaming\Python\Python311\site-packages\django\contrib\sites\requests.py first seen with mtime 1730363518.352321
DEBUG 2025-01-13 23:04:37,532 autoreload File C:\Users\SIM\AppData\Local\Programs\Python\Python311\Lib\encodings\aliases.py first seen with mtime 1686106818.0
DEBUG 2025-01-13 23:04:37,532 autoreload File C:\Users\SIM\AppData\Local\Programs\Python\Python311\Lib\wsgiref\util.py first seen with mtime 1686106818.0
DEBUG 2025-01-13 23:04:37,532 autoreload File C:\Users\SIM\AppData\Roaming\Python\Python311\site-packages\django\core\checks\registry.py first seen with mtime 1730363518.8494656
DEBUG 2025-01-13 23:04:37,532 autoreload File C:\Users\SIM\AppData\Local\Programs\Python\Python311\Lib\email\iterators.py first seen with mtime 1686106818.0
DEBUG 2025-01-13 23:04:37,532 autoreload File C:\Users\SIM\AppData\Roaming\Python\Python311\site-packages\django\forms\utils.py first seen with mtime 1730363519.24311
DEBUG 2025-01-13 23:04:37,532 autoreload File C:\Users\SIM\AppData\Roaming\Python\Python311\site-packages\django\core\serializers\base.py first seen with mtime 1730363518.986077
DEBUG 2025-01-13 23:04:37,532 autoreload File C:\Users\SIM\AppData\Roaming\Python\Python311\site-packages\django\template\context.py first seen with mtime 1730363519.4187372
DEBUG 2025-01-13 23:04:37,532 autoreload File C:\Users\SIM\AppData\Roaming\Python\Python311\site-packages\django\contrib\staticfiles\handlers.py first seen with mtime 1730363518.7730794
DEBUG 2025-01-13 23:04:37,532 autoreload File C:\Users\SIM\AppData\Roaming\Python\Python311\site-packages\django\core\mail\utils.py first seen with mtime 1730363518.913383
DEBUG 2025-01-13 23:04:37,532 autoreload File C:\Users\SIM\AppData\Roaming\Python\Python311\site-packages\django\core\checks\security\base.py first seen with mtime 1730363518.8617742
DEBUG 2025-01-13 23:04:37,532 autoreload File C:\Users\SIM\AppData\Local\Programs\Python\Python311\Lib\site-packages\PIL\__init__.py first seen with mtime 1713199321.9253154
DEBUG 2025-01-13 23:04:37,532 autoreload File C:\Users\SIM\AppData\Local\Programs\Python\Python311\Lib\asyncio\transports.py first seen with mtime 1686106818.0
DEBUG 2025-01-13 23:04:37,532 autoreload File C:\Users\SIM\AppData\Roaming\Python\Python311\site-packages\django\utils\dates.py first seen with mtime 1730363519.5096915
DEBUG 2025-01-13 23:04:37,532 autoreload File C:\Users\SIM\AppData\Roaming\Python\Python311\site-packages\django\db\backends\utils.py first seen with mtime 1730363519.0159185
DEBUG 2025-01-13 23:04:37,532 autoreload File C:\Users\SIM\AppData\Local\Programs\Python\Python311\Lib\getpass.py first seen with mtime 1686106818.0
DEBUG 2025-01-13 23:04:37,532 autoreload File C:\Users\SIM\AppData\Roaming\Python\Python311\site-packages\django\core\files\uploadhandler.py first seen with mtime 1730363518.878176
DEBUG 2025-01-13 23:04:37,532 autoreload File C:\Users\SIM\AppData\Roaming\Python\Python311\site-packages\django\db\backends\ddl_references.py first seen with mtime 1730363519.008809
DEBUG 2025-01-13 23:04:37,532 autoreload File C:\Users\SIM\AppData\Local\Programs\Python\Python311\Lib\http\server.py first seen with mtime 1686106818.0
DEBUG 2025-01-13 23:04:37,532 autoreload File C:\Users\SIM\AppData\Roaming\Python\Python311\site-packages\django\contrib\sites\__init__.py first seen with mtime 1730363518.3381288
DEBUG 2025-01-13 23:04:37,532 autoreload File C:\Users\SIM\AppData\Roaming\Python\Python311\site-packages\django\urls\conf.py first seen with mtime 1730363519.4856098
DEBUG 2025-01-13 23:04:37,532 autoreload File C:\Users\SIM\AppData\Roaming\Python\Python311\site-packages\django\db\models\fields\related.py first seen with mtime 1730363519.1857815
DEBUG 2025-01-13 23:04:37,538 autoreload File C:\Users\SIM\AppData\Roaming\Python\Python311\site-packages\django\core\validators.py first seen with mtime 1730363518.8134735
DEBUG 2025-01-13 23:04:37,538 autoreload File C:\Users\SIM\AppData\Roaming\Python\Python311\site-packages\django\db\backends\postgresql\schema.py first seen with mtime 1730363519.0883665
DEBUG 2025-01-13 23:04:37,538 autoreload File C:\Users\SIM\AppData\Local\Programs\Python\Python311\Lib\functools.py first seen with mtime 1686106818.0
DEBUG 2025-01-13 23:04:37,538 autoreload File C:\Users\SIM\AppData\Local\Programs\Python\Python311\Lib\site-packages\psycopg2\extras.py first seen with mtime 1731581176.280461
DEBUG 2025-01-13 23:04:37,538 autoreload File C:\Users\SIM\AppData\Roaming\Python\Python311\site-packages\django\contrib\admin\filters.py first seen with mtime 1730363512.6959162
DEBUG 2025-01-13 23:04:37,538 autoreload File C:\Users\SIM\AppData\Local\Programs\Python\Python311\Lib\socket.py first seen with mtime 1686106818.0
DEBUG 2025-01-13 23:04:37,538 autoreload File C:\Users\SIM\AppData\Roaming\Python\Python311\site-packages\django\core\cache\backends\filebased.py first seen with mtime 1730363518.8295124
DEBUG 2025-01-13 23:04:37,538 autoreload File C:\Users\SIM\AppData\Roaming\Python\Python311\site-packages\django\utils\translation\reloader.py first seen with mtime 1730363519.5518892
DEBUG 2025-01-13 23:04:37,538 autoreload File C:\Users\SIM\AppData\Local\Programs\Python\Python311\Lib\asyncio\constants.py first seen with mtime 1686106818.0
DEBUG 2025-01-13 23:04:37,538 autoreload File C:\Users\SIM\AppData\Local\Programs\Python\Python311\Lib\re\_casefix.py first seen with mtime 1686106818.0
DEBUG 2025-01-13 23:04:37,538 autoreload File C:\Users\SIM\AppData\Roaming\Python\Python311\site-packages\django\db\models\sql\constants.py first seen with mtime 1730363519.2111301
DEBUG 2025-01-13 23:04:37,538 autoreload File C:\Users\SIM\AppData\Local\Programs\Python\Python311\Lib\importlib\__init__.py first seen with mtime 1686106818.0
DEBUG 2025-01-13 23:04:37,538 autoreload File C:\Users\SIM\AppData\Local\Programs\Python\Python311\Lib\email\policy.py first seen with mtime 1686106818.0
DEBUG 2025-01-13 23:04:37,538 autoreload File C:\Users\SIM\AppData\Roaming\Python\Python311\site-packages\django\views\static.py first seen with mtime 1730363519.5688384
DEBUG 2025-01-13 23:04:37,538 autoreload File C:\Users\SIM\AppData\Local\Programs\Python\Python311\Lib\tempfile.py first seen with mtime 1686106818.0
DEBUG 2025-01-13 23:04:37,538 autoreload File C:\Users\SIM\AppData\Roaming\Python\Python311\site-packages\django\db\backends\postgresql\psycopg_any.py first seen with mtime 1730363519.0883665
DEBUG 2025-01-13 23:04:37,538 autoreload File C:\Users\SIM\AppData\Roaming\Python\Python311\site-packages\django\contrib\staticfiles\views.py first seen with mtime 1730363518.7855203
DEBUG 2025-01-13 23:04:37,538 autoreload File C:\Users\SIM\AppData\Roaming\Python\Python311\site-packages\django\contrib\admin\options.py first seen with mtime 1730363512.7042537
DEBUG 2025-01-13 23:04:37,538 autoreload File C:\Users\SIM\Desktop\DJANGO\Proiect1\Proiect1\settings.py first seen with mtime 1736800779.3306959
DEBUG 2025-01-13 23:04:37,538 autoreload File C:\Users\SIM\AppData\Local\Programs\Python\Python311\Lib\bisect.py first seen with mtime 1686106818.0
DEBUG 2025-01-13 23:04:37,538 autoreload File C:\Users\SIM\AppData\Local\Programs\Python\Python311\Lib\concurrent\futures\__init__.py first seen with mtime 1686106818.0
DEBUG 2025-01-13 23:04:37,538 autoreload File C:\Users\SIM\AppData\Roaming\Python\Python311\site-packages\django\contrib\admin\views\__init__.py first seen with mtime 1730363514.00396
DEBUG 2025-01-13 23:04:37,538 autoreload File C:\Users\SIM\AppData\Roaming\Python\Python311\site-packages\django\core\mail\__init__.py first seen with mtime 1730363518.902088
DEBUG 2025-01-13 23:04:37,540 autoreload File C:\Users\SIM\Desktop\DJANGO\Proiect1\aplicatie\urls.py first seen with mtime 1731590821.3337376
DEBUG 2025-01-13 23:04:37,540 autoreload File C:\Users\SIM\AppData\Roaming\Python\Python311\site-packages\django\views\decorators\__init__.py first seen with mtime 1730363519.574051
DEBUG 2025-01-13 23:04:37,540 autoreload File C:\Users\SIM\AppData\Roaming\Python\Python311\site-packages\django\template\engine.py first seen with mtime 1730363519.428758
DEBUG 2025-01-13 23:04:37,540 autoreload File C:\Users\SIM\AppData\Roaming\Python\Python311\site-packages\django\contrib\contenttypes\forms.py first seen with mtime 1730363515.2378173
DEBUG 2025-01-13 23:04:37,540 autoreload File C:\Users\SIM\AppData\Roaming\Python\Python311\site-packages\django\forms\fields.py first seen with mtime 1730363519.236009
DEBUG 2025-01-13 23:04:37,540 autoreload File C:\Users\SIM\AppData\Roaming\Python\Python311\site-packages\django\core\management\commands\__init__.py first seen with mtime 1730363518.9353774
DEBUG 2025-01-13 23:04:37,540 autoreload File C:\Users\SIM\AppData\Roaming\Python\Python311\site-packages\django\contrib\contenttypes\management\__init__.py first seen with mtime 1730363515.649366
DEBUG 2025-01-13 23:04:37,540 autoreload File C:\Users\SIM\AppData\Roaming\Python\Python311\site-packages\django\forms\renderers.py first seen with mtime 1730363519.24311
DEBUG 2025-01-13 23:04:37,540 autoreload File C:\Users\SIM\AppData\Roaming\Python\Python311\site-packages\django\db\models\fields\mixins.py first seen with mtime 1730363519.1857815
DEBUG 2025-01-13 23:04:37,540 autoreload File C:\Users\SIM\AppData\Roaming\Python\Python311\site-packages\django\urls\exceptions.py first seen with mtime 1730363519.4856098
DEBUG 2025-01-13 23:04:37,540 autoreload File C:\Users\SIM\AppData\Local\Programs\Python\Python311\Lib\email\mime\multipart.py first seen with mtime 1686106818.0
DEBUG 2025-01-13 23:04:37,540 autoreload File C:\Users\SIM\AppData\Local\Programs\Python\Python311\Lib\enum.py first seen with mtime 1686106818.0
DEBUG 2025-01-13 23:04:37,540 autoreload File C:\Users\SIM\Desktop\DJANGO\Proiect1\aplicatie\views.py first seen with mtime 1731591248.9291372
DEBUG 2025-01-13 23:04:37,540 autoreload File C:\Users\SIM\AppData\Local\Programs\Python\Python311\Lib\importlib\_abc.py first seen with mtime 1686106818.0
DEBUG 2025-01-13 23:04:37,540 autoreload File C:\Users\SIM\AppData\Roaming\Python\Python311\site-packages\django\views\generic\dates.py first seen with mtime 1730363519.5854342
DEBUG 2025-01-13 23:04:37,540 autoreload File C:\Users\SIM\AppData\Local\Programs\Python\Python311\Lib\re\_constants.py first seen with mtime 1686106818.0
DEBUG 2025-01-13 23:04:37,540 autoreload File C:\Users\SIM\AppData\Local\Programs\Python\Python311\DLLs\_lzma.pyd first seen with mtime 1686106894.0
DEBUG 2025-01-13 23:04:37,540 autoreload File C:\Users\SIM\AppData\Roaming\Python\Python311\site-packages\sqlparse\lexer.py first seen with mtime 1730363510.8374615
DEBUG 2025-01-13 23:04:37,540 autoreload File C:\Users\SIM\AppData\Local\Programs\Python\Python311\Lib\asyncio\proactor_events.py first seen with mtime 1686106818.0
DEBUG 2025-01-13 23:04:37,540 autoreload File C:\Users\SIM\Desktop\DJANGO\Proiect1\aplicatie_exemplu\__init__.py first seen with mtime 1730907848.146318
DEBUG 2025-01-13 23:04:37,540 autoreload File C:\Users\SIM\AppData\Local\Programs\Python\Python311\Lib\dataclasses.py first seen with mtime 1686106818.0
DEBUG 2025-01-13 23:04:37,540 autoreload File C:\Users\SIM\AppData\Roaming\Python\Python311\site-packages\django\contrib\admin\templatetags\admin_urls.py first seen with mtime 1730363514.0001662
DEBUG 2025-01-13 23:04:37,540 autoreload File C:\Users\SIM\AppData\Roaming\Python\Python311\site-packages\django\db\backends\base\base.py first seen with mtime 1730363519.018852
DEBUG 2025-01-13 23:04:37,540 autoreload File C:\Users\SIM\AppData\Local\Programs\Python\Python311\Lib\email\contentmanager.py first seen with mtime 1686106818.0
DEBUG 2025-01-13 23:04:37,540 autoreload File C:\Users\SIM\AppData\Roaming\Python\Python311\site-packages\django\db\models\options.py first seen with mtime 1730363519.1691873
DEBUG 2025-01-13 23:04:37,540 autoreload File C:\Users\SIM\AppData\Roaming\Python\Python311\site-packages\django\contrib\auth\backends.py first seen with mtime 1730363514.6352322
DEBUG 2025-01-13 23:04:37,540 autoreload File C:\Users\SIM\AppData\Roaming\Python\Python311\site-packages\sqlparse\exceptions.py first seen with mtime 1730363510.8352342
DEBUG 2025-01-13 23:04:37,540 autoreload File C:\Users\SIM\AppData\Roaming\Python\Python311\site-packages\django\dispatch\dispatcher.py first seen with mtime 1730363519.2213213
DEBUG 2025-01-13 23:04:37,540 autoreload File C:\Users\SIM\AppData\Roaming\Python\Python311\site-packages\django\db\backends\base\operations.py first seen with mtime 1730363519.02519
DEBUG 2025-01-13 23:04:37,540 autoreload File C:\Users\SIM\AppData\Roaming\Python\Python311\site-packages\django\db\models\fields\json.py first seen with mtime 1730363519.1787376
DEBUG 2025-01-13 23:04:37,540 autoreload File C:\Users\SIM\AppData\Roaming\Python\Python311\site-packages\asgiref\__init__.py first seen with mtime 1730363511.5413363
DEBUG 2025-01-13 23:04:37,540 autoreload File C:\Users\SIM\AppData\Roaming\Python\Python311\site-packages\django\core\exceptions.py first seen with mtime 1730363518.8052104
DEBUG 2025-01-13 23:04:37,540 autoreload File C:\Users\SIM\AppData\Roaming\Python\Python311\site-packages\django\core\files\locks.py first seen with mtime 1730363518.8701553
DEBUG 2025-01-13 23:04:37,540 autoreload File C:\Users\SIM\AppData\Roaming\Python\Python311\site-packages\django\db\models\sql\datastructures.py first seen with mtime 1730363519.2187681
DEBUG 2025-01-13 23:04:37,540 autoreload File C:\Users\SIM\AppData\Roaming\Python\Python311\site-packages\django\template\defaultfilters.py first seen with mtime 1730363519.4187372
DEBUG 2025-01-13 23:04:37,540 autoreload File C:\Users\SIM\AppData\Roaming\Python\Python311\site-packages\sqlparse\engine\statement_splitter.py first seen with mtime 1730363510.8522604
DEBUG 2025-01-13 23:04:37,540 autoreload File C:\Users\SIM\AppData\Roaming\Python\Python311\site-packages\django\views\generic\edit.py first seen with mtime 1730363519.5854342
DEBUG 2025-01-13 23:04:37,540 autoreload File C:\Users\SIM\AppData\Roaming\Python\Python311\site-packages\django\contrib\auth\password_validation.py first seen with mtime 1730363514.6519113
DEBUG 2025-01-13 23:04:37,540 autoreload File C:\Users\SIM\AppData\Roaming\Python\Python311\site-packages\django\conf\locale\__init__.py first seen with mtime 1730363511.8850079
DEBUG 2025-01-13 23:04:37,540 autoreload File C:\Users\SIM\AppData\Roaming\Python\Python311\site-packages\django\contrib\auth\signals.py first seen with mtime 1730363514.6519113
DEBUG 2025-01-13 23:04:37,540 autoreload File C:\Users\SIM\AppData\Roaming\Python\Python311\site-packages\django\contrib\contenttypes\views.py first seen with mtime 1730363515.2428498
DEBUG 2025-01-13 23:04:37,540 autoreload File C:\Users\SIM\AppData\Local\Programs\Python\Python311\Lib\concurrent\futures\_base.py first seen with mtime 1686106818.0
DEBUG 2025-01-13 23:04:37,540 autoreload File C:\Users\SIM\AppData\Roaming\Python\Python311\site-packages\django\core\checks\urls.py first seen with mtime 1730363518.8527594
DEBUG 2025-01-13 23:04:37,540 autoreload File C:\Users\SIM\AppData\Local\Programs\Python\Python311\Lib\email\message.py first seen with mtime 1686106818.0
DEBUG 2025-01-13 23:04:37,540 autoreload File C:\Users\SIM\AppData\Roaming\Python\Python311\site-packages\django\contrib\contenttypes\models.py first seen with mtime 1730363515.2378173
DEBUG 2025-01-13 23:04:37,540 autoreload File C:\Users\SIM\AppData\Local\Programs\Python\Python311\Lib\_weakrefset.py first seen with mtime 1686106818.0
DEBUG 2025-01-13 23:04:37,540 autoreload File C:\Users\SIM\AppData\Local\Programs\Python\Python311\Lib\urllib\__init__.py first seen with mtime 1686106818.0
DEBUG 2025-01-13 23:04:37,540 autoreload File C:\Users\SIM\AppData\Local\Programs\Python\Python311\Lib\urllib\error.py first seen with mtime 1686106818.0
DEBUG 2025-01-13 23:04:37,540 autoreload File C:\Users\SIM\AppData\Roaming\Python\Python311\site-packages\django\utils\functional.py first seen with mtime 1730363519.518824
DEBUG 2025-01-13 23:04:37,540 autoreload File C:\Users\SIM\AppData\Local\Programs\Python\Python311\Lib\site-packages\colorama\ansitowin32.py first seen with mtime 1686935914.822989
DEBUG 2025-01-13 23:04:37,540 autoreload File C:\Users\SIM\AppData\Roaming\Python\Python311\site-packages\django\core\cache\utils.py first seen with mtime 1730363518.8194945
DEBUG 2025-01-13 23:04:37,540 autoreload File C:\Users\SIM\Desktop\DJANGO\Proiect1\aplicatie_exemplu\apps.py first seen with mtime 1730907848.1215076
DEBUG 2025-01-13 23:04:37,540 autoreload File C:\Users\SIM\AppData\Local\Programs\Python\Python311\Lib\operator.py first seen with mtime 1686106818.0
DEBUG 2025-01-13 23:04:37,540 autoreload File C:\Users\SIM\AppData\Roaming\Python\Python311\site-packages\django\contrib\admin\templatetags\log.py first seen with mtime 1730363514.00396
DEBUG 2025-01-13 23:04:37,540 autoreload File C:\Users\SIM\AppData\Roaming\Python\Python311\site-packages\django\contrib\auth\tokens.py first seen with mtime 1730363514.6519113
DEBUG 2025-01-13 23:04:37,540 autoreload File C:\Users\SIM\AppData\Roaming\Python\Python311\site-packages\django\db\models\aggregates.py first seen with mtime 1730363519.1506968
DEBUG 2025-01-13 23:04:37,540 autoreload File C:\Users\SIM\AppData\Roaming\Python\Python311\site-packages\django\contrib\staticfiles\utils.py first seen with mtime 1730363518.7855203
DEBUG 2025-01-13 23:04:37,540 autoreload File C:\Users\SIM\AppData\Local\Programs\Python\Python311\Lib\encodings\__init__.py first seen with mtime 1686106818.0
DEBUG 2025-01-13 23:04:37,540 autoreload File C:\Users\SIM\AppData\Local\Programs\Python\Python311\Lib\types.py first seen with mtime 1686106818.0
DEBUG 2025-01-13 23:04:37,540 autoreload File C:\Users\SIM\AppData\Roaming\Python\Python311\site-packages\django\urls\utils.py first seen with mtime 1730363519.4856098
DEBUG 2025-01-13 23:04:37,540 autoreload File C:\Users\SIM\AppData\Roaming\Python\Python311\site-packages\django\utils\text.py first seen with mtime 1730363519.5501654
DEBUG 2025-01-13 23:04:37,540 autoreload File C:\Users\SIM\AppData\Local\Programs\Python\Python311\Lib\asyncio\mixins.py first seen with mtime 1686106818.0
DEBUG 2025-01-13 23:04:37,540 autoreload File C:\Users\SIM\AppData\Local\Programs\Python\Python311\Lib\email\_parseaddr.py first seen with mtime 1686106818.0
DEBUG 2025-01-13 23:04:37,540 autoreload File C:\Users\SIM\AppData\Local\Programs\Python\Python311\DLLs\_hashlib.pyd first seen with mtime 1686106894.0
DEBUG 2025-01-13 23:04:37,540 autoreload File C:\Users\SIM\AppData\Local\Programs\Python\Python311\Lib\asyncio\streams.py first seen with mtime 1686106818.0
DEBUG 2025-01-13 23:04:37,540 autoreload File C:\Users\SIM\AppData\Roaming\Python\Python311\site-packages\django\db\models\__init__.py first seen with mtime 1730363519.146573
DEBUG 2025-01-13 23:04:37,540 autoreload File C:\Users\SIM\AppData\Roaming\Python\Python311\site-packages\django\db\models\fields\reverse_related.py first seen with mtime 1730363519.1947956
DEBUG 2025-01-13 23:04:37,540 autoreload File C:\Users\SIM\AppData\Roaming\Python\Python311\site-packages\django\contrib\auth\__init__.py first seen with mtime 1730363514.6305225
DEBUG 2025-01-13 23:04:37,540 autoreload File C:\Users\SIM\AppData\Roaming\Python\Python311\site-packages\django\db\models\sql\query.py first seen with mtime 1730363519.2213213
DEBUG 2025-01-13 23:04:37,540 autoreload File C:\Users\SIM\AppData\Roaming\Python\Python311\site-packages\django\utils\log.py first seen with mtime 1730363519.5351002
DEBUG 2025-01-13 23:04:37,540 autoreload File C:\Users\SIM\AppData\Roaming\Python\Python311\site-packages\asgiref\sync.py first seen with mtime 1730363511.5520134
DEBUG 2025-01-13 23:04:37,540 autoreload File C:\Users\SIM\AppData\Local\Programs\Python\Python311\Lib\gettext.py first seen with mtime 1686106818.0
DEBUG 2025-01-13 23:04:37,540 autoreload File C:\Users\SIM\AppData\Roaming\Python\Python311\site-packages\django\apps\registry.py first seen with mtime 1730363511.862605
DEBUG 2025-01-13 23:04:37,540 autoreload File C:\Users\SIM\AppData\Roaming\Python\Python311\site-packages\django\contrib\contenttypes\admin.py first seen with mtime 1730363515.2296836
DEBUG 2025-01-13 23:04:37,540 autoreload File C:\Users\SIM\AppData\Local\Programs\Python\Python311\Lib\re\_parser.py first seen with mtime 1686106818.0
DEBUG 2025-01-13 23:04:37,540 autoreload File C:\Users\SIM\AppData\Roaming\Python\Python311\site-packages\django\conf\__init__.py first seen with mtime 1730363511.862605
DEBUG 2025-01-13 23:04:37,540 autoreload File C:\Users\SIM\AppData\Roaming\Python\Python311\site-packages\sqlparse\utils.py first seen with mtime 1730363510.8419755
DEBUG 2025-01-13 23:04:37,540 autoreload File C:\Users\SIM\AppData\Local\Programs\Python\Python311\Lib\wsgiref\headers.py first seen with mtime 1686106818.0
DEBUG 2025-01-13 23:04:37,540 autoreload File C:\Users\SIM\AppData\Roaming\Python\Python311\site-packages\django\utils\formats.py first seen with mtime 1730363519.518824
DEBUG 2025-01-13 23:04:37,540 autoreload File C:\Users\SIM\AppData\Local\Programs\Python\Python311\Lib\platform.py first seen with mtime 1686106818.0
DEBUG 2025-01-13 23:04:37,540 autoreload File C:\Users\SIM\AppData\Roaming\Python\Python311\site-packages\django\forms\boundfield.py first seen with mtime 1730363519.2348356
DEBUG 2025-01-13 23:04:37,540 autoreload File C:\Users\SIM\AppData\Roaming\Python\Python311\site-packages\django\db\models\manager.py first seen with mtime 1730363519.16236
DEBUG 2025-01-13 23:04:37,540 autoreload File C:\Users\SIM\AppData\Local\Programs\Python\Python311\Lib\email\errors.py first seen with mtime 1686106818.0
DEBUG 2025-01-13 23:04:37,540 autoreload File C:\Users\SIM\AppData\Local\Programs\Python\Python311\Lib\threading.py first seen with mtime 1686106818.0
DEBUG 2025-01-13 23:04:37,540 autoreload File C:\Users\SIM\AppData\Roaming\Python\Python311\site-packages\django\core\checks\templates.py first seen with mtime 1730363518.8527594
DEBUG 2025-01-13 23:04:37,540 autoreload File C:\Users\SIM\Desktop\DJANGO\Proiect1\aplicatie_exemplu\templates\adaugare_pizza.html first seen with mtime 1733405406.4156568
DEBUG 2025-01-13 23:04:37,540 autoreload File C:\Users\SIM\Desktop\DJANGO\Proiect1\aplicatie_exemplu\templates\adauga_promotie.html first seen with mtime 1734456694.1470876
DEBUG 2025-01-13 23:04:37,540 autoreload File C:\Users\SIM\Desktop\DJANGO\Proiect1\aplicatie_exemplu\templates\articole.html first seen with mtime 1732145058.6291988
DEBUG 2025-01-13 23:04:37,548 autoreload File C:\Users\SIM\Desktop\DJANGO\Proiect1\aplicatie_exemplu\templates\confirmare_email.html first seen with mtime 1734452863.3257353
DEBUG 2025-01-13 23:04:37,548 autoreload File C:\Users\SIM\Desktop\DJANGO\Proiect1\aplicatie_exemplu\templates\contact.html first seen with mtime 1733402852.2961094
DEBUG 2025-01-13 23:04:37,548 autoreload File C:\Users\SIM\Desktop\DJANGO\Proiect1\aplicatie_exemplu\templates\detalii_pizza.html first seen with mtime 1734458480.7238045
DEBUG 2025-01-13 23:04:37,548 autoreload File C:\Users\SIM\Desktop\DJANGO\Proiect1\aplicatie_exemplu\templates\email_promotie_meniu_seara.txt first seen with mtime 1736791277.0101433
DEBUG 2025-01-13 23:04:37,548 autoreload File C:\Users\SIM\Desktop\DJANGO\Proiect1\aplicatie_exemplu\templates\email_promotie_meniu_zi.txt first seen with mtime 1736790103.468267
DEBUG 2025-01-13 23:04:37,548 autoreload File C:\Users\SIM\Desktop\DJANGO\Proiect1\aplicatie_exemplu\templates\email_template.html first seen with mtime 1734453007.0543363
DEBUG 2025-01-13 23:04:37,548 autoreload File C:\Users\SIM\Desktop\DJANGO\Proiect1\aplicatie_exemplu\templates\inregistrare.html first seen with mtime 1734015717.9268386
DEBUG 2025-01-13 23:04:37,548 autoreload File C:\Users\SIM\Desktop\DJANGO\Proiect1\aplicatie_exemplu\templates\lista_promotii.html first seen with mtime 1734456694.2244902
DEBUG 2025-01-13 23:04:37,548 autoreload File C:\Users\SIM\Desktop\DJANGO\Proiect1\aplicatie_exemplu\templates\login.html first seen with mtime 1733880649.4997177
DEBUG 2025-01-13 23:04:37,548 autoreload File C:\Users\SIM\Desktop\DJANGO\Proiect1\aplicatie_exemplu\templates\mesaj_trimis.html first seen with mtime 1733403385.7844315
DEBUG 2025-01-13 23:04:37,548 autoreload File C:\Users\SIM\Desktop\DJANGO\Proiect1\aplicatie_exemplu\templates\password_change.html first seen with mtime 1734016886.585492
DEBUG 2025-01-13 23:04:37,548 autoreload File C:\Users\SIM\Desktop\DJANGO\Proiect1\aplicatie_exemplu\templates\password_change_done.html first seen with mtime 1734017321.539737
DEBUG 2025-01-13 23:04:37,548 autoreload File C:\Users\SIM\Desktop\DJANGO\Proiect1\aplicatie_exemplu\templates\pizzas.html first seen with mtime 1734458567.7909873
DEBUG 2025-01-13 23:04:37,548 autoreload File C:\Users\SIM\Desktop\DJANGO\Proiect1\aplicatie_exemplu\templates\prajituri.html first seen with mtime 1733249306.3769193
DEBUG 2025-01-13 23:04:37,548 autoreload File C:\Users\SIM\Desktop\DJANGO\Proiect1\aplicatie_exemplu\templates\profile.html first seen with mtime 1734016886.5941782
DEBUG 2025-01-13 23:04:37,548 autoreload File C:\Users\SIM\Desktop\DJANGO\Proiect1\aplicatie\templates\operatii.html first seen with mtime 1731591295.788468
DEBUG 2025-01-13 23:04:38,712 autoreload File C:\Users\SIM\AppData\Roaming\Python\Python311\site-packages\django\contrib\auth\migrations\0012_alter_user_first_name_max_length.py first seen with mtime 1730363515.2186658
DEBUG 2025-01-13 23:04:38,712 autoreload File C:\Users\SIM\AppData\Roaming\Python\Python311\site-packages\django\db\migrations\executor.py first seen with mtime 1730363519.1192303
DEBUG 2025-01-13 23:04:38,712 autoreload File C:\Users\SIM\AppData\Roaming\Python\Python311\site-packages\django\contrib\admin\migrations\0003_logentry_add_action_flag_choices.py first seen with mtime 1730363513.652066
DEBUG 2025-01-13 23:04:38,712 autoreload File C:\Users\SIM\AppData\Roaming\Python\Python311\site-packages\django\contrib\auth\migrations\0011_update_proxy_permissions.py first seen with mtime 1730363515.2135768
DEBUG 2025-01-13 23:04:38,712 autoreload File C:\Users\SIM\AppData\Local\Programs\Python\Python311\Lib\site-packages\PIL\_typing.py first seen with mtime 1713199322.0304856
DEBUG 2025-01-13 23:04:38,712 autoreload File C:\Users\SIM\AppData\Roaming\Python\Python311\site-packages\django\contrib\admin\migrations\0001_initial.py first seen with mtime 1730363513.645662
DEBUG 2025-01-13 23:04:38,712 autoreload File C:\Users\SIM\AppData\Roaming\Python\Python311\site-packages\django\contrib\auth\migrations\0003_alter_user_email_max_length.py first seen with mtime 1730363515.2026243
DEBUG 2025-01-13 23:04:38,712 autoreload File C:\Users\SIM\AppData\Roaming\Python\Python311\site-packages\django\contrib\admin\migrations\0002_logentry_remove_auto_add.py first seen with mtime 1730363513.652066
DEBUG 2025-01-13 23:04:38,712 autoreload File C:\Users\SIM\AppData\Roaming\Python\Python311\site-packages\django\contrib\contenttypes\migrations\__init__.py first seen with mtime 1730363515.6521795
DEBUG 2025-01-13 23:04:38,712 autoreload File C:\Users\SIM\AppData\Roaming\Python\Python311\site-packages\django\contrib\auth\migrations\0007_alter_validators_add_error_messages.py first seen with mtime 1730363515.2055457
DEBUG 2025-01-13 23:04:38,712 autoreload File C:\Users\SIM\AppData\Roaming\Python\Python311\site-packages\django\db\migrations\recorder.py first seen with mtime 1730363519.1302652
DEBUG 2025-01-13 23:04:38,712 autoreload File C:\Users\SIM\Desktop\DJANGO\Proiect1\aplicatie_exemplu\migrations\0005_customuser_cod_customuser_email_confirmat.py first seen with mtime 1734452382.3271067
DEBUG 2025-01-13 23:04:38,712 autoreload File C:\Users\SIM\AppData\Roaming\Python\Python311\site-packages\django\core\cache\backends\locmem.py first seen with mtime 1730363518.8295124
DEBUG 2025-01-13 23:04:38,712 autoreload File C:\Users\SIM\AppData\Roaming\Python\Python311\site-packages\django\conf\urls\__init__.py first seen with mtime 1730363512.6716802
DEBUG 2025-01-13 23:04:38,712 autoreload File C:\Users\SIM\AppData\Roaming\Python\Python311\site-packages\django\contrib\auth\migrations\0001_initial.py first seen with mtime 1730363515.1973174
DEBUG 2025-01-13 23:04:38,712 autoreload File C:\Users\SIM\AppData\Roaming\Python\Python311\site-packages\django\db\migrations\loader.py first seen with mtime 1730363519.1217487
DEBUG 2025-01-13 23:04:38,720 autoreload File C:\Users\SIM\AppData\Roaming\Python\Python311\site-packages\django\contrib\sessions\migrations\0001_initial.py first seen with mtime 1730363518.3192728
DEBUG 2025-01-13 23:04:38,720 autoreload File C:\Users\SIM\AppData\Local\Programs\Python\Python311\Lib\site-packages\PIL\_util.py first seen with mtime 1713199322.0304856
DEBUG 2025-01-13 23:04:38,720 autoreload File C:\Users\SIM\AppData\Roaming\Python\Python311\site-packages\django\contrib\auth\migrations\0002_alter_permission_name_max_length.py first seen with mtime 1730363515.2019997
DEBUG 2025-01-13 23:04:38,720 autoreload File C:\Users\SIM\AppData\Roaming\Python\Python311\site-packages\django\contrib\auth\migrations\0008_alter_user_username_max_length.py first seen with mtime 1730363515.2055457
DEBUG 2025-01-13 23:04:38,720 autoreload File C:\Users\SIM\Desktop\DJANGO\Proiect1\aplicatie_exemplu\migrations\__init__.py first seen with mtime 1732801320.7642558
DEBUG 2025-01-13 23:04:38,720 autoreload File C:\Users\SIM\AppData\Roaming\Python\Python311\site-packages\django\db\migrations\graph.py first seen with mtime 1730363519.1217487
DEBUG 2025-01-13 23:04:38,720 autoreload File C:\Users\SIM\AppData\Local\Programs\Python\Python311\Lib\site-packages\PIL\_binary.py first seen with mtime 1713199321.9274669
DEBUG 2025-01-13 23:04:38,720 autoreload File C:\Users\SIM\AppData\Roaming\Python\Python311\site-packages\django\contrib\contenttypes\migrations\0001_initial.py first seen with mtime 1730363515.6521795
DEBUG 2025-01-13 23:04:38,720 autoreload File C:\Users\SIM\AppData\Roaming\Python\Python311\site-packages\django\contrib\contenttypes\migrations\0002_remove_content_type_name.py first seen with mtime 1730363515.6521795
DEBUG 2025-01-13 23:04:38,720 autoreload File C:\Users\SIM\AppData\Local\Programs\Python\Python311\Lib\stringprep.py first seen with mtime 1686106818.0
DEBUG 2025-01-13 23:04:38,720 autoreload File C:\Users\SIM\AppData\Roaming\Python\Python311\site-packages\django\views\defaults.py first seen with mtime 1730363519.5688384
DEBUG 2025-01-13 23:04:38,728 autoreload File C:\Users\SIM\Desktop\DJANGO\Proiect1\Proiect1\wsgi.py first seen with mtime 1730907575.288558
DEBUG 2025-01-13 23:04:38,728 autoreload File C:\Users\SIM\AppData\Roaming\Python\Python311\site-packages\django\contrib\auth\migrations\0006_require_contenttypes_0002.py first seen with mtime 1730363515.2055457
DEBUG 2025-01-13 23:04:38,728 autoreload File C:\Users\SIM\Desktop\DJANGO\Proiect1\aplicatie_exemplu\migrations\0001_initial.py first seen with mtime 1733881962.020991
DEBUG 2025-01-13 23:04:38,728 autoreload File C:\Users\SIM\AppData\Roaming\Python\Python311\site-packages\django\views\csrf.py first seen with mtime 1730363519.5659022
DEBUG 2025-01-13 23:04:38,728 autoreload File C:\Users\SIM\AppData\Roaming\Python\Python311\site-packages\django\contrib\auth\migrations\0005_alter_user_last_login_null.py first seen with mtime 1730363515.2055457
DEBUG 2025-01-13 23:04:38,728 autoreload File C:\Users\SIM\AppData\Roaming\Python\Python311\site-packages\django\contrib\sessions\backends\db.py first seen with mtime 1730363517.772861
DEBUG 2025-01-13 23:04:38,728 autoreload File C:\Users\SIM\AppData\Roaming\Python\Python311\site-packages\django\contrib\admin\migrations\__init__.py first seen with mtime 1730363513.652066
DEBUG 2025-01-13 23:04:38,728 autoreload File C:\Users\SIM\AppData\Roaming\Python\Python311\site-packages\django\contrib\auth\migrations\0010_alter_group_name_max_length.py first seen with mtime 1730363515.2135768
DEBUG 2025-01-13 23:04:38,728 autoreload File C:\Users\SIM\AppData\Local\Programs\Python\Python311\Lib\site-packages\PIL\ImageMode.py first seen with mtime 1713199321.8341837
DEBUG 2025-01-13 23:04:38,728 autoreload File C:\Users\SIM\AppData\Roaming\Python\Python311\site-packages\django\db\models\sql\compiler.py first seen with mtime 1730363519.2111301
DEBUG 2025-01-13 23:04:38,728 autoreload File C:\Users\SIM\AppData\Local\Programs\Python\Python311\Lib\site-packages\PIL\_imaging.cp311-win_amd64.pyd first seen with mtime 1713199321.964252
DEBUG 2025-01-13 23:04:38,728 autoreload File C:\Users\SIM\Desktop\DJANGO\Proiect1\aplicatie_exemplu\migrations\0004_customuser_adresa_customuser_data_nasterii_and_more.py first seen with mtime 1734016340.0623882
DEBUG 2025-01-13 23:04:38,736 autoreload File C:\Users\SIM\AppData\Roaming\Python\Python311\site-packages\django\contrib\auth\migrations\0009_alter_user_last_name_max_length.py first seen with mtime 1730363515.2135768
DEBUG 2025-01-13 23:04:38,736 autoreload File C:\Users\SIM\Desktop\DJANGO\Proiect1\aplicatie_exemplu\migrations\0003_remove_customuser_test_field.py first seen with mtime 1733883270.4782133
DEBUG 2025-01-13 23:04:38,736 autoreload File C:\Users\SIM\AppData\Roaming\Python\Python311\site-packages\django\contrib\auth\migrations\__init__.py first seen with mtime 1730363515.2186658
DEBUG 2025-01-13 23:04:38,736 autoreload File C:\Users\SIM\Desktop\DJANGO\Proiect1\aplicatie_exemplu\migrations\0002_customuser_test_field.py first seen with mtime 1733882372.8594377
DEBUG 2025-01-13 23:04:38,736 autoreload File C:\Users\SIM\AppData\Local\Programs\Python\Python311\Lib\site-packages\PIL\TiffTags.py first seen with mtime 1713199321.914797
DEBUG 2025-01-13 23:04:38,736 autoreload File C:\Users\SIM\AppData\Local\Programs\Python\Python311\Lib\encodings\idna.py first seen with mtime 1686106818.0
DEBUG 2025-01-13 23:04:38,736 autoreload File C:\Users\SIM\AppData\Roaming\Python\Python311\site-packages\django\contrib\auth\migrations\0004_alter_user_username_opts.py first seen with mtime 1730363515.2035208
DEBUG 2025-01-13 23:04:38,736 autoreload File C:\Users\SIM\Desktop\DJANGO\Proiect1\aplicatie_exemplu\migrations\0006_promotie_vizualizari.py first seen with mtime 1734456698.5619638
DEBUG 2025-01-13 23:04:38,739 autoreload File C:\Users\SIM\AppData\Roaming\Python\Python311\site-packages\django\contrib\sessions\migrations\__init__.py first seen with mtime 1730363518.3192728
INFO 2025-01-13 23:04:42,007 basehttp "GET /aplicatie_exemplu/pizza/2/ HTTP/1.1" 302 0
DEBUG 2025-01-13 23:04:42,015 base Exception while resolving variable 'name' in template 'unknown'.
Traceback (most recent call last):
  File "C:\Users\SIM\AppData\Roaming\Python\Python311\site-packages\django\core\handlers\exception.py", line 55, in inner
    response = get_response(request)
               ^^^^^^^^^^^^^^^^^^^^^
  File "C:\Users\SIM\AppData\Roaming\Python\Python311\site-packages\django\core\handlers\base.py", line 181, in _get_response
    callback, callback_args, callback_kwargs = self.resolve_request(request)
                                               ^^^^^^^^^^^^^^^^^^^^^^^^^^^^^
  File "C:\Users\SIM\AppData\Roaming\Python\Python311\site-packages\django\core\handlers\base.py", line 313, in resolve_request
    resolver_match = resolver.resolve(request.path_info)
                     ^^^^^^^^^^^^^^^^^^^^^^^^^^^^^^^^^^^
  File "C:\Users\SIM\AppData\Roaming\Python\Python311\site-packages\django\urls\resolvers.py", line 705, in resolve
    raise Resolver404({"tried": tried, "path": new_path})
django.urls.exceptions.Resolver404: {'tried': [[<URLResolver <URLPattern list> (admin:admin) 'admin/'>], [<URLResolver <module 'aplicatie_exemplu.urls' from 'C:\\Users\\SIM\\Desktop\\DJANGO\\Proiect1\\aplicatie_exemplu\\urls.py'> (None:None) 'aplicatie_exemplu/'>], [<URLResolver <module 'aplicatie.urls' from 'C:\\Users\\SIM\\Desktop\\DJANGO\\Proiect1\\aplicatie\\urls.py'> (None:None) 'aplicatie/'>]], 'path': 'accounts/login/'}

During handling of the above exception, another exception occurred:

Traceback (most recent call last):
  File "C:\Users\SIM\AppData\Roaming\Python\Python311\site-packages\django\template\base.py", line 883, in _resolve_lookup
    current = current[bit]
              ~~~~~~~^^^^^
TypeError: 'URLResolver' object is not subscriptable

During handling of the above exception, another exception occurred:

Traceback (most recent call last):
  File "C:\Users\SIM\AppData\Roaming\Python\Python311\site-packages\django\template\base.py", line 893, in _resolve_lookup
    current = getattr(current, bit)
              ^^^^^^^^^^^^^^^^^^^^^
AttributeError: 'URLResolver' object has no attribute 'name'

During handling of the above exception, another exception occurred:

Traceback (most recent call last):
  File "C:\Users\SIM\AppData\Roaming\Python\Python311\site-packages\django\template\base.py", line 899, in _resolve_lookup
    current = current[int(bit)]
                      ^^^^^^^^
ValueError: invalid literal for int() with base 10: 'name'

During handling of the above exception, another exception occurred:

Traceback (most recent call last):
  File "C:\Users\SIM\AppData\Roaming\Python\Python311\site-packages\django\template\base.py", line 906, in _resolve_lookup
    raise VariableDoesNotExist(
django.template.base.VariableDoesNotExist: Failed lookup for key [name] in <URLResolver <URLPattern list> (admin:admin) 'admin/'>
DEBUG 2025-01-13 23:04:42,024 base Exception while resolving variable 'name' in template 'unknown'.
Traceback (most recent call last):
  File "C:\Users\SIM\AppData\Roaming\Python\Python311\site-packages\django\core\handlers\exception.py", line 55, in inner
    response = get_response(request)
               ^^^^^^^^^^^^^^^^^^^^^
  File "C:\Users\SIM\AppData\Roaming\Python\Python311\site-packages\django\core\handlers\base.py", line 181, in _get_response
    callback, callback_args, callback_kwargs = self.resolve_request(request)
                                               ^^^^^^^^^^^^^^^^^^^^^^^^^^^^^
  File "C:\Users\SIM\AppData\Roaming\Python\Python311\site-packages\django\core\handlers\base.py", line 313, in resolve_request
    resolver_match = resolver.resolve(request.path_info)
                     ^^^^^^^^^^^^^^^^^^^^^^^^^^^^^^^^^^^
  File "C:\Users\SIM\AppData\Roaming\Python\Python311\site-packages\django\urls\resolvers.py", line 705, in resolve
    raise Resolver404({"tried": tried, "path": new_path})
django.urls.exceptions.Resolver404: {'tried': [[<URLResolver <URLPattern list> (admin:admin) 'admin/'>], [<URLResolver <module 'aplicatie_exemplu.urls' from 'C:\\Users\\SIM\\Desktop\\DJANGO\\Proiect1\\aplicatie_exemplu\\urls.py'> (None:None) 'aplicatie_exemplu/'>], [<URLResolver <module 'aplicatie.urls' from 'C:\\Users\\SIM\\Desktop\\DJANGO\\Proiect1\\aplicatie\\urls.py'> (None:None) 'aplicatie/'>]], 'path': 'accounts/login/'}

During handling of the above exception, another exception occurred:

Traceback (most recent call last):
  File "C:\Users\SIM\AppData\Roaming\Python\Python311\site-packages\django\template\base.py", line 883, in _resolve_lookup
    current = current[bit]
              ~~~~~~~^^^^^
TypeError: 'URLResolver' object is not subscriptable

During handling of the above exception, another exception occurred:

Traceback (most recent call last):
  File "C:\Users\SIM\AppData\Roaming\Python\Python311\site-packages\django\template\base.py", line 893, in _resolve_lookup
    current = getattr(current, bit)
              ^^^^^^^^^^^^^^^^^^^^^
AttributeError: 'URLResolver' object has no attribute 'name'

During handling of the above exception, another exception occurred:

Traceback (most recent call last):
  File "C:\Users\SIM\AppData\Roaming\Python\Python311\site-packages\django\template\base.py", line 899, in _resolve_lookup
    current = current[int(bit)]
                      ^^^^^^^^
ValueError: invalid literal for int() with base 10: 'name'

During handling of the above exception, another exception occurred:

Traceback (most recent call last):
  File "C:\Users\SIM\AppData\Roaming\Python\Python311\site-packages\django\template\base.py", line 906, in _resolve_lookup
    raise VariableDoesNotExist(
django.template.base.VariableDoesNotExist: Failed lookup for key [name] in <URLResolver <module 'aplicatie_exemplu.urls' from 'C:\\Users\\SIM\\Desktop\\DJANGO\\Proiect1\\aplicatie_exemplu\\urls.py'> (None:None) 'aplicatie_exemplu/'>
DEBUG 2025-01-13 23:04:42,024 base Exception while resolving variable 'name' in template 'unknown'.
Traceback (most recent call last):
  File "C:\Users\SIM\AppData\Roaming\Python\Python311\site-packages\django\core\handlers\exception.py", line 55, in inner
    response = get_response(request)
               ^^^^^^^^^^^^^^^^^^^^^
  File "C:\Users\SIM\AppData\Roaming\Python\Python311\site-packages\django\core\handlers\base.py", line 181, in _get_response
    callback, callback_args, callback_kwargs = self.resolve_request(request)
                                               ^^^^^^^^^^^^^^^^^^^^^^^^^^^^^
  File "C:\Users\SIM\AppData\Roaming\Python\Python311\site-packages\django\core\handlers\base.py", line 313, in resolve_request
    resolver_match = resolver.resolve(request.path_info)
                     ^^^^^^^^^^^^^^^^^^^^^^^^^^^^^^^^^^^
  File "C:\Users\SIM\AppData\Roaming\Python\Python311\site-packages\django\urls\resolvers.py", line 705, in resolve
    raise Resolver404({"tried": tried, "path": new_path})
django.urls.exceptions.Resolver404: {'tried': [[<URLResolver <URLPattern list> (admin:admin) 'admin/'>], [<URLResolver <module 'aplicatie_exemplu.urls' from 'C:\\Users\\SIM\\Desktop\\DJANGO\\Proiect1\\aplicatie_exemplu\\urls.py'> (None:None) 'aplicatie_exemplu/'>], [<URLResolver <module 'aplicatie.urls' from 'C:\\Users\\SIM\\Desktop\\DJANGO\\Proiect1\\aplicatie\\urls.py'> (None:None) 'aplicatie/'>]], 'path': 'accounts/login/'}

During handling of the above exception, another exception occurred:

Traceback (most recent call last):
  File "C:\Users\SIM\AppData\Roaming\Python\Python311\site-packages\django\template\base.py", line 883, in _resolve_lookup
    current = current[bit]
              ~~~~~~~^^^^^
TypeError: 'URLResolver' object is not subscriptable

During handling of the above exception, another exception occurred:

Traceback (most recent call last):
  File "C:\Users\SIM\AppData\Roaming\Python\Python311\site-packages\django\template\base.py", line 893, in _resolve_lookup
    current = getattr(current, bit)
              ^^^^^^^^^^^^^^^^^^^^^
AttributeError: 'URLResolver' object has no attribute 'name'

During handling of the above exception, another exception occurred:

Traceback (most recent call last):
  File "C:\Users\SIM\AppData\Roaming\Python\Python311\site-packages\django\template\base.py", line 899, in _resolve_lookup
    current = current[int(bit)]
                      ^^^^^^^^
ValueError: invalid literal for int() with base 10: 'name'

During handling of the above exception, another exception occurred:

Traceback (most recent call last):
  File "C:\Users\SIM\AppData\Roaming\Python\Python311\site-packages\django\template\base.py", line 906, in _resolve_lookup
    raise VariableDoesNotExist(
django.template.base.VariableDoesNotExist: Failed lookup for key [name] in <URLResolver <module 'aplicatie.urls' from 'C:\\Users\\SIM\\Desktop\\DJANGO\\Proiect1\\aplicatie\\urls.py'> (None:None) 'aplicatie/'>
WARNING 2025-01-13 23:04:42,024 log Not Found: /accounts/login/
WARNING 2025-01-13 23:04:42,024 basehttp "GET /accounts/login/?next=/aplicatie_exemplu/pizza/2/ HTTP/1.1" 404 2569
DEBUG 2025-01-13 23:04:42,929 autoreload File C:\Users\SIM\AppData\Roaming\Python\Python311\site-packages\django\contrib\sessions\serializers.py first seen with mtime 1730363517.7698474
DEBUG 2025-01-13 23:04:42,929 autoreload File C:\Users\SIM\AppData\Roaming\Python\Python311\site-packages\django\contrib\messages\storage\cookie.py first seen with mtime 1730363517.0199463
DEBUG 2025-01-13 23:04:42,929 autoreload File C:\Users\SIM\AppData\Roaming\Python\Python311\site-packages\django\contrib\messages\storage\session.py first seen with mtime 1730363517.021073
DEBUG 2025-01-13 23:04:42,929 autoreload File C:\Users\SIM\AppData\Roaming\Python\Python311\site-packages\django\contrib\messages\storage\fallback.py first seen with mtime 1730363517.021073
DEBUG 2025-01-13 23:04:48,007 views Se preiau toate pizzele din baza de date.
DEBUG 2025-01-13 23:04:48,099 utils (0.015) SELECT COUNT(*) AS "__count" FROM "aplicatie_exemplu_pizza"; args=(); alias=default
DEBUG 2025-01-13 23:04:48,138 utils (0.000) DECLARE "_django_curs_25992_sync_1" NO SCROLL CURSOR WITH HOLD FOR SELECT "aplicatie_exemplu_meniu"."id", "aplicatie_exemplu_meniu"."nume", "aplicatie_exemplu_meniu"."descriere", "aplicatie_exemplu_meniu"."data_creare" FROM "aplicatie_exemplu_meniu"; args=(); alias=default
DEBUG 2025-01-13 23:04:48,154 utils (0.000) SELECT "aplicatie_exemplu_pizza"."id", "aplicatie_exemplu_pizza"."nume", "aplicatie_exemplu_pizza"."descriere", "aplicatie_exemplu_pizza"."pret", "aplicatie_exemplu_pizza"."gramaj", "aplicatie_exemplu_pizza"."meniu_id", "aplicatie_exemplu_pizza"."ambalaj_id" FROM "aplicatie_exemplu_pizza" LIMIT 2 OFFSET 5; args=(); alias=default
INFO 2025-01-13 23:04:48,163 basehttp "GET /aplicatie_exemplu/lista_pizze/?page=2 HTTP/1.1" 200 2937
DEBUG 2025-01-13 23:04:49,560 autoreload File C:\Users\SIM\AppData\Roaming\Python\Python311\site-packages\django\contrib\auth\context_processors.py first seen with mtime 1730363514.6418157
DEBUG 2025-01-13 23:04:49,560 autoreload File C:\Users\SIM\AppData\Roaming\Python\Python311\site-packages\django\conf\locale\en\formats.py first seen with mtime 1730363512.0187137
DEBUG 2025-01-13 23:04:49,582 autoreload File C:\Users\SIM\AppData\Roaming\Python\Python311\site-packages\django\conf\locale\en\__init__.py first seen with mtime 1730363512.0187137
DEBUG 2025-01-13 23:04:49,582 autoreload File C:\Users\SIM\AppData\Roaming\Python\Python311\site-packages\django\template\context_processors.py first seen with mtime 1730363519.4187372
DEBUG 2025-01-13 23:04:49,582 autoreload File C:\Users\SIM\AppData\Roaming\Python\Python311\site-packages\django\contrib\messages\context_processors.py first seen with mtime 1730363517.011087
DEBUG 2025-01-13 23:04:51,231 views Se preiau toate pizzele din baza de date.
DEBUG 2025-01-13 23:04:51,312 utils (0.000) SELECT COUNT(*) AS "__count" FROM "aplicatie_exemplu_pizza"; args=(); alias=default
DEBUG 2025-01-13 23:04:51,322 utils (0.000) DECLARE "_django_curs_25992_sync_2" NO SCROLL CURSOR WITH HOLD FOR SELECT "aplicatie_exemplu_meniu"."id", "aplicatie_exemplu_meniu"."nume", "aplicatie_exemplu_meniu"."descriere", "aplicatie_exemplu_meniu"."data_creare" FROM "aplicatie_exemplu_meniu"; args=(); alias=default
DEBUG 2025-01-13 23:04:51,322 utils (0.000) SELECT "aplicatie_exemplu_pizza"."id", "aplicatie_exemplu_pizza"."nume", "aplicatie_exemplu_pizza"."descriere", "aplicatie_exemplu_pizza"."pret", "aplicatie_exemplu_pizza"."gramaj", "aplicatie_exemplu_pizza"."meniu_id", "aplicatie_exemplu_pizza"."ambalaj_id" FROM "aplicatie_exemplu_pizza" LIMIT 5; args=(); alias=default
INFO 2025-01-13 23:04:51,329 basehttp "GET /aplicatie_exemplu/lista_pizze/?page=1 HTTP/1.1" 200 4031
DEBUG 2025-01-13 23:04:54,788 views Se preiau toate pizzele din baza de date.
DEBUG 2025-01-13 23:04:54,873 utils (0.000) SELECT COUNT(*) AS "__count" FROM "aplicatie_exemplu_pizza"; args=(); alias=default
DEBUG 2025-01-13 23:04:54,889 utils (0.000) DECLARE "_django_curs_25992_sync_3" NO SCROLL CURSOR WITH HOLD FOR SELECT "aplicatie_exemplu_meniu"."id", "aplicatie_exemplu_meniu"."nume", "aplicatie_exemplu_meniu"."descriere", "aplicatie_exemplu_meniu"."data_creare" FROM "aplicatie_exemplu_meniu"; args=(); alias=default
DEBUG 2025-01-13 23:04:54,889 utils (0.000) SELECT "aplicatie_exemplu_pizza"."id", "aplicatie_exemplu_pizza"."nume", "aplicatie_exemplu_pizza"."descriere", "aplicatie_exemplu_pizza"."pret", "aplicatie_exemplu_pizza"."gramaj", "aplicatie_exemplu_pizza"."meniu_id", "aplicatie_exemplu_pizza"."ambalaj_id" FROM "aplicatie_exemplu_pizza" LIMIT 2 OFFSET 5; args=(); alias=default
INFO 2025-01-13 23:04:54,889 basehttp "GET /aplicatie_exemplu/lista_pizze/?page=2 HTTP/1.1" 200 2937
DEBUG 2025-01-13 23:04:56,970 views Se preiau toate pizzele din baza de date.
DEBUG 2025-01-13 23:04:57,043 utils (0.000) SELECT COUNT(*) AS "__count" FROM "aplicatie_exemplu_pizza"; args=(); alias=default
DEBUG 2025-01-13 23:04:57,051 utils (0.000) DECLARE "_django_curs_17632_sync_1" NO SCROLL CURSOR WITH HOLD FOR SELECT "aplicatie_exemplu_meniu"."id", "aplicatie_exemplu_meniu"."nume", "aplicatie_exemplu_meniu"."descriere", "aplicatie_exemplu_meniu"."data_creare" FROM "aplicatie_exemplu_meniu"; args=(); alias=default
DEBUG 2025-01-13 23:04:57,059 utils (0.000) SELECT "aplicatie_exemplu_pizza"."id", "aplicatie_exemplu_pizza"."nume", "aplicatie_exemplu_pizza"."descriere", "aplicatie_exemplu_pizza"."pret", "aplicatie_exemplu_pizza"."gramaj", "aplicatie_exemplu_pizza"."meniu_id", "aplicatie_exemplu_pizza"."ambalaj_id" FROM "aplicatie_exemplu_pizza" LIMIT 5; args=(); alias=default
INFO 2025-01-13 23:04:57,059 basehttp "GET /aplicatie_exemplu/lista_pizze/?page=1 HTTP/1.1" 200 4031
